# When using this simulator and/or imported datasets, please cite the final journal reference found at https://arxiv.org/abs/2310.08621 
# frequency (Hz)	phase noise (rad^2/Hz)
1.500e+01	1.002e-04
2.250e+01	6.227e-05
3.000e+01	2.200e-05
3.750e+01	1.567e-05
4.500e+01	1.139e-05
5.250e+01	1.693e-05
6.000e+01	1.564e-05
6.750e+01	7.306e-06
7.500e+01	9.510e-07
8.250e+01	1.073e-06
9.000e+01	1.806e-06
9.750e+01	4.359e-06
1.050e+02	2.154e-06
1.125e+02	2.520e-07
1.200e+02	1.308e-06
1.275e+02	3.846e-06
1.350e+02	1.152e-06
1.425e+02	4.049e-07
1.500e+02	8.179e-07
1.575e+02	1.715e-06
1.650e+02	8.492e-07
1.725e+02	1.096e-07
1.800e+02	4.411e-08
1.875e+02	8.000e-08
1.950e+02	1.958e-07
2.025e+02	1.498e-07
2.100e+02	5.557e-08
2.175e+02	2.757e-08
2.250e+02	4.792e-08
2.325e+02	3.246e-08
2.400e+02	1.453e-07
2.475e+02	1.905e-07
2.550e+02	7.543e-08
2.625e+02	4.149e-08
2.700e+02	7.748e-08
2.775e+02	5.044e-07
2.850e+02	8.444e-07
2.925e+02	3.760e-07
3.000e+02	4.341e-07
3.075e+02	1.602e-07
3.150e+02	1.117e-07
3.225e+02	1.000e-07
3.300e+02	7.452e-08
3.375e+02	4.386e-08
3.450e+02	3.915e-08
3.525e+02	1.530e-08
3.600e+02	3.356e-08
3.675e+02	2.951e-08
3.750e+02	2.459e-08
3.825e+02	1.850e-08
3.900e+02	3.873e-08
3.975e+02	7.025e-08
4.050e+02	6.600e-08
4.125e+02	8.146e-08
4.200e+02	2.670e-08
4.275e+02	2.609e-08
4.350e+02	7.199e-08
4.425e+02	2.756e-08
4.500e+02	1.994e-08
4.575e+02	2.708e-08
4.650e+02	1.028e-08
4.725e+02	8.293e-09
4.800e+02	1.668e-08
4.875e+02	2.500e-08
4.950e+02	1.599e-08
5.025e+02	1.443e-08
5.100e+02	2.592e-08
5.175e+02	2.114e-08
5.250e+02	3.315e-08
5.325e+02	1.133e-08
5.400e+02	1.752e-08
5.475e+02	1.670e-08
5.550e+02	1.813e-08
5.625e+02	2.605e-08
5.700e+02	1.608e-08
5.775e+02	2.812e-08
5.850e+02	2.440e-08
5.925e+02	1.691e-08
6.000e+02	2.501e-08
6.075e+02	2.208e-08
6.150e+02	3.228e-08
6.225e+02	2.434e-08
6.300e+02	1.094e-08
6.375e+02	1.212e-08
6.450e+02	3.475e-08
6.525e+02	5.862e-08
6.600e+02	1.371e-07
6.675e+02	2.962e-07
6.750e+02	7.188e-07
6.825e+02	5.792e-07
6.900e+02	6.627e-08
6.975e+02	4.661e-08
7.050e+02	3.630e-08
7.125e+02	3.886e-08
7.200e+02	1.627e-07
7.275e+02	2.314e-07
7.350e+02	9.956e-08
7.425e+02	6.569e-08
7.500e+02	8.399e-08
7.575e+02	1.269e-07
7.650e+02	8.401e-08
7.725e+02	4.261e-08
7.800e+02	4.387e-08
7.875e+02	9.410e-08
7.950e+02	3.800e-08
8.025e+02	4.612e-08
8.100e+02	4.953e-08
8.175e+02	6.633e-08
8.250e+02	7.757e-08
8.325e+02	6.605e-08
8.400e+02	2.138e-08
8.475e+02	2.506e-08
8.550e+02	1.375e-08
8.625e+02	1.355e-08
8.700e+02	2.565e-08
8.775e+02	3.701e-08
8.850e+02	3.495e-08
8.925e+02	2.543e-08
9.000e+02	1.214e-08
9.075e+02	1.722e-08
9.150e+02	2.230e-08
9.225e+02	1.483e-08
9.300e+02	1.252e-08
9.375e+02	1.633e-08
9.450e+02	9.998e-09
9.525e+02	1.365e-08
9.600e+02	2.709e-08
9.675e+02	1.863e-08
9.750e+02	1.557e-08
9.825e+02	1.722e-08
9.900e+02	1.158e-08
9.975e+02	1.230e-08
1.005e+03	8.625e-09
1.013e+03	1.119e-09
1.020e+03	1.015e-08
1.028e+03	1.703e-08
1.035e+03	4.471e-09
1.043e+03	6.577e-09
1.050e+03	7.983e-09
1.058e+03	8.297e-09
1.065e+03	7.591e-09
1.073e+03	5.825e-09
1.080e+03	1.422e-08
1.088e+03	1.195e-08
1.095e+03	1.091e-08
1.103e+03	1.150e-08
1.110e+03	4.944e-09
1.118e+03	6.881e-09
1.125e+03	9.379e-09
1.133e+03	1.508e-08
1.140e+03	2.644e-08
1.148e+03	2.045e-08
1.155e+03	1.336e-08
1.163e+03	2.154e-08
1.170e+03	2.712e-08
1.178e+03	8.728e-09
1.185e+03	1.153e-08
1.193e+03	3.953e-08
1.200e+03	4.105e-08
1.208e+03	3.347e-08
1.215e+03	3.608e-08
1.223e+03	1.821e-08
1.230e+03	2.650e-08
1.238e+03	2.850e-08
1.245e+03	1.149e-08
1.253e+03	3.335e-08
1.260e+03	3.753e-08
1.268e+03	1.373e-08
1.275e+03	1.121e-08
1.283e+03	2.070e-08
1.290e+03	1.709e-08
1.298e+03	1.424e-08
1.305e+03	2.171e-08
1.313e+03	2.403e-08
1.320e+03	2.797e-08
1.328e+03	1.580e-08
1.335e+03	1.550e-08
1.343e+03	5.968e-08
1.350e+03	9.509e-08
1.358e+03	2.515e-08
1.365e+03	1.089e-08
1.373e+03	2.170e-08
1.380e+03	2.141e-08
1.388e+03	1.108e-08
1.395e+03	2.869e-08
1.403e+03	1.897e-08
1.410e+03	3.929e-09
1.418e+03	1.083e-08
1.425e+03	1.697e-08
1.433e+03	4.541e-09
1.440e+03	5.263e-09
1.448e+03	4.885e-09
1.455e+03	2.221e-09
1.463e+03	3.334e-09
1.470e+03	5.898e-09
1.478e+03	3.305e-09
1.485e+03	5.174e-09
1.493e+03	7.622e-09
1.500e+03	6.304e-09
1.508e+03	4.954e-09
1.515e+03	6.790e-09
1.523e+03	8.906e-09
1.530e+03	1.024e-08
1.538e+03	9.046e-09
1.545e+03	5.069e-09
1.553e+03	8.837e-09
1.560e+03	9.281e-09
1.568e+03	4.960e-09
1.575e+03	7.100e-09
1.583e+03	8.567e-09
1.590e+03	1.838e-08
1.598e+03	1.243e-08
1.605e+03	6.394e-09
1.613e+03	1.117e-08
1.620e+03	1.055e-08
1.628e+03	5.233e-09
1.635e+03	8.253e-09
1.643e+03	5.475e-09
1.650e+03	1.032e-08
1.658e+03	9.572e-09
1.665e+03	3.649e-09
1.673e+03	2.034e-09
1.680e+03	3.119e-09
1.688e+03	5.960e-09
1.695e+03	8.593e-09
1.703e+03	9.021e-09
1.710e+03	8.365e-09
1.718e+03	7.474e-09
1.725e+03	5.702e-09
1.733e+03	3.097e-09
1.740e+03	6.138e-09
1.748e+03	6.603e-09
1.755e+03	9.216e-09
1.763e+03	1.536e-08
1.770e+03	8.501e-09
1.778e+03	7.065e-09
1.785e+03	6.237e-09
1.793e+03	4.903e-09
1.800e+03	8.219e-09
1.808e+03	7.187e-09
1.815e+03	9.926e-09
1.823e+03	1.138e-08
1.830e+03	7.202e-09
1.838e+03	5.714e-09
1.845e+03	7.804e-09
1.853e+03	5.908e-09
1.860e+03	4.110e-09
1.868e+03	3.912e-09
1.875e+03	5.702e-09
1.883e+03	7.602e-09
1.890e+03	3.955e-09
1.898e+03	7.662e-09
1.905e+03	9.316e-09
1.913e+03	4.651e-09
1.920e+03	9.017e-09
1.928e+03	1.032e-08
1.935e+03	4.298e-09
1.943e+03	6.732e-09
1.950e+03	8.209e-09
1.958e+03	6.311e-09
1.965e+03	6.888e-09
1.973e+03	1.044e-08
1.980e+03	3.826e-09
1.988e+03	1.796e-09
1.995e+03	5.945e-09
2.003e+03	1.054e-08
2.010e+03	1.759e-08
2.018e+03	1.688e-08
2.025e+03	1.183e-08
2.033e+03	5.562e-09
2.040e+03	4.666e-09
2.048e+03	4.854e-09
2.055e+03	2.807e-09
2.063e+03	6.381e-09
2.070e+03	7.094e-09
2.078e+03	1.881e-08
2.085e+03	1.512e-08
2.093e+03	4.096e-09
2.100e+03	4.618e-09
2.108e+03	8.531e-09
2.115e+03	6.829e-09
2.123e+03	7.843e-09
2.130e+03	4.242e-09
2.138e+03	3.914e-09
2.145e+03	5.019e-09
2.153e+03	3.745e-09
2.160e+03	5.182e-09
2.168e+03	5.233e-09
2.175e+03	2.734e-09
2.183e+03	2.614e-09
2.190e+03	3.676e-09
2.198e+03	4.219e-09
2.205e+03	4.685e-09
2.213e+03	2.668e-09
2.220e+03	4.831e-09
2.228e+03	4.602e-09
2.235e+03	9.122e-09
2.243e+03	5.683e-09
2.250e+03	7.123e-09
2.258e+03	1.343e-08
2.265e+03	7.083e-09
2.273e+03	5.252e-09
2.280e+03	3.281e-09
2.288e+03	6.004e-09
2.295e+03	5.905e-09
2.303e+03	7.162e-09
2.310e+03	6.341e-09
2.318e+03	3.179e-09
2.325e+03	6.619e-09
2.333e+03	1.218e-08
2.340e+03	1.242e-08
2.348e+03	3.304e-09
2.355e+03	5.267e-09
2.363e+03	2.330e-09
2.370e+03	6.073e-09
2.378e+03	1.233e-08
2.385e+03	1.392e-08
2.393e+03	8.128e-09
2.400e+03	2.394e-09
2.408e+03	1.485e-09
2.415e+03	2.219e-09
2.423e+03	3.021e-09
2.430e+03	4.245e-09
2.438e+03	5.595e-09
2.445e+03	3.783e-09
2.453e+03	9.081e-09
2.460e+03	8.728e-09
2.468e+03	1.091e-08
2.475e+03	1.058e-08
2.483e+03	1.333e-08
2.490e+03	1.281e-08
2.498e+03	9.120e-09
2.505e+03	7.140e-09
2.513e+03	3.599e-09
2.520e+03	1.737e-09
2.528e+03	3.166e-09
2.535e+03	7.063e-09
2.543e+03	7.726e-09
2.550e+03	1.062e-08
2.558e+03	3.060e-09
2.565e+03	2.949e-09
2.573e+03	5.194e-09
2.580e+03	1.867e-08
2.588e+03	1.588e-08
2.595e+03	1.069e-08
2.603e+03	1.017e-08
2.610e+03	1.953e-08
2.618e+03	1.355e-08
2.625e+03	1.072e-08
2.633e+03	1.233e-08
2.640e+03	7.442e-09
2.648e+03	4.211e-09
2.655e+03	2.274e-08
2.663e+03	2.931e-08
2.670e+03	7.890e-09
2.678e+03	7.982e-09
2.685e+03	1.012e-08
2.693e+03	8.103e-09
2.700e+03	4.422e-09
2.708e+03	9.257e-09
2.715e+03	1.159e-08
2.723e+03	1.026e-08
2.730e+03	5.684e-09
2.738e+03	5.522e-09
2.745e+03	8.311e-09
2.753e+03	6.390e-09
2.760e+03	5.641e-09
2.768e+03	5.013e-09
2.775e+03	3.594e-09
2.783e+03	9.341e-09
2.790e+03	6.528e-09
2.798e+03	4.021e-09
2.805e+03	3.476e-09
2.813e+03	4.716e-09
2.820e+03	5.794e-09
2.828e+03	6.802e-09
2.835e+03	1.161e-08
2.843e+03	8.911e-09
2.850e+03	3.358e-09
2.858e+03	2.650e-09
2.865e+03	7.368e-09
2.873e+03	9.045e-09
2.880e+03	7.864e-09
2.888e+03	2.621e-09
2.895e+03	5.795e-09
2.903e+03	5.839e-09
2.910e+03	1.096e-08
2.918e+03	1.093e-08
2.925e+03	7.435e-09
2.933e+03	5.119e-09
2.940e+03	6.600e-09
2.948e+03	9.883e-09
2.955e+03	5.778e-09
2.963e+03	5.949e-09
2.970e+03	5.848e-09
2.978e+03	3.313e-09
2.985e+03	5.482e-09
2.993e+03	4.724e-09
3.000e+03	4.797e-09
3.008e+03	1.003e-08
3.015e+03	9.868e-09
3.023e+03	5.381e-09
3.030e+03	4.817e-09
3.038e+03	6.714e-09
3.045e+03	8.417e-09
3.053e+03	7.826e-09
3.060e+03	7.148e-09
3.068e+03	3.298e-09
3.075e+03	2.452e-09
3.083e+03	5.336e-09
3.090e+03	1.519e-08
3.098e+03	1.194e-08
3.105e+03	5.112e-09
3.113e+03	7.645e-09
3.120e+03	6.480e-09
3.128e+03	5.171e-09
3.135e+03	2.274e-09
3.143e+03	4.577e-09
3.150e+03	2.684e-09
3.158e+03	7.549e-09
3.165e+03	9.605e-09
3.173e+03	1.040e-08
3.180e+03	8.861e-09
3.188e+03	7.411e-09
3.195e+03	6.897e-09
3.203e+03	5.163e-09
3.210e+03	4.888e-09
3.218e+03	7.141e-09
3.225e+03	2.207e-09
3.233e+03	5.004e-09
3.240e+03	7.082e-09
3.248e+03	1.033e-08
3.255e+03	1.462e-08
3.263e+03	6.526e-09
3.270e+03	8.679e-09
3.278e+03	8.237e-09
3.285e+03	5.305e-09
3.293e+03	6.433e-09
3.300e+03	5.905e-09
3.308e+03	2.418e-09
3.315e+03	2.353e-09
3.323e+03	5.450e-09
3.330e+03	9.594e-09
3.338e+03	7.436e-09
3.345e+03	7.542e-09
3.353e+03	6.331e-09
3.360e+03	5.570e-09
3.368e+03	8.410e-09
3.375e+03	8.137e-09
3.383e+03	7.847e-09
3.390e+03	6.199e-09
3.398e+03	5.274e-09
3.405e+03	8.845e-09
3.413e+03	3.513e-09
3.420e+03	4.406e-09
3.428e+03	3.478e-09
3.435e+03	5.543e-09
3.443e+03	3.952e-09
3.450e+03	1.698e-09
3.458e+03	5.775e-09
3.465e+03	3.605e-09
3.473e+03	3.330e-09
3.480e+03	7.331e-09
3.488e+03	6.245e-09
3.495e+03	4.059e-09
3.503e+03	4.615e-09
3.510e+03	6.810e-09
3.518e+03	6.147e-09
3.525e+03	3.140e-09
3.533e+03	7.943e-09
3.540e+03	6.441e-09
3.548e+03	3.322e-09
3.555e+03	2.064e-09
3.563e+03	3.962e-09
3.570e+03	8.442e-09
3.578e+03	7.545e-09
3.585e+03	9.691e-09
3.593e+03	6.609e-09
3.600e+03	5.500e-09
3.608e+03	8.702e-09
3.615e+03	1.219e-08
3.623e+03	4.933e-09
3.630e+03	5.627e-09
3.638e+03	4.540e-09
3.645e+03	6.836e-09
3.653e+03	2.786e-09
3.660e+03	3.330e-09
3.668e+03	1.023e-08
3.675e+03	7.512e-09
3.683e+03	4.468e-09
3.690e+03	5.675e-09
3.698e+03	6.023e-09
3.705e+03	4.459e-09
3.713e+03	2.159e-09
3.720e+03	3.042e-09
3.728e+03	8.659e-09
3.735e+03	1.094e-08
3.743e+03	6.674e-09
3.750e+03	3.316e-09
3.758e+03	3.084e-09
3.765e+03	3.354e-09
3.773e+03	4.225e-09
3.780e+03	5.006e-09
3.788e+03	7.133e-09
3.795e+03	8.949e-09
3.803e+03	6.066e-09
3.810e+03	7.250e-09
3.818e+03	3.925e-09
3.825e+03	6.441e-09
3.833e+03	8.317e-09
3.840e+03	4.290e-09
3.848e+03	5.255e-09
3.855e+03	9.113e-09
3.863e+03	7.564e-09
3.870e+03	3.884e-09
3.878e+03	4.967e-09
3.885e+03	6.246e-09
3.893e+03	4.933e-09
3.900e+03	1.097e-08
3.908e+03	1.191e-08
3.915e+03	5.661e-09
3.923e+03	3.450e-09
3.930e+03	4.649e-09
3.938e+03	5.556e-09
3.945e+03	1.200e-08
3.953e+03	8.911e-09
3.960e+03	9.252e-09
3.968e+03	7.276e-09
3.975e+03	1.024e-08
3.983e+03	7.578e-09
3.990e+03	9.203e-09
3.998e+03	1.600e-08
4.005e+03	1.601e-08
4.013e+03	1.003e-08
4.020e+03	7.084e-09
4.028e+03	6.175e-09
4.035e+03	6.760e-09
4.043e+03	5.905e-09
4.050e+03	5.626e-09
4.058e+03	7.938e-09
4.065e+03	4.215e-09
4.073e+03	6.925e-09
4.080e+03	7.572e-09
4.088e+03	1.088e-08
4.095e+03	1.370e-08
4.103e+03	5.290e-09
4.110e+03	5.618e-09
4.118e+03	2.131e-09
4.125e+03	1.848e-09
4.133e+03	5.147e-09
4.140e+03	1.091e-08
4.148e+03	1.070e-08
4.155e+03	5.233e-09
4.163e+03	6.203e-09
4.170e+03	1.352e-08
4.178e+03	1.022e-08
4.185e+03	1.081e-08
4.193e+03	9.993e-09
4.200e+03	1.316e-08
4.208e+03	1.195e-08
4.215e+03	4.332e-09
4.223e+03	4.226e-09
4.230e+03	8.645e-09
4.238e+03	8.148e-09
4.245e+03	5.487e-09
4.253e+03	4.406e-09
4.260e+03	6.982e-09
4.268e+03	1.158e-08
4.275e+03	8.711e-09
4.283e+03	8.798e-09
4.290e+03	1.121e-08
4.298e+03	1.354e-08
4.305e+03	8.640e-09
4.313e+03	4.283e-09
4.320e+03	1.274e-08
4.328e+03	1.997e-08
4.335e+03	1.350e-08
4.343e+03	2.469e-08
4.350e+03	1.246e-08
4.358e+03	5.532e-09
4.365e+03	7.492e-09
4.373e+03	1.225e-08
4.380e+03	8.838e-09
4.388e+03	1.592e-08
4.395e+03	7.615e-09
4.403e+03	6.336e-09
4.410e+03	1.314e-08
4.418e+03	1.356e-08
4.425e+03	7.499e-09
4.433e+03	7.038e-09
4.440e+03	1.586e-08
4.448e+03	4.641e-09
4.455e+03	1.608e-08
4.463e+03	8.417e-09
4.470e+03	7.612e-09
4.478e+03	1.052e-08
4.485e+03	6.375e-09
4.493e+03	4.152e-09
4.500e+03	6.022e-09
4.508e+03	8.494e-09
4.515e+03	5.769e-09
4.523e+03	1.185e-08
4.530e+03	1.219e-08
4.538e+03	2.084e-08
4.545e+03	5.255e-09
4.553e+03	5.976e-09
4.560e+03	6.487e-09
4.568e+03	6.460e-09
4.575e+03	1.130e-08
4.583e+03	8.552e-09
4.590e+03	4.818e-09
4.598e+03	6.665e-09
4.605e+03	1.045e-08
4.613e+03	4.993e-09
4.620e+03	1.258e-08
4.628e+03	1.515e-08
4.635e+03	8.771e-09
4.643e+03	9.405e-09
4.650e+03	7.441e-09
4.658e+03	5.900e-09
4.665e+03	3.294e-09
4.673e+03	4.449e-09
4.680e+03	4.331e-09
4.688e+03	3.066e-09
4.695e+03	5.779e-09
4.703e+03	6.705e-09
4.710e+03	7.934e-09
4.718e+03	5.575e-09
4.725e+03	7.929e-09
4.733e+03	6.676e-09
4.740e+03	3.691e-09
4.748e+03	6.104e-09
4.755e+03	3.165e-09
4.763e+03	9.116e-09
4.770e+03	1.041e-08
4.778e+03	5.837e-09
4.785e+03	1.100e-08
4.793e+03	8.198e-09
4.800e+03	9.595e-09
4.808e+03	1.520e-08
4.815e+03	1.833e-08
4.823e+03	1.011e-08
4.830e+03	2.637e-09
4.838e+03	3.223e-09
4.845e+03	6.558e-09
4.853e+03	5.617e-09
4.860e+03	4.495e-09
4.868e+03	6.606e-09
4.875e+03	5.017e-09
4.883e+03	9.579e-09
4.890e+03	1.041e-08
4.898e+03	6.263e-09
4.905e+03	7.697e-09
4.913e+03	1.253e-08
4.920e+03	6.862e-09
4.928e+03	4.360e-09
4.935e+03	2.126e-09
4.943e+03	1.094e-08
4.950e+03	8.891e-09
4.958e+03	6.300e-09
4.965e+03	4.595e-09
4.973e+03	7.624e-09
4.980e+03	9.127e-09
4.988e+03	4.698e-09
4.995e+03	4.409e-09
5.003e+03	3.615e-09
5.010e+03	3.890e-09
5.018e+03	2.702e-09
5.025e+03	3.140e-09
5.033e+03	5.308e-09
5.040e+03	1.032e-08
5.048e+03	6.340e-09
5.055e+03	1.337e-08
5.063e+03	8.427e-09
5.070e+03	1.030e-08
5.078e+03	1.268e-08
5.085e+03	7.666e-09
5.093e+03	1.122e-08
5.100e+03	7.122e-09
5.108e+03	4.980e-09
5.115e+03	4.316e-09
5.123e+03	5.662e-09
5.130e+03	8.522e-09
5.138e+03	1.384e-08
5.145e+03	1.003e-08
5.153e+03	1.420e-08
5.160e+03	4.526e-09
5.168e+03	4.954e-09
5.175e+03	3.995e-09
5.183e+03	8.627e-09
5.190e+03	1.235e-08
5.198e+03	1.200e-08
5.205e+03	5.481e-09
5.213e+03	3.344e-09
5.220e+03	2.597e-09
5.228e+03	4.593e-09
5.235e+03	3.780e-09
5.243e+03	4.793e-09
5.250e+03	8.115e-09
5.258e+03	7.732e-09
5.265e+03	6.800e-09
5.273e+03	4.765e-09
5.280e+03	1.081e-08
5.288e+03	1.982e-08
5.295e+03	2.191e-08
5.303e+03	1.332e-08
5.310e+03	1.196e-08
5.318e+03	1.625e-08
5.325e+03	7.290e-09
5.333e+03	1.356e-08
5.340e+03	1.467e-08
5.348e+03	7.313e-09
5.355e+03	5.130e-09
5.363e+03	7.505e-09
5.370e+03	8.233e-09
5.378e+03	6.646e-09
5.385e+03	6.779e-09
5.393e+03	9.606e-09
5.400e+03	6.873e-09
5.408e+03	6.078e-09
5.415e+03	4.966e-09
5.423e+03	4.489e-09
5.430e+03	7.074e-09
5.438e+03	3.128e-09
5.445e+03	5.419e-09
5.453e+03	4.570e-09
5.460e+03	3.565e-09
5.468e+03	6.492e-09
5.475e+03	7.652e-09
5.483e+03	8.625e-09
5.490e+03	4.133e-09
5.498e+03	6.101e-09
5.505e+03	8.654e-09
5.513e+03	3.581e-09
5.520e+03	3.984e-09
5.528e+03	3.579e-09
5.535e+03	2.079e-09
5.543e+03	2.403e-09
5.550e+03	1.907e-09
5.558e+03	8.940e-09
5.565e+03	1.425e-08
5.573e+03	1.224e-08
5.580e+03	1.787e-08
5.588e+03	1.023e-08
5.595e+03	7.962e-09
5.603e+03	8.662e-09
5.610e+03	9.071e-09
5.618e+03	1.004e-08
5.625e+03	1.147e-08
5.633e+03	5.499e-09
5.640e+03	1.164e-08
5.648e+03	1.242e-08
5.655e+03	8.511e-09
5.663e+03	1.437e-08
5.670e+03	1.023e-08
5.678e+03	4.567e-09
5.685e+03	1.024e-08
5.693e+03	9.695e-09
5.700e+03	6.994e-09
5.708e+03	1.002e-08
5.715e+03	8.270e-09
5.723e+03	1.380e-08
5.730e+03	1.127e-08
5.738e+03	1.244e-08
5.745e+03	8.174e-09
5.753e+03	7.836e-09
5.760e+03	1.576e-08
5.768e+03	8.858e-09
5.775e+03	1.331e-08
5.783e+03	3.386e-09
5.790e+03	6.751e-09
5.798e+03	7.481e-09
5.805e+03	8.908e-09
5.813e+03	1.441e-08
5.820e+03	1.537e-08
5.828e+03	8.882e-09
5.835e+03	1.198e-08
5.843e+03	3.890e-09
5.850e+03	6.625e-09
5.858e+03	9.756e-09
5.865e+03	5.375e-09
5.873e+03	4.445e-09
5.880e+03	4.709e-09
5.888e+03	4.711e-09
5.895e+03	6.617e-09
5.903e+03	6.775e-09
5.910e+03	1.213e-08
5.918e+03	7.673e-09
5.925e+03	4.703e-09
5.933e+03	5.294e-09
5.940e+03	1.600e-08
5.948e+03	1.232e-08
5.955e+03	5.132e-09
5.963e+03	6.475e-09
5.970e+03	7.572e-09
5.978e+03	8.707e-09
5.985e+03	9.989e-09
5.993e+03	8.982e-09
6.000e+03	8.005e-09
6.008e+03	6.903e-09
6.015e+03	6.454e-09
6.023e+03	7.943e-09
6.030e+03	1.200e-08
6.038e+03	1.177e-08
6.045e+03	9.412e-09
6.053e+03	4.584e-09
6.060e+03	6.594e-09
6.068e+03	9.553e-09
6.075e+03	3.896e-09
6.083e+03	8.412e-09
6.090e+03	7.872e-09
6.098e+03	6.807e-09
6.105e+03	5.816e-09
6.113e+03	1.160e-08
6.120e+03	1.422e-08
6.128e+03	1.294e-08
6.135e+03	1.384e-08
6.143e+03	1.386e-08
6.150e+03	7.607e-09
6.158e+03	5.287e-09
6.165e+03	5.154e-09
6.173e+03	7.758e-09
6.180e+03	6.215e-09
6.188e+03	7.841e-09
6.195e+03	6.171e-09
6.203e+03	1.430e-08
6.210e+03	1.634e-08
6.218e+03	1.865e-08
6.225e+03	1.079e-08
6.233e+03	8.654e-09
6.240e+03	8.340e-09
6.248e+03	9.574e-09
6.255e+03	1.464e-08
6.263e+03	1.464e-08
6.270e+03	9.734e-09
6.278e+03	5.121e-09
6.285e+03	6.132e-09
6.293e+03	9.833e-09
6.300e+03	1.611e-08
6.308e+03	1.282e-08
6.315e+03	9.146e-09
6.323e+03	7.651e-09
6.330e+03	9.071e-09
6.338e+03	1.003e-08
6.345e+03	1.343e-08
6.353e+03	1.528e-08
6.360e+03	8.953e-09
6.368e+03	1.027e-08
6.375e+03	5.327e-09
6.383e+03	8.105e-09
6.390e+03	9.839e-09
6.398e+03	8.600e-09
6.405e+03	1.224e-08
6.413e+03	1.248e-08
6.420e+03	1.969e-08
6.428e+03	1.507e-08
6.435e+03	1.042e-08
6.443e+03	7.304e-09
6.450e+03	1.477e-08
6.458e+03	1.206e-08
6.465e+03	6.774e-09
6.473e+03	7.426e-09
6.480e+03	6.857e-09
6.488e+03	5.977e-09
6.495e+03	5.004e-09
6.503e+03	3.726e-09
6.510e+03	1.602e-08
6.518e+03	2.123e-08
6.525e+03	1.756e-08
6.533e+03	1.162e-08
6.540e+03	7.981e-09
6.548e+03	9.308e-09
6.555e+03	9.355e-09
6.563e+03	9.655e-09
6.570e+03	1.253e-08
6.578e+03	1.586e-08
6.585e+03	1.167e-08
6.593e+03	5.422e-09
6.600e+03	4.254e-09
6.608e+03	4.381e-09
6.615e+03	1.063e-08
6.623e+03	1.040e-08
6.630e+03	1.201e-08
6.638e+03	7.080e-09
6.645e+03	5.536e-09
6.653e+03	4.188e-09
6.660e+03	6.689e-09
6.668e+03	5.537e-09
6.675e+03	6.233e-09
6.683e+03	5.268e-09
6.690e+03	8.339e-09
6.698e+03	1.074e-08
6.705e+03	9.428e-09
6.713e+03	1.155e-08
6.720e+03	1.901e-08
6.728e+03	8.461e-09
6.735e+03	4.010e-09
6.743e+03	6.040e-09
6.750e+03	5.313e-09
6.758e+03	5.487e-09
6.765e+03	8.129e-09
6.773e+03	1.248e-08
6.780e+03	1.335e-08
6.788e+03	9.811e-09
6.795e+03	1.169e-08
6.803e+03	1.360e-08
6.810e+03	2.677e-08
6.818e+03	1.367e-08
6.825e+03	4.976e-09
6.833e+03	1.170e-08
6.840e+03	9.322e-09
6.848e+03	9.227e-09
6.855e+03	4.978e-09
6.863e+03	8.324e-09
6.870e+03	1.450e-08
6.878e+03	6.611e-09
6.885e+03	8.342e-09
6.893e+03	5.503e-09
6.900e+03	6.213e-09
6.908e+03	1.089e-08
6.915e+03	8.620e-09
6.923e+03	4.268e-09
6.930e+03	8.822e-09
6.938e+03	1.006e-08
6.945e+03	1.323e-08
6.953e+03	1.592e-08
6.960e+03	4.871e-09
6.968e+03	1.046e-08
6.975e+03	1.621e-08
6.983e+03	8.800e-09
6.990e+03	7.273e-09
6.998e+03	8.897e-09
7.005e+03	1.007e-08
7.013e+03	1.549e-08
7.020e+03	8.546e-09
7.028e+03	4.256e-09
7.035e+03	7.218e-09
7.043e+03	1.658e-08
7.050e+03	1.157e-08
7.058e+03	2.039e-08
7.065e+03	7.643e-09
7.073e+03	8.064e-09
7.080e+03	1.083e-08
7.088e+03	6.723e-09
7.095e+03	5.411e-09
7.103e+03	8.254e-09
7.110e+03	1.019e-08
7.118e+03	1.389e-08
7.125e+03	1.064e-08
7.133e+03	5.911e-09
7.140e+03	1.125e-08
7.148e+03	4.386e-09
7.155e+03	5.961e-09
7.163e+03	5.867e-09
7.170e+03	5.026e-09
7.178e+03	9.926e-09
7.185e+03	1.203e-08
7.193e+03	1.004e-08
7.200e+03	1.195e-08
7.208e+03	7.485e-09
7.215e+03	7.759e-09
7.223e+03	1.756e-08
7.230e+03	1.584e-08
7.238e+03	1.007e-08
7.245e+03	7.171e-09
7.253e+03	1.048e-08
7.260e+03	1.168e-08
7.268e+03	1.864e-08
7.275e+03	2.147e-08
7.283e+03	6.448e-09
7.290e+03	2.098e-09
7.298e+03	7.383e-09
7.305e+03	1.150e-08
7.313e+03	4.957e-09
7.320e+03	6.599e-09
7.328e+03	8.649e-09
7.335e+03	2.293e-08
7.343e+03	2.286e-08
7.350e+03	9.844e-09
7.358e+03	7.653e-09
7.365e+03	1.179e-08
7.373e+03	9.771e-09
7.380e+03	1.311e-08
7.388e+03	1.765e-08
7.395e+03	7.360e-09
7.403e+03	6.714e-09
7.410e+03	5.334e-09
7.418e+03	6.800e-09
7.425e+03	6.140e-09
7.433e+03	1.067e-08
7.440e+03	1.526e-08
7.448e+03	8.340e-09
7.455e+03	4.519e-09
7.463e+03	7.732e-09
7.470e+03	7.694e-09
7.478e+03	3.687e-09
7.485e+03	1.199e-08
7.493e+03	1.374e-08
7.500e+03	5.214e-09
7.508e+03	1.222e-08
7.515e+03	1.234e-08
7.523e+03	6.366e-09
7.530e+03	9.861e-09
7.538e+03	1.031e-08
7.545e+03	9.525e-09
7.553e+03	1.908e-08
7.560e+03	1.318e-08
7.568e+03	1.073e-08
7.575e+03	1.125e-08
7.583e+03	1.284e-08
7.590e+03	1.107e-08
7.598e+03	1.100e-08
7.605e+03	1.282e-08
7.613e+03	1.560e-08
7.620e+03	1.251e-08
7.628e+03	1.027e-08
7.635e+03	1.155e-08
7.643e+03	1.622e-08
7.650e+03	1.654e-08
7.658e+03	9.727e-09
7.665e+03	1.062e-08
7.673e+03	1.206e-08
7.680e+03	1.260e-08
7.688e+03	1.072e-08
7.695e+03	5.601e-09
7.703e+03	6.007e-09
7.710e+03	5.228e-09
7.718e+03	2.943e-09
7.725e+03	7.557e-09
7.733e+03	8.987e-09
7.740e+03	5.129e-09
7.748e+03	4.001e-09
7.755e+03	7.323e-09
7.763e+03	4.314e-09
7.770e+03	4.323e-09
7.778e+03	7.101e-09
7.785e+03	9.398e-09
7.793e+03	9.859e-09
7.800e+03	5.808e-09
7.808e+03	8.789e-09
7.815e+03	1.421e-08
7.823e+03	5.425e-09
7.830e+03	1.707e-08
7.838e+03	1.958e-08
7.845e+03	1.224e-08
7.853e+03	1.457e-08
7.860e+03	1.085e-08
7.868e+03	9.108e-09
7.875e+03	6.730e-09
7.883e+03	7.491e-09
7.890e+03	1.224e-08
7.898e+03	7.097e-09
7.905e+03	1.560e-08
7.913e+03	1.304e-08
7.920e+03	1.030e-08
7.928e+03	1.135e-08
7.935e+03	9.623e-09
7.943e+03	7.652e-09
7.950e+03	1.441e-08
7.958e+03	1.019e-08
7.965e+03	1.470e-08
7.973e+03	1.219e-08
7.980e+03	7.650e-09
7.988e+03	1.192e-08
7.995e+03	6.927e-09
8.003e+03	1.229e-08
8.010e+03	1.426e-08
8.018e+03	8.473e-09
8.025e+03	5.885e-09
8.033e+03	1.059e-08
8.040e+03	1.258e-08
8.048e+03	2.044e-08
8.055e+03	5.478e-09
8.063e+03	9.310e-09
8.070e+03	4.963e-09
8.078e+03	8.355e-09
8.085e+03	1.301e-08
8.093e+03	8.778e-09
8.100e+03	9.332e-09
8.108e+03	1.212e-08
8.115e+03	5.197e-09
8.123e+03	8.141e-09
8.130e+03	1.191e-08
8.138e+03	1.539e-08
8.145e+03	1.393e-08
8.153e+03	5.641e-09
8.160e+03	7.177e-09
8.168e+03	9.465e-09
8.175e+03	1.310e-08
8.183e+03	2.174e-08
8.190e+03	2.111e-08
8.198e+03	1.797e-08
8.205e+03	2.108e-08
8.213e+03	1.321e-08
8.220e+03	1.257e-08
8.228e+03	7.164e-09
8.235e+03	6.848e-09
8.243e+03	3.028e-09
8.250e+03	3.105e-09
8.258e+03	7.032e-09
8.265e+03	5.166e-09
8.273e+03	1.394e-08
8.280e+03	1.237e-08
8.288e+03	5.584e-09
8.295e+03	2.812e-09
8.303e+03	4.718e-09
8.310e+03	1.077e-08
8.318e+03	1.475e-08
8.325e+03	1.934e-08
8.333e+03	2.380e-08
8.340e+03	1.306e-08
8.348e+03	1.399e-08
8.355e+03	2.129e-08
8.363e+03	1.796e-08
8.370e+03	1.013e-08
8.378e+03	1.904e-08
8.385e+03	1.336e-08
8.393e+03	1.478e-08
8.400e+03	1.887e-08
8.408e+03	1.535e-08
8.415e+03	1.384e-08
8.423e+03	8.928e-09
8.430e+03	1.558e-08
8.438e+03	1.508e-08
8.445e+03	6.142e-09
8.453e+03	7.844e-09
8.460e+03	7.749e-09
8.468e+03	3.590e-09
8.475e+03	4.528e-09
8.483e+03	5.434e-09
8.490e+03	7.355e-09
8.498e+03	1.613e-08
8.505e+03	1.251e-08
8.513e+03	9.536e-09
8.520e+03	1.191e-08
8.528e+03	1.020e-08
8.535e+03	1.125e-08
8.543e+03	1.704e-08
8.550e+03	1.313e-08
8.558e+03	1.081e-08
8.565e+03	5.750e-09
8.573e+03	6.292e-09
8.580e+03	9.784e-09
8.588e+03	4.392e-09
8.595e+03	8.755e-09
8.603e+03	6.124e-09
8.610e+03	4.675e-09
8.618e+03	5.998e-09
8.625e+03	1.570e-08
8.633e+03	1.448e-08
8.640e+03	1.659e-08
8.648e+03	1.674e-08
8.655e+03	7.613e-09
8.663e+03	9.873e-09
8.670e+03	7.080e-09
8.678e+03	1.011e-08
8.685e+03	1.721e-08
8.693e+03	1.361e-08
8.700e+03	1.144e-08
8.708e+03	1.410e-08
8.715e+03	1.213e-08
8.723e+03	1.762e-08
8.730e+03	1.250e-08
8.738e+03	6.849e-09
8.745e+03	4.049e-09
8.753e+03	1.447e-09
8.760e+03	1.151e-08
8.768e+03	1.148e-08
8.775e+03	9.689e-09
8.783e+03	7.430e-09
8.790e+03	8.327e-09
8.798e+03	4.269e-09
8.805e+03	3.926e-09
8.813e+03	1.179e-08
8.820e+03	1.006e-08
8.828e+03	1.618e-08
8.835e+03	1.627e-08
8.843e+03	3.133e-09
8.850e+03	1.232e-08
8.858e+03	8.079e-09
8.865e+03	1.948e-08
8.873e+03	1.191e-08
8.880e+03	7.865e-09
8.888e+03	9.386e-09
8.895e+03	1.223e-08
8.903e+03	1.081e-08
8.910e+03	1.518e-08
8.918e+03	9.093e-09
8.925e+03	5.400e-09
8.933e+03	6.453e-09
8.940e+03	1.278e-08
8.948e+03	1.581e-08
8.955e+03	3.954e-09
8.963e+03	3.428e-09
8.970e+03	5.778e-09
8.978e+03	5.790e-09
8.985e+03	2.139e-09
8.993e+03	3.961e-09
9.000e+03	6.493e-09
9.008e+03	9.943e-09
9.015e+03	9.870e-09
9.023e+03	1.008e-08
9.030e+03	1.082e-08
9.038e+03	7.394e-09
9.045e+03	6.327e-09
9.053e+03	5.790e-09
9.060e+03	1.008e-08
9.068e+03	8.910e-09
9.075e+03	7.164e-09
9.083e+03	1.374e-08
9.090e+03	1.544e-08
9.098e+03	7.869e-09
9.105e+03	6.779e-09
9.113e+03	1.544e-08
9.120e+03	9.844e-09
9.128e+03	1.103e-08
9.135e+03	1.105e-08
9.143e+03	9.364e-09
9.150e+03	8.583e-09
9.158e+03	6.742e-09
9.165e+03	4.230e-09
9.173e+03	8.773e-09
9.180e+03	8.574e-09
9.188e+03	7.261e-09
9.195e+03	1.038e-08
9.203e+03	1.908e-08
9.210e+03	7.448e-09
9.218e+03	4.334e-09
9.225e+03	6.524e-09
9.233e+03	8.080e-09
9.240e+03	7.749e-09
9.248e+03	1.312e-08
9.255e+03	7.145e-09
9.263e+03	7.234e-09
9.270e+03	8.789e-09
9.278e+03	1.284e-08
9.285e+03	1.990e-08
9.293e+03	1.870e-08
9.300e+03	1.892e-08
9.308e+03	1.550e-08
9.315e+03	8.780e-09
9.323e+03	7.865e-09
9.330e+03	7.844e-09
9.338e+03	1.422e-08
9.345e+03	1.085e-08
9.353e+03	1.306e-08
9.360e+03	9.830e-09
9.368e+03	6.392e-09
9.375e+03	1.014e-08
9.383e+03	1.111e-08
9.390e+03	1.550e-08
9.398e+03	1.402e-08
9.405e+03	9.901e-09
9.413e+03	1.001e-08
9.420e+03	6.917e-09
9.428e+03	7.019e-09
9.435e+03	8.970e-09
9.443e+03	1.222e-08
9.450e+03	1.413e-08
9.458e+03	1.084e-08
9.465e+03	7.485e-09
9.473e+03	4.047e-09
9.480e+03	1.519e-08
9.488e+03	2.570e-08
9.495e+03	2.243e-08
9.503e+03	1.163e-08
9.510e+03	1.228e-08
9.518e+03	1.365e-08
9.525e+03	1.130e-08
9.533e+03	1.514e-08
9.540e+03	1.006e-08
9.548e+03	1.114e-08
9.555e+03	8.420e-09
9.563e+03	7.151e-09
9.570e+03	7.691e-09
9.578e+03	6.937e-09
9.585e+03	6.582e-09
9.593e+03	7.850e-09
9.600e+03	1.090e-08
9.608e+03	9.279e-09
9.615e+03	1.220e-08
9.623e+03	1.887e-08
9.630e+03	1.094e-08
9.638e+03	6.683e-09
9.645e+03	7.938e-09
9.653e+03	6.548e-09
9.660e+03	6.725e-09
9.668e+03	9.232e-09
9.675e+03	9.965e-09
9.683e+03	5.915e-09
9.690e+03	7.196e-09
9.698e+03	7.101e-09
9.705e+03	1.280e-08
9.713e+03	8.459e-09
9.720e+03	4.969e-09
9.728e+03	1.348e-08
9.735e+03	7.154e-09
9.743e+03	2.500e-08
9.750e+03	1.468e-08
9.758e+03	5.242e-09
9.765e+03	1.046e-08
9.773e+03	1.105e-08
9.780e+03	8.510e-09
9.788e+03	6.542e-09
9.795e+03	9.254e-09
9.803e+03	1.229e-08
9.810e+03	7.880e-09
9.818e+03	6.522e-09
9.825e+03	7.800e-09
9.833e+03	1.459e-08
9.840e+03	1.924e-08
9.848e+03	5.648e-09
9.855e+03	5.645e-09
9.863e+03	1.047e-08
9.870e+03	8.512e-09
9.878e+03	8.854e-09
9.885e+03	6.940e-09
9.893e+03	6.587e-09
9.900e+03	9.846e-09
9.908e+03	1.296e-08
9.915e+03	1.635e-08
9.923e+03	1.722e-08
9.930e+03	8.648e-09
9.938e+03	2.730e-09
9.945e+03	6.718e-09
9.953e+03	8.972e-09
9.960e+03	1.053e-08
9.968e+03	1.203e-08
9.975e+03	8.631e-09
9.983e+03	7.055e-09
9.990e+03	8.152e-09
9.998e+03	1.086e-08
1.000e+04	1.109e-08
1.025e+04	1.241e-08
1.050e+04	1.321e-08
1.075e+04	1.275e-08
1.100e+04	1.495e-08
1.125e+04	1.539e-08
1.150e+04	1.547e-08
1.175e+04	1.812e-08
1.200e+04	1.686e-08
1.225e+04	1.598e-08
1.250e+04	1.672e-08
1.275e+04	1.563e-08
1.300e+04	1.338e-08
1.325e+04	1.316e-08
1.350e+04	1.304e-08
1.375e+04	1.297e-08
1.400e+04	1.280e-08
1.425e+04	1.559e-08
1.450e+04	1.403e-08
1.475e+04	1.531e-08
1.500e+04	1.860e-08
1.525e+04	1.763e-08
1.550e+04	1.713e-08
1.575e+04	1.704e-08
1.600e+04	1.747e-08
1.625e+04	1.782e-08
1.650e+04	1.951e-08
1.675e+04	1.932e-08
1.700e+04	1.970e-08
1.725e+04	1.841e-08
1.750e+04	1.440e-08
1.775e+04	1.328e-08
1.800e+04	1.186e-08
1.825e+04	1.166e-08
1.850e+04	1.156e-08
1.875e+04	1.329e-08
1.900e+04	1.392e-08
1.925e+04	1.424e-08
1.950e+04	1.431e-08
1.975e+04	1.448e-08
2.000e+04	1.643e-08
2.025e+04	2.448e-08
2.050e+04	2.892e-08
2.075e+04	2.031e-08
2.100e+04	1.901e-08
2.125e+04	1.905e-08
2.150e+04	1.716e-08
2.175e+04	1.522e-08
2.200e+04	1.420e-08
2.225e+04	1.264e-08
2.250e+04	1.128e-08
2.275e+04	1.083e-08
2.300e+04	1.103e-08
2.325e+04	1.051e-08
2.350e+04	1.039e-08
2.375e+04	1.141e-08
2.400e+04	1.403e-08
2.425e+04	1.474e-08
2.450e+04	1.619e-08
2.475e+04	1.814e-08
2.500e+04	1.833e-08
2.525e+04	1.918e-08
2.550e+04	1.826e-08
2.575e+04	1.584e-08
2.600e+04	1.661e-08
2.625e+04	1.416e-08
2.650e+04	1.244e-08
2.675e+04	1.233e-08
2.700e+04	1.152e-08
2.725e+04	1.075e-08
2.750e+04	9.461e-09
2.775e+04	7.749e-09
2.800e+04	7.300e-09
2.825e+04	8.403e-09
2.850e+04	9.048e-09
2.875e+04	1.154e-08
2.900e+04	1.500e-08
2.925e+04	3.246e-08
2.950e+04	1.037e-07
2.975e+04	1.747e-07
3.000e+04	1.100e-07
3.025e+04	6.338e-08
3.050e+04	4.485e-08
3.075e+04	2.453e-08
3.100e+04	1.536e-08
3.125e+04	1.200e-08
3.150e+04	1.077e-08
3.175e+04	7.324e-09
3.200e+04	6.016e-09
3.225e+04	6.814e-09
3.250e+04	7.251e-09
3.275e+04	7.720e-09
3.300e+04	9.389e-09
3.325e+04	1.056e-08
3.350e+04	1.150e-08
3.375e+04	1.363e-08
3.400e+04	1.544e-08
3.425e+04	1.707e-08
3.450e+04	1.761e-08
3.475e+04	1.617e-08
3.500e+04	1.646e-08
3.525e+04	1.603e-08
3.550e+04	1.376e-08
3.575e+04	1.168e-08
3.600e+04	9.970e-09
3.625e+04	7.113e-09
3.650e+04	4.834e-09
3.675e+04	4.047e-09
3.700e+04	4.441e-09
3.725e+04	5.776e-09
3.750e+04	6.866e-09
3.775e+04	8.099e-09
3.800e+04	9.835e-09
3.825e+04	1.231e-08
3.850e+04	1.428e-08
3.875e+04	1.424e-08
3.900e+04	1.472e-08
3.925e+04	1.560e-08
3.950e+04	1.683e-08
3.975e+04	1.462e-08
4.000e+04	1.221e-08
4.025e+04	1.140e-08
4.050e+04	9.751e-09
4.075e+04	6.550e-09
4.100e+04	4.669e-09
4.125e+04	3.752e-09
4.150e+04	3.964e-09
4.175e+04	4.465e-09
4.200e+04	5.268e-09
4.225e+04	7.957e-09
4.250e+04	1.087e-08
4.275e+04	1.392e-08
4.300e+04	1.733e-08
4.325e+04	2.026e-08
4.350e+04	2.636e-08
4.375e+04	2.876e-08
4.400e+04	2.867e-08
4.425e+04	2.729e-08
4.450e+04	2.267e-08
4.475e+04	1.894e-08
4.500e+04	1.319e-08
4.525e+04	1.060e-08
4.550e+04	6.827e-09
4.575e+04	4.113e-09
4.600e+04	3.032e-09
4.625e+04	3.252e-09
4.650e+04	5.102e-09
4.675e+04	6.860e-09
4.700e+04	8.841e-09
4.725e+04	1.351e-08
4.750e+04	2.017e-08
4.775e+04	2.185e-08
4.800e+04	2.355e-08
4.825e+04	2.532e-08
4.850e+04	2.601e-08
4.875e+04	2.658e-08
4.900e+04	2.451e-08
4.925e+04	2.257e-08
4.950e+04	1.502e-08
4.975e+04	1.144e-08
5.000e+04	7.344e-09
5.025e+04	4.658e-09
5.050e+04	2.259e-09
5.075e+04	2.273e-09
5.100e+04	3.222e-09
5.125e+04	5.912e-09
5.150e+04	8.991e-09
5.175e+04	1.336e-08
5.200e+04	1.950e-08
5.225e+04	2.390e-08
5.250e+04	2.907e-08
5.275e+04	3.069e-08
5.300e+04	3.168e-08
5.325e+04	3.030e-08
5.350e+04	2.801e-08
5.375e+04	2.515e-08
5.400e+04	2.131e-08
5.425e+04	1.552e-08
5.450e+04	1.097e-08
5.475e+04	6.526e-09
5.500e+04	3.060e-09
5.525e+04	1.880e-09
5.550e+04	2.448e-09
5.575e+04	5.110e-09
5.600e+04	1.048e-08
5.625e+04	1.543e-08
5.650e+04	2.049e-08
5.675e+04	2.437e-08
5.700e+04	2.886e-08
5.725e+04	3.196e-08
5.750e+04	3.314e-08
5.775e+04	3.977e-08
5.800e+04	3.572e-08
5.825e+04	3.215e-08
5.850e+04	2.793e-08
5.875e+04	2.222e-08
5.900e+04	1.615e-08
5.925e+04	9.520e-09
5.950e+04	4.523e-09
5.975e+04	2.475e-09
6.000e+04	1.959e-09
6.025e+04	4.560e-09
6.050e+04	9.317e-09
6.075e+04	1.475e-08
6.100e+04	2.420e-08
6.125e+04	3.543e-08
6.150e+04	4.670e-08
6.175e+04	4.372e-08
6.200e+04	4.421e-08
6.225e+04	5.584e-08
6.250e+04	5.974e-08
6.275e+04	4.795e-08
6.300e+04	4.390e-08
6.325e+04	4.383e-08
6.350e+04	3.076e-08
6.375e+04	1.917e-08
6.400e+04	1.015e-08
6.425e+04	4.808e-09
6.450e+04	2.281e-09
6.475e+04	4.381e-09
6.500e+04	1.221e-08
6.525e+04	2.478e-08
6.550e+04	4.113e-08
6.575e+04	6.375e-08
6.600e+04	8.573e-08
6.625e+04	1.003e-07
6.650e+04	1.102e-07
6.675e+04	1.078e-07
6.700e+04	9.656e-08
6.725e+04	8.645e-08
6.750e+04	7.731e-08
6.775e+04	6.259e-08
6.800e+04	4.683e-08
6.825e+04	2.636e-08
6.850e+04	1.332e-08
6.875e+04	5.730e-09
6.900e+04	2.340e-09
6.925e+04	2.220e-09
6.950e+04	5.034e-09
6.975e+04	9.505e-09
7.000e+04	1.389e-08
7.025e+04	1.873e-08
7.050e+04	2.382e-08
7.075e+04	2.817e-08
7.100e+04	2.797e-08
7.125e+04	3.261e-08
7.150e+04	3.207e-08
7.175e+04	2.845e-08
7.200e+04	2.634e-08
7.225e+04	2.384e-08
7.250e+04	1.678e-08
7.275e+04	9.668e-09
7.300e+04	6.741e-09
7.325e+04	4.286e-09
7.350e+04	1.972e-09
7.375e+04	1.367e-09
7.400e+04	1.974e-09
7.425e+04	3.702e-09
7.450e+04	6.558e-09
7.475e+04	1.002e-08
7.500e+04	1.253e-08
7.525e+04	1.480e-08
7.550e+04	1.786e-08
7.575e+04	2.001e-08
7.600e+04	1.868e-08
7.625e+04	1.776e-08
7.650e+04	1.744e-08
7.675e+04	1.501e-08
7.700e+04	1.303e-08
7.725e+04	8.789e-09
7.750e+04	6.206e-09
7.775e+04	4.508e-09
7.800e+04	2.168e-09
7.825e+04	1.235e-09
7.850e+04	1.189e-09
7.875e+04	1.801e-09
7.900e+04	3.944e-09
7.925e+04	6.980e-09
7.950e+04	8.690e-09
7.975e+04	9.063e-09
8.000e+04	1.127e-08
8.025e+04	1.281e-08
8.050e+04	1.389e-08
8.075e+04	1.315e-08
8.100e+04	1.376e-08
8.125e+04	1.285e-08
8.150e+04	1.013e-08
8.175e+04	7.547e-09
8.200e+04	5.457e-09
8.225e+04	3.979e-09
8.250e+04	2.147e-09
8.275e+04	1.172e-09
8.300e+04	1.007e-09
8.325e+04	1.456e-09
8.350e+04	2.527e-09
8.375e+04	3.706e-09
8.400e+04	4.818e-09
8.425e+04	6.849e-09
8.450e+04	9.331e-09
8.475e+04	1.131e-08
8.500e+04	1.156e-08
8.525e+04	1.026e-08
8.550e+04	1.082e-08
8.575e+04	9.602e-09
8.600e+04	8.343e-09
8.625e+04	7.614e-09
8.650e+04	5.745e-09
8.675e+04	3.768e-09
8.700e+04	2.585e-09
8.725e+04	1.379e-09
8.750e+04	9.601e-10
8.775e+04	1.075e-09
8.800e+04	1.898e-09
8.825e+04	3.002e-09
8.850e+04	4.084e-09
8.875e+04	5.179e-09
8.900e+04	7.035e-09
8.925e+04	8.977e-09
8.950e+04	9.696e-09
8.975e+04	1.011e-08
9.000e+04	9.568e-09
9.025e+04	1.007e-08
9.050e+04	9.527e-09
9.075e+04	7.330e-09
9.100e+04	5.933e-09
9.125e+04	4.982e-09
9.150e+04	3.330e-09
9.175e+04	1.902e-09
9.200e+04	1.251e-09
9.225e+04	9.899e-10
9.250e+04	1.366e-09
9.275e+04	2.274e-09
9.300e+04	3.403e-09
9.325e+04	5.340e-09
9.350e+04	7.100e-09
9.375e+04	8.897e-09
9.400e+04	9.194e-09
9.425e+04	1.043e-08
9.450e+04	1.117e-08
9.475e+04	9.132e-09
9.500e+04	7.462e-09
9.525e+04	6.919e-09
9.550e+04	6.346e-09
9.575e+04	4.623e-09
9.600e+04	3.047e-09
9.625e+04	1.910e-09
9.650e+04	1.281e-09
9.675e+04	9.490e-10
9.700e+04	9.888e-10
9.725e+04	1.505e-09
9.750e+04	2.038e-09
9.775e+04	2.914e-09
9.800e+04	4.500e-09
9.825e+04	5.506e-09
9.850e+04	6.262e-09
9.875e+04	6.309e-09
9.900e+04	6.745e-09
9.925e+04	7.202e-09
9.950e+04	6.735e-09
9.975e+04	5.729e-09
1.000e+05	5.382e-09
1.003e+05	4.600e-09
1.005e+05	2.568e-09
1.008e+05	2.186e-09
1.010e+05	1.573e-09
1.013e+05	9.154e-10
1.015e+05	1.643e-09
1.018e+05	1.406e-09
1.020e+05	1.436e-09
1.023e+05	2.925e-09
1.025e+05	3.957e-08
1.028e+05	6.458e-08
1.030e+05	1.079e-08
1.033e+05	5.836e-09
1.035e+05	7.349e-09
1.038e+05	6.330e-09
1.040e+05	6.206e-09
1.043e+05	6.189e-09
1.045e+05	5.200e-09
1.048e+05	3.734e-09
1.050e+05	2.788e-09
1.053e+05	2.266e-09
1.055e+05	1.747e-09
1.058e+05	1.217e-09
1.060e+05	7.442e-10
1.063e+05	9.335e-10
1.065e+05	1.474e-09
1.068e+05	2.266e-09
1.070e+05	3.109e-09
1.073e+05	3.707e-09
1.075e+05	4.812e-09
1.078e+05	6.567e-09
1.080e+05	7.105e-09
1.083e+05	7.010e-09
1.085e+05	6.881e-09
1.088e+05	7.659e-09
1.090e+05	6.695e-09
1.093e+05	4.780e-09
1.095e+05	3.750e-09
1.098e+05	3.646e-09
1.100e+05	2.583e-09
1.103e+05	1.306e-09
1.105e+05	8.787e-10
1.108e+05	7.713e-10
1.110e+05	1.200e-09
1.113e+05	2.134e-09
1.115e+05	2.744e-09
1.118e+05	3.581e-09
1.120e+05	4.918e-09
1.123e+05	7.131e-09
1.125e+05	8.407e-09
1.128e+05	8.847e-09
1.130e+05	1.003e-08
1.133e+05	9.923e-09
1.135e+05	8.994e-09
1.138e+05	6.950e-09
1.140e+05	5.660e-09
1.143e+05	4.940e-09
1.145e+05	3.578e-09
1.148e+05	1.820e-09
1.150e+05	1.085e-09
1.153e+05	8.794e-10
1.155e+05	1.178e-09
1.158e+05	2.656e-09
1.160e+05	4.683e-09
1.163e+05	6.621e-09
1.165e+05	8.836e-09
1.168e+05	1.299e-08
1.170e+05	1.608e-08
1.173e+05	1.862e-08
1.175e+05	1.865e-08
1.178e+05	1.985e-08
1.180e+05	1.860e-08
1.183e+05	1.528e-08
1.185e+05	1.526e-08
1.188e+05	1.405e-08
1.190e+05	9.016e-09
1.193e+05	4.299e-09
1.195e+05	2.366e-09
1.198e+05	1.473e-09
1.200e+05	1.309e-09
1.203e+05	3.528e-09
1.205e+05	6.995e-09
1.208e+05	9.781e-09
1.210e+05	1.434e-08
1.213e+05	2.190e-08
1.215e+05	2.833e-08
1.218e+05	2.749e-08
1.220e+05	2.451e-08
1.223e+05	2.873e-08
1.225e+05	2.575e-08
1.228e+05	1.790e-08
1.230e+05	1.377e-08
1.233e+05	1.190e-08
1.235e+05	7.682e-09
1.238e+05	4.517e-09
1.240e+05	2.296e-09
1.243e+05	1.519e-09
1.245e+05	1.130e-09
1.248e+05	1.807e-09
1.250e+05	3.038e-09
1.253e+05	4.151e-09
1.255e+05	6.170e-09
1.258e+05	9.426e-09
1.260e+05	1.105e-08
1.263e+05	1.113e-08
1.265e+05	1.242e-08
1.268e+05	1.326e-08
1.270e+05	1.063e-08
1.273e+05	9.233e-09
1.275e+05	8.841e-09
1.278e+05	7.019e-09
1.280e+05	4.683e-09
1.283e+05	2.825e-09
1.285e+05	2.136e-09
1.288e+05	1.570e-09
1.290e+05	8.987e-10
1.293e+05	9.798e-10
1.295e+05	1.431e-09
1.298e+05	1.965e-09
1.300e+05	3.090e-09
1.303e+05	4.608e-09
1.305e+05	4.958e-09
1.308e+05	5.474e-09
1.310e+05	6.708e-09
1.313e+05	7.258e-09
1.315e+05	6.312e-09
1.318e+05	4.956e-09
1.320e+05	5.542e-09
1.323e+05	5.589e-09
1.325e+05	3.667e-09
1.328e+05	2.483e-09
1.330e+05	1.867e-09
1.333e+05	1.556e-09
1.335e+05	1.023e-09
1.338e+05	8.513e-10
1.340e+05	8.945e-10
1.343e+05	1.395e-09
1.345e+05	2.715e-09
1.348e+05	3.340e-09
1.350e+05	3.887e-09
1.353e+05	4.524e-09
1.355e+05	5.420e-09
1.358e+05	5.519e-09
1.360e+05	5.530e-09
1.363e+05	5.185e-09
1.365e+05	5.432e-09
1.368e+05	5.255e-09
1.370e+05	3.427e-09
1.373e+05	2.614e-09
1.375e+05	2.688e-09
1.378e+05	1.896e-09
1.380e+05	1.020e-09
1.383e+05	8.510e-10
1.385e+05	9.711e-10
1.388e+05	1.416e-09
1.390e+05	2.192e-09
1.393e+05	2.948e-09
1.395e+05	3.901e-09
1.398e+05	4.821e-09
1.400e+05	5.615e-09
1.403e+05	5.901e-09
1.405e+05	6.222e-09
1.408e+05	6.124e-09
1.410e+05	6.761e-09
1.413e+05	6.072e-09
1.415e+05	4.916e-09
1.418e+05	3.999e-09
1.420e+05	3.649e-09
1.423e+05	2.308e-09
1.425e+05	1.281e-09
1.428e+05	9.426e-10
1.430e+05	9.006e-10
1.433e+05	1.238e-09
1.435e+05	2.226e-09
1.438e+05	3.438e-09
1.440e+05	4.945e-09
1.443e+05	5.919e-09
1.445e+05	7.368e-09
1.448e+05	7.048e-09
1.450e+05	6.684e-09
1.453e+05	7.216e-09
1.455e+05	8.349e-09
1.458e+05	7.948e-09
1.460e+05	5.654e-09
1.463e+05	4.365e-09
1.465e+05	3.392e-09
1.468e+05	2.570e-09
1.470e+05	1.491e-09
1.473e+05	1.067e-09
1.475e+05	8.884e-10
1.478e+05	9.935e-10
1.480e+05	1.395e-09
1.483e+05	2.074e-09
1.485e+05	2.622e-09
1.488e+05	3.328e-09
1.490e+05	4.290e-09
1.493e+05	4.067e-09
1.495e+05	3.911e-09
1.498e+05	4.344e-09
1.500e+05	4.823e-09
1.503e+05	4.275e-09
1.505e+05	3.626e-09
1.508e+05	3.159e-09
1.510e+05	2.597e-09
1.513e+05	1.623e-09
1.515e+05	1.191e-09
1.518e+05	1.057e-09
1.520e+05	9.520e-10
1.523e+05	7.799e-10
1.525e+05	9.219e-10
1.528e+05	1.234e-09
1.530e+05	1.517e-09
1.533e+05	1.962e-09
1.535e+05	2.500e-09
1.538e+05	2.487e-09
1.540e+05	2.694e-09
1.543e+05	2.984e-09
1.545e+05	3.117e-09
1.548e+05	2.570e-09
1.550e+05	2.530e-09
1.553e+05	2.418e-09
1.555e+05	2.083e-09
1.558e+05	1.480e-09
1.560e+05	1.235e-09
1.563e+05	1.070e-09
1.565e+05	9.604e-10
1.568e+05	8.142e-10
1.570e+05	9.814e-10
1.573e+05	1.135e-09
1.575e+05	1.286e-09
1.578e+05	1.580e-09
1.580e+05	1.958e-09
1.583e+05	2.234e-09
1.585e+05	2.230e-09
1.588e+05	2.204e-09
1.590e+05	2.559e-09
1.593e+05	2.310e-09
1.595e+05	2.234e-09
1.598e+05	2.214e-09
1.600e+05	1.909e-09
1.603e+05	1.629e-09
1.605e+05	1.334e-09
1.608e+05	1.173e-09
1.610e+05	1.067e-09
1.613e+05	8.007e-10
1.615e+05	8.697e-10
1.618e+05	1.061e-09
1.620e+05	1.246e-09
1.623e+05	1.660e-09
1.625e+05	2.200e-09
1.628e+05	2.567e-09
1.630e+05	2.763e-09
1.633e+05	2.816e-09
1.635e+05	2.874e-09
1.638e+05	2.755e-09
1.640e+05	2.764e-09
1.643e+05	2.615e-09
1.645e+05	2.452e-09
1.648e+05	1.879e-09
1.650e+05	1.683e-09
1.653e+05	1.449e-09
1.655e+05	9.413e-10
1.658e+05	8.402e-10
1.660e+05	9.506e-10
1.663e+05	1.092e-09
1.665e+05	1.120e-09
1.668e+05	1.502e-09
1.670e+05	1.654e-09
1.673e+05	2.134e-09
1.675e+05	2.533e-09
1.678e+05	2.864e-09
1.680e+05	3.223e-09
1.683e+05	2.804e-09
1.685e+05	2.741e-09
1.688e+05	2.504e-09
1.690e+05	2.356e-09
1.693e+05	2.052e-09
1.695e+05	1.531e-09
1.698e+05	1.184e-09
1.700e+05	8.497e-10
1.703e+05	9.013e-10
1.705e+05	1.078e-09
1.708e+05	1.015e-09
1.710e+05	1.038e-09
1.713e+05	1.408e-09
1.715e+05	1.666e-09
1.718e+05	1.931e-09
1.720e+05	2.009e-09
1.723e+05	2.213e-09
1.725e+05	2.563e-09
1.728e+05	2.870e-09
1.730e+05	2.733e-09
1.733e+05	2.422e-09
1.735e+05	2.210e-09
1.738e+05	1.883e-09
1.740e+05	1.777e-09
1.743e+05	1.534e-09
1.745e+05	1.322e-09
1.748e+05	1.087e-09
1.750e+05	1.013e-09
1.753e+05	1.044e-09
1.755e+05	9.893e-10
1.758e+05	1.219e-09
1.760e+05	1.651e-09
1.763e+05	1.847e-09
1.765e+05	1.977e-09
1.768e+05	2.334e-09
1.770e+05	2.509e-09
1.773e+05	2.735e-09
1.775e+05	2.865e-09
1.778e+05	2.913e-09
1.780e+05	2.568e-09
1.783e+05	2.393e-09
1.785e+05	2.265e-09
1.788e+05	1.852e-09
1.790e+05	1.297e-09
1.793e+05	1.127e-09
1.795e+05	1.198e-09
1.798e+05	1.140e-09
1.800e+05	1.158e-09
1.803e+05	1.773e-09
1.805e+05	2.253e-09
1.808e+05	2.286e-09
1.810e+05	2.426e-09
1.813e+05	3.532e-09
1.815e+05	3.997e-09
1.818e+05	3.499e-09
1.820e+05	4.753e-09
1.823e+05	5.173e-09
1.825e+05	4.015e-09
1.828e+05	3.681e-09
1.830e+05	3.033e-09
1.833e+05	2.631e-09
1.835e+05	2.011e-09
1.838e+05	1.432e-09
1.840e+05	1.213e-09
1.843e+05	9.258e-10
1.845e+05	1.208e-09
1.848e+05	2.123e-09
1.850e+05	2.712e-09
1.853e+05	3.060e-09
1.855e+05	4.615e-09
1.858e+05	7.133e-09
1.860e+05	7.908e-09
1.863e+05	8.331e-09
1.865e+05	1.069e-08
1.868e+05	1.143e-08
1.870e+05	9.078e-09
1.873e+05	6.922e-09
1.875e+05	5.969e-09
1.878e+05	5.794e-09
1.880e+05	4.412e-09
1.883e+05	2.250e-09
1.885e+05	1.523e-09
1.888e+05	1.103e-09
1.890e+05	1.124e-09
1.893e+05	1.917e-09
1.895e+05	2.541e-09
1.898e+05	3.067e-09
1.900e+05	4.735e-09
1.903e+05	6.773e-09
1.905e+05	6.534e-09
1.908e+05	6.180e-09
1.910e+05	5.948e-09
1.913e+05	6.014e-09
1.915e+05	5.895e-09
1.918e+05	4.347e-09
1.920e+05	3.871e-09
1.923e+05	3.401e-09
1.925e+05	2.689e-09
1.928e+05	1.846e-09
1.930e+05	1.327e-09
1.933e+05	9.588e-10
1.935e+05	1.096e-09
1.938e+05	1.448e-09
1.940e+05	1.506e-09
1.943e+05	1.523e-09
1.945e+05	1.933e-09
1.948e+05	2.663e-09
1.950e+05	3.070e-09
1.953e+05	2.781e-09
1.955e+05	3.242e-09
1.958e+05	3.403e-09
1.960e+05	3.477e-09
1.963e+05	2.739e-09
1.965e+05	2.374e-09
1.968e+05	2.384e-09
1.970e+05	2.156e-09
1.973e+05	1.744e-09
1.975e+05	1.061e-09
1.978e+05	8.427e-10
1.980e+05	1.029e-09
1.983e+05	1.161e-09
1.985e+05	1.054e-09
1.988e+05	1.110e-09
1.990e+05	1.753e-09
1.993e+05	2.406e-09
1.995e+05	2.468e-09
1.998e+05	2.384e-09
2.000e+05	2.430e-09
2.003e+05	2.920e-09
2.005e+05	2.862e-09
2.008e+05	2.620e-09
2.010e+05	2.167e-09
2.013e+05	2.231e-09
2.015e+05	2.055e-09
2.018e+05	1.735e-09
2.020e+05	1.282e-09
2.023e+05	1.115e-09
2.025e+05	1.215e-09
2.028e+05	1.105e-09
2.030e+05	1.024e-09
2.033e+05	1.154e-09
2.035e+05	1.433e-09
2.038e+05	1.855e-09
2.040e+05	1.774e-09
2.043e+05	1.828e-09
2.045e+05	2.390e-09
2.048e+05	2.885e-09
2.050e+05	2.681e-09
2.053e+05	2.300e-09
2.055e+05	2.201e-09
2.058e+05	2.120e-09
2.060e+05	2.158e-09
2.063e+05	1.680e-09
2.065e+05	1.174e-09
2.068e+05	1.255e-09
2.070e+05	1.311e-09
2.073e+05	9.926e-10
2.075e+05	8.631e-10
2.078e+05	1.122e-09
2.080e+05	1.711e-09
2.083e+05	1.785e-09
2.085e+05	1.573e-09
2.088e+05	1.749e-09
2.090e+05	2.073e-09
2.093e+05	2.439e-09
2.095e+05	2.738e-09
2.098e+05	2.546e-09
2.100e+05	2.635e-09
2.103e+05	2.801e-09
2.105e+05	2.455e-09
2.108e+05	1.676e-09
2.110e+05	1.357e-09
2.113e+05	1.463e-09
2.115e+05	1.655e-09
2.118e+05	1.168e-09
2.120e+05	8.360e-10
2.123e+05	9.571e-10
2.125e+05	1.645e-09
2.128e+05	1.875e-09
2.130e+05	1.554e-09
2.133e+05	1.720e-09
2.135e+05	2.356e-09
2.138e+05	2.838e-09
2.140e+05	2.485e-09
2.143e+05	2.451e-09
2.145e+05	2.668e-09
2.148e+05	2.609e-09
2.150e+05	2.361e-09
2.153e+05	1.706e-09
2.155e+05	1.616e-09
2.158e+05	1.682e-09
2.160e+05	1.391e-09
2.163e+05	1.118e-09
2.165e+05	9.317e-10
2.168e+05	1.410e-09
2.170e+05	1.608e-09
2.173e+05	1.339e-09
2.175e+05	1.114e-09
2.178e+05	1.471e-09
2.180e+05	1.953e-09
2.183e+05	2.071e-09
2.185e+05	1.805e-09
2.188e+05	1.749e-09
2.190e+05	1.733e-09
2.193e+05	2.027e-09
2.195e+05	1.795e-09
2.198e+05	1.326e-09
2.200e+05	1.478e-09
2.203e+05	1.611e-09
2.205e+05	1.425e-09
2.208e+05	1.052e-09
2.210e+05	1.044e-09
2.213e+05	1.309e-09
2.215e+05	1.464e-09
2.218e+05	1.356e-09
2.220e+05	1.152e-09
2.223e+05	1.502e-09
2.225e+05	1.807e-09
2.228e+05	1.924e-09
2.230e+05	1.666e-09
2.233e+05	1.891e-09
2.235e+05	2.279e-09
2.238e+05	2.353e-09
2.240e+05	1.885e-09
2.243e+05	1.486e-09
2.245e+05	1.823e-09
2.248e+05	1.794e-09
2.250e+05	1.283e-09
2.253e+05	1.009e-09
2.255e+05	1.117e-09
2.258e+05	1.362e-09
2.260e+05	1.169e-09
2.263e+05	1.024e-09
2.265e+05	1.075e-09
2.268e+05	1.522e-09
2.270e+05	1.712e-09
2.273e+05	1.530e-09
2.275e+05	1.496e-09
2.278e+05	1.798e-09
2.280e+05	2.321e-09
2.283e+05	2.312e-09
2.285e+05	1.850e-09
2.288e+05	1.812e-09
2.290e+05	2.197e-09
2.293e+05	1.894e-09
2.295e+05	1.343e-09
2.298e+05	9.997e-10
2.300e+05	1.192e-09
2.303e+05	1.356e-09
2.305e+05	1.154e-09
2.308e+05	9.059e-10
2.310e+05	1.168e-09
2.313e+05	1.710e-09
2.315e+05	1.833e-09
2.318e+05	1.600e-09
2.320e+05	1.620e-09
2.323e+05	1.775e-09
2.325e+05	2.212e-09
2.328e+05	2.362e-09
2.330e+05	1.966e-09
2.333e+05	1.951e-09
2.335e+05	2.163e-09
2.338e+05	1.986e-09
2.340e+05	1.440e-09
2.343e+05	1.123e-09
2.345e+05	1.292e-09
2.348e+05	1.371e-09
2.350e+05	1.178e-09
2.353e+05	1.019e-09
2.355e+05	1.371e-09
2.358e+05	1.723e-09
2.360e+05	1.820e-09
2.363e+05	1.820e-09
2.365e+05	2.185e-09
2.368e+05	2.773e-09
2.370e+05	3.240e-09
2.373e+05	2.996e-09
2.375e+05	2.624e-09
2.378e+05	2.943e-09
2.380e+05	3.046e-09
2.383e+05	2.555e-09
2.385e+05	1.928e-09
2.388e+05	1.966e-09
2.390e+05	1.793e-09
2.393e+05	1.543e-09
2.395e+05	1.053e-09
2.398e+05	9.266e-10
2.400e+05	1.179e-09
2.403e+05	1.674e-09
2.405e+05	1.835e-09
2.408e+05	1.843e-09
2.410e+05	2.478e-09
2.413e+05	3.236e-09
2.415e+05	3.146e-09
2.418e+05	2.524e-09
2.420e+05	2.427e-09
2.423e+05	2.596e-09
2.425e+05	2.487e-09
2.428e+05	2.705e-09
2.430e+05	7.585e-09
2.433e+05	4.220e-09
2.435e+05	1.688e-09
2.438e+05	1.296e-09
2.440e+05	9.378e-10
2.443e+05	9.460e-10
2.445e+05	1.300e-09
2.448e+05	1.473e-09
2.450e+05	1.316e-09
2.453e+05	1.273e-09
2.455e+05	1.468e-09
2.458e+05	1.950e-09
2.460e+05	1.843e-09
2.463e+05	1.657e-09
2.465e+05	1.855e-09
2.468e+05	1.923e-09
2.470e+05	1.942e-09
2.473e+05	1.598e-09
2.475e+05	1.502e-09
2.478e+05	1.690e-09
2.480e+05	1.706e-09
2.483e+05	1.256e-09
2.485e+05	1.013e-09
2.488e+05	1.095e-09
2.490e+05	1.168e-09
2.493e+05	1.245e-09
2.495e+05	1.108e-09
2.498e+05	1.039e-09
2.500e+05	1.501e-09
2.503e+05	1.447e-09
2.505e+05	1.400e-09
2.508e+05	1.467e-09
2.510e+05	1.573e-09
2.513e+05	1.840e-09
2.515e+05	1.566e-09
2.518e+05	1.231e-09
2.520e+05	1.291e-09
2.523e+05	1.527e-09
2.525e+05	1.509e-09
2.528e+05	1.137e-09
2.530e+05	9.567e-10
2.533e+05	1.086e-09
2.535e+05	1.122e-09
2.538e+05	1.027e-09
2.540e+05	9.354e-10
2.543e+05	1.039e-09
2.545e+05	1.284e-09
2.548e+05	1.846e-09
2.550e+05	1.718e-09
2.553e+05	1.649e-09
2.555e+05	1.816e-09
2.558e+05	1.789e-09
2.560e+05	1.676e-09
2.563e+05	1.526e-09
2.565e+05	1.634e-09
2.568e+05	1.851e-09
2.570e+05	1.534e-09
2.573e+05	1.347e-09
2.575e+05	1.051e-09
2.578e+05	1.047e-09
2.580e+05	1.148e-09
2.583e+05	1.088e-09
2.585e+05	9.074e-10
2.588e+05	1.102e-09
2.590e+05	1.403e-09
2.593e+05	1.566e-09
2.595e+05	1.601e-09
2.598e+05	1.773e-09
2.600e+05	1.875e-09
2.603e+05	2.247e-09
2.605e+05	2.012e-09
2.608e+05	1.802e-09
2.610e+05	1.990e-09
2.613e+05	1.698e-09
2.615e+05	1.257e-09
2.618e+05	1.124e-09
2.620e+05	1.233e-09
2.623e+05	1.209e-09
2.625e+05	1.044e-09
2.628e+05	8.731e-10
2.630e+05	8.129e-10
2.633e+05	1.194e-09
2.635e+05	1.566e-09
2.638e+05	1.650e-09
2.640e+05	1.724e-09
2.643e+05	2.020e-09
2.645e+05	2.161e-09
2.648e+05	2.186e-09
2.650e+05	2.187e-09
2.653e+05	2.131e-09
2.655e+05	2.168e-09
2.658e+05	2.156e-09
2.660e+05	1.759e-09
2.663e+05	1.435e-09
2.665e+05	1.402e-09
2.668e+05	1.291e-09
2.670e+05	1.034e-09
2.673e+05	8.980e-10
2.675e+05	9.714e-10
2.678e+05	1.091e-09
2.680e+05	1.196e-09
2.683e+05	1.161e-09
2.685e+05	1.248e-09
2.688e+05	1.598e-09
2.690e+05	1.500e-09
2.693e+05	1.410e-09
2.695e+05	1.641e-09
2.698e+05	1.551e-09
2.700e+05	1.566e-09
2.703e+05	1.461e-09
2.705e+05	1.274e-09
2.708e+05	1.218e-09
2.710e+05	1.319e-09
2.713e+05	1.272e-09
2.715e+05	1.141e-09
2.718e+05	1.069e-09
2.720e+05	1.089e-09
2.723e+05	1.053e-09
2.725e+05	9.208e-10
2.728e+05	9.920e-10
2.730e+05	1.150e-09
2.733e+05	1.120e-09
2.735e+05	1.306e-09
2.738e+05	1.433e-09
2.740e+05	1.278e-09
2.743e+05	1.106e-09
2.745e+05	1.358e-09
2.748e+05	1.431e-09
2.750e+05	1.183e-09
2.753e+05	1.210e-09
2.755e+05	1.124e-09
2.758e+05	9.941e-10
2.760e+05	8.777e-10
2.763e+05	9.288e-10
2.765e+05	8.926e-10
2.768e+05	8.204e-10
2.770e+05	8.877e-10
2.773e+05	9.233e-10
2.775e+05	1.058e-09
2.778e+05	1.122e-09
2.780e+05	1.133e-09
2.783e+05	1.190e-09
2.785e+05	1.375e-09
2.788e+05	1.327e-09
2.790e+05	1.358e-09
2.793e+05	1.359e-09
2.795e+05	1.218e-09
2.798e+05	1.045e-09
2.800e+05	1.123e-09
2.803e+05	1.040e-09
2.805e+05	9.709e-10
2.808e+05	9.137e-10
2.810e+05	9.269e-10
2.813e+05	9.614e-10
2.815e+05	1.101e-09
2.818e+05	1.058e-09
2.820e+05	1.149e-09
2.823e+05	1.186e-09
2.825e+05	1.194e-09
2.828e+05	1.275e-09
2.830e+05	1.211e-09
2.833e+05	1.183e-09
2.835e+05	1.261e-09
2.838e+05	1.209e-09
2.840e+05	1.205e-09
2.843e+05	1.304e-09
2.845e+05	1.366e-09
2.848e+05	1.159e-09
2.850e+05	9.384e-10
2.853e+05	9.921e-10
2.855e+05	1.040e-09
2.858e+05	8.360e-10
2.860e+05	8.110e-10
2.863e+05	9.376e-10
2.865e+05	1.042e-09
2.868e+05	8.914e-10
2.870e+05	9.930e-10
2.873e+05	1.084e-09
2.875e+05	1.220e-09
2.878e+05	1.198e-09
2.880e+05	1.161e-09
2.883e+05	9.844e-10
2.885e+05	1.051e-09
2.888e+05	1.051e-09
2.890e+05	9.898e-10
2.893e+05	1.045e-09
2.895e+05	9.059e-10
2.898e+05	1.075e-09
2.900e+05	1.116e-09
2.903e+05	8.857e-10
2.905e+05	9.033e-10
2.908e+05	9.597e-10
2.910e+05	1.008e-09
2.913e+05	1.113e-09
2.915e+05	1.066e-09
2.918e+05	1.061e-09
2.920e+05	1.075e-09
2.923e+05	1.234e-09
2.925e+05	1.217e-09
2.928e+05	1.164e-09
2.930e+05	1.137e-09
2.933e+05	1.151e-09
2.935e+05	1.043e-09
2.938e+05	9.977e-10
2.940e+05	1.003e-09
2.943e+05	9.218e-10
2.945e+05	9.418e-10
2.948e+05	8.120e-10
2.950e+05	9.175e-10
2.953e+05	1.008e-09
2.955e+05	1.062e-09
2.958e+05	1.071e-09
2.960e+05	9.998e-10
2.963e+05	1.079e-09
2.965e+05	1.048e-09
2.968e+05	1.177e-09
2.970e+05	1.255e-09
2.973e+05	1.265e-09
2.975e+05	1.398e-09
2.978e+05	1.366e-09
2.980e+05	1.023e-09
2.983e+05	8.468e-10
2.985e+05	1.016e-09
2.988e+05	1.072e-09
2.990e+05	9.443e-10
2.993e+05	9.323e-10
2.995e+05	9.711e-10
2.998e+05	1.124e-09
3.000e+05	9.605e-10
3.003e+05	9.195e-10
3.005e+05	9.571e-10
3.008e+05	9.706e-10
3.010e+05	1.099e-09
3.013e+05	1.164e-09
3.015e+05	1.214e-09
3.018e+05	1.232e-09
3.020e+05	1.215e-09
3.023e+05	1.174e-09
3.025e+05	1.136e-09
3.028e+05	1.123e-09
3.030e+05	1.109e-09
3.033e+05	1.073e-09
3.035e+05	9.862e-10
3.038e+05	9.618e-10
3.040e+05	1.053e-09
3.043e+05	8.982e-10
3.045e+05	8.362e-10
3.048e+05	8.893e-10
3.050e+05	1.040e-09
3.053e+05	1.124e-09
3.055e+05	1.128e-09
3.058e+05	1.043e-09
3.060e+05	1.122e-09
3.063e+05	1.215e-09
3.065e+05	1.179e-09
3.068e+05	1.340e-09
3.070e+05	1.131e-09
3.073e+05	1.122e-09
3.075e+05	1.129e-09
3.078e+05	1.158e-09
3.080e+05	1.132e-09
3.083e+05	1.026e-09
3.085e+05	9.796e-10
3.088e+05	9.872e-10
3.090e+05	9.555e-10
3.093e+05	9.147e-10
3.095e+05	9.788e-10
3.098e+05	1.048e-09
3.100e+05	1.134e-09
3.103e+05	1.202e-09
3.105e+05	1.280e-09
3.108e+05	1.382e-09
3.110e+05	1.332e-09
3.113e+05	1.494e-09
3.115e+05	1.411e-09
3.118e+05	1.442e-09
3.120e+05	1.285e-09
3.123e+05	1.235e-09
3.125e+05	1.053e-09
3.128e+05	1.017e-09
3.130e+05	1.100e-09
3.133e+05	9.167e-10
3.135e+05	9.183e-10
3.138e+05	1.019e-09
3.140e+05	9.366e-10
3.143e+05	9.241e-10
3.145e+05	1.040e-09
3.148e+05	1.007e-09
3.150e+05	1.005e-09
3.153e+05	1.181e-09
3.155e+05	1.214e-09
3.158e+05	1.188e-09
3.160e+05	1.051e-09
3.163e+05	1.156e-09
3.165e+05	1.216e-09
3.168e+05	1.085e-09
3.170e+05	1.124e-09
3.173e+05	1.024e-09
3.175e+05	8.665e-10
3.178e+05	9.317e-10
3.180e+05	9.362e-10
3.183e+05	8.939e-10
3.185e+05	8.521e-10
3.188e+05	7.509e-10
3.190e+05	8.105e-10
3.193e+05	9.822e-10
3.195e+05	9.877e-10
3.198e+05	9.719e-10
3.200e+05	1.024e-09
3.203e+05	1.037e-09
3.205e+05	9.395e-10
3.208e+05	9.326e-10
3.210e+05	1.092e-09
3.213e+05	1.137e-09
3.215e+05	1.094e-09
3.218e+05	1.045e-09
3.220e+05	1.012e-09
3.223e+05	9.165e-10
3.225e+05	8.474e-10
3.228e+05	8.714e-10
3.230e+05	9.298e-10
3.233e+05	9.310e-10
3.235e+05	1.032e-09
3.238e+05	9.160e-10
3.240e+05	9.713e-10
3.243e+05	1.079e-09
3.245e+05	1.070e-09
3.248e+05	1.072e-09
3.250e+05	1.065e-09
3.253e+05	1.238e-09
3.255e+05	1.235e-09
3.258e+05	9.904e-10
3.260e+05	9.023e-10
3.263e+05	9.741e-10
3.265e+05	9.308e-10
3.268e+05	9.409e-10
3.270e+05	8.337e-10
3.273e+05	8.934e-10
3.275e+05	9.757e-10
3.278e+05	9.412e-10
3.280e+05	9.325e-10
3.283e+05	1.055e-09
3.285e+05	1.048e-09
3.288e+05	1.115e-09
3.290e+05	1.126e-09
3.293e+05	1.098e-09
3.295e+05	1.019e-09
3.298e+05	9.663e-10
3.300e+05	9.309e-10
3.303e+05	9.231e-10
3.305e+05	9.093e-10
3.308e+05	9.914e-10
3.310e+05	1.094e-09
3.313e+05	1.005e-09
3.315e+05	9.062e-10
3.318e+05	1.036e-09
3.320e+05	1.094e-09
3.323e+05	1.007e-09
3.325e+05	1.008e-09
3.328e+05	9.997e-10
3.330e+05	1.011e-09
3.333e+05	1.011e-09
3.335e+05	9.594e-10
3.338e+05	9.829e-10
3.340e+05	1.020e-09
3.343e+05	1.034e-09
3.345e+05	1.039e-09
3.348e+05	1.067e-09
3.350e+05	9.893e-10
3.353e+05	1.029e-09
3.355e+05	1.057e-09
3.358e+05	9.993e-10
3.360e+05	9.779e-10
3.363e+05	1.026e-09
3.365e+05	9.841e-10
3.368e+05	8.978e-10
3.370e+05	8.463e-10
3.373e+05	9.015e-10
3.375e+05	9.721e-10
3.378e+05	1.035e-09
3.380e+05	1.041e-09
3.383e+05	9.519e-10
3.385e+05	1.007e-09
3.388e+05	1.133e-09
3.390e+05	1.166e-09
3.393e+05	1.077e-09
3.395e+05	1.028e-09
3.398e+05	1.029e-09
3.400e+05	1.048e-09
3.403e+05	9.179e-10
3.405e+05	8.804e-10
3.408e+05	8.452e-10
3.410e+05	8.773e-10
3.413e+05	1.024e-09
3.415e+05	1.042e-09
3.418e+05	9.951e-10
3.420e+05	9.955e-10
3.423e+05	1.086e-09
3.425e+05	1.171e-09
3.428e+05	1.026e-09
3.430e+05	1.046e-09
3.433e+05	1.020e-09
3.435e+05	8.661e-10
3.438e+05	9.712e-10
3.440e+05	9.161e-10
3.443e+05	9.380e-10
3.445e+05	9.670e-10
3.448e+05	9.472e-10
3.450e+05	9.112e-10
3.453e+05	9.391e-10
3.455e+05	1.033e-09
3.458e+05	8.778e-10
3.460e+05	9.404e-10
3.463e+05	9.520e-10
3.465e+05	9.709e-10
3.468e+05	1.049e-09
3.470e+05	9.539e-10
3.473e+05	9.203e-10
3.475e+05	9.834e-10
3.478e+05	1.077e-09
3.480e+05	1.025e-09
3.483e+05	9.910e-10
3.485e+05	1.059e-09
3.488e+05	9.593e-10
3.490e+05	9.454e-10
3.493e+05	8.820e-10
3.495e+05	7.828e-10
3.498e+05	8.070e-10
3.500e+05	9.569e-10
3.503e+05	9.511e-10
3.505e+05	9.918e-10
3.508e+05	9.459e-10
3.510e+05	8.450e-10
3.513e+05	9.008e-10
3.515e+05	9.314e-10
3.518e+05	8.988e-10
3.520e+05	8.463e-10
3.523e+05	9.460e-10
3.525e+05	1.029e-09
3.528e+05	1.097e-09
3.530e+05	1.079e-09
3.533e+05	8.715e-10
3.535e+05	8.675e-10
3.538e+05	8.972e-10
3.540e+05	9.838e-10
3.543e+05	1.016e-09
3.545e+05	1.000e-09
3.548e+05	9.880e-10
3.550e+05	8.383e-10
3.553e+05	8.590e-10
3.555e+05	1.001e-09
3.558e+05	1.073e-09
3.560e+05	1.017e-09
3.563e+05	9.686e-10
3.565e+05	1.016e-09
3.568e+05	1.002e-09
3.570e+05	9.927e-10
3.573e+05	1.032e-09
3.575e+05	9.147e-10
3.578e+05	8.322e-10
3.580e+05	1.008e-09
3.583e+05	1.056e-09
3.585e+05	1.011e-09
3.588e+05	9.028e-10
3.590e+05	9.929e-10
3.593e+05	9.524e-10
3.595e+05	1.029e-09
3.598e+05	1.059e-09
3.600e+05	1.021e-09
3.603e+05	9.173e-10
3.605e+05	9.759e-10
3.608e+05	9.979e-10
3.610e+05	9.438e-10
3.613e+05	1.010e-09
3.615e+05	1.063e-09
3.618e+05	1.138e-09
3.620e+05	1.011e-09
3.623e+05	9.799e-10
3.625e+05	9.873e-10
3.628e+05	1.030e-09
3.630e+05	1.013e-09
3.633e+05	9.976e-10
3.635e+05	1.006e-09
3.638e+05	9.910e-10
3.640e+05	1.037e-09
3.643e+05	9.347e-10
3.645e+05	1.085e-09
3.648e+05	1.120e-09
3.650e+05	1.062e-09
3.653e+05	1.126e-09
3.655e+05	1.049e-09
3.658e+05	1.030e-09
3.660e+05	9.385e-10
3.663e+05	1.100e-09
3.665e+05	1.012e-09
3.668e+05	9.899e-10
3.670e+05	1.102e-09
3.673e+05	9.412e-10
3.675e+05	9.549e-10
3.678e+05	9.345e-10
3.680e+05	1.035e-09
3.683e+05	1.022e-09
3.685e+05	9.862e-10
3.688e+05	9.571e-10
3.690e+05	9.547e-10
3.693e+05	9.329e-10
3.695e+05	8.902e-10
3.698e+05	9.309e-10
3.700e+05	9.870e-10
3.703e+05	1.033e-09
3.705e+05	1.013e-09
3.708e+05	1.140e-09
3.710e+05	1.177e-09
3.713e+05	1.003e-09
3.715e+05	1.104e-09
3.718e+05	9.841e-10
3.720e+05	9.778e-10
3.723e+05	9.436e-10
3.725e+05	8.728e-10
3.728e+05	8.667e-10
3.730e+05	1.059e-09
3.733e+05	1.154e-09
3.735e+05	9.752e-10
3.738e+05	9.529e-10
3.740e+05	8.567e-10
3.743e+05	8.474e-10
3.745e+05	9.161e-10
3.748e+05	1.042e-09
3.750e+05	8.709e-10
3.753e+05	8.665e-10
3.755e+05	8.253e-10
3.758e+05	9.517e-10
3.760e+05	9.737e-10
3.763e+05	1.034e-09
3.765e+05	1.007e-09
3.768e+05	1.013e-09
3.770e+05	1.023e-09
3.773e+05	9.683e-10
3.775e+05	9.521e-10
3.778e+05	8.388e-10
3.780e+05	9.496e-10
3.783e+05	1.076e-09
3.785e+05	1.037e-09
3.788e+05	9.951e-10
3.790e+05	1.044e-09
3.793e+05	1.063e-09
3.795e+05	1.049e-09
3.798e+05	1.032e-09
3.800e+05	1.029e-09
3.803e+05	1.075e-09
3.805e+05	1.097e-09
3.808e+05	1.040e-09
3.810e+05	1.047e-09
3.813e+05	1.031e-09
3.815e+05	1.088e-09
3.818e+05	9.390e-10
3.820e+05	9.699e-10
3.823e+05	9.807e-10
3.825e+05	9.030e-10
3.828e+05	9.630e-10
3.830e+05	9.638e-10
3.833e+05	9.442e-10
3.835e+05	1.002e-09
3.838e+05	9.772e-10
3.840e+05	8.554e-10
3.843e+05	1.095e-09
3.845e+05	1.106e-09
3.848e+05	1.091e-09
3.850e+05	9.766e-10
3.853e+05	9.540e-10
3.855e+05	9.908e-10
3.858e+05	1.023e-09
3.860e+05	9.876e-10
3.863e+05	9.051e-10
3.865e+05	8.403e-10
3.868e+05	9.637e-10
3.870e+05	9.225e-10
3.873e+05	8.418e-10
3.875e+05	9.724e-10
3.878e+05	1.003e-09
3.880e+05	1.154e-09
3.883e+05	1.068e-09
3.885e+05	1.003e-09
3.888e+05	1.068e-09
3.890e+05	1.098e-09
3.893e+05	1.005e-09
3.895e+05	9.568e-10
3.898e+05	1.137e-09
3.900e+05	1.175e-09
3.903e+05	1.001e-09
3.905e+05	1.032e-09
3.908e+05	1.013e-09
3.910e+05	9.875e-10
3.913e+05	8.618e-10
3.915e+05	8.595e-10
3.918e+05	9.762e-10
3.920e+05	1.098e-09
3.923e+05	1.105e-09
3.925e+05	1.011e-09
3.928e+05	9.423e-10
3.930e+05	9.476e-10
3.933e+05	8.254e-10
3.935e+05	7.730e-10
3.938e+05	9.432e-10
3.940e+05	1.036e-09
3.943e+05	9.362e-10
3.945e+05	1.091e-09
3.948e+05	1.135e-09
3.950e+05	1.004e-09
3.953e+05	1.051e-09
3.955e+05	9.822e-10
3.958e+05	1.066e-09
3.960e+05	1.010e-09
3.963e+05	9.875e-10
3.965e+05	9.118e-10
3.968e+05	9.975e-10
3.970e+05	9.498e-10
3.973e+05	1.029e-09
3.975e+05	1.090e-09
3.978e+05	9.938e-10
3.980e+05	9.995e-10
3.983e+05	1.055e-09
3.985e+05	1.002e-09
3.988e+05	1.010e-09
3.990e+05	9.737e-10
3.993e+05	1.033e-09
3.995e+05	9.449e-10
3.998e+05	1.049e-09
4.000e+05	1.006e-09
4.003e+05	9.972e-10
4.005e+05	1.013e-09
4.008e+05	1.048e-09
4.010e+05	1.041e-09
4.013e+05	9.891e-10
4.015e+05	9.792e-10
4.018e+05	9.939e-10
4.020e+05	9.278e-10
4.023e+05	8.773e-10
4.025e+05	9.800e-10
4.028e+05	1.161e-09
4.030e+05	1.144e-09
4.033e+05	1.078e-09
4.035e+05	1.094e-09
4.038e+05	1.065e-09
4.040e+05	9.520e-10
4.043e+05	1.010e-09
4.045e+05	1.120e-09
4.048e+05	1.174e-09
4.050e+05	9.754e-10
4.053e+05	8.662e-10
4.055e+05	8.738e-10
4.058e+05	8.866e-10
4.060e+05	9.019e-10
4.063e+05	1.058e-09
4.065e+05	1.032e-09
4.068e+05	9.967e-10
4.070e+05	1.123e-09
4.073e+05	9.175e-10
4.075e+05	9.809e-10
4.078e+05	9.809e-10
4.080e+05	9.708e-10
4.083e+05	1.013e-09
4.085e+05	9.891e-10
4.088e+05	9.158e-10
4.090e+05	9.672e-10
4.093e+05	1.030e-09
4.095e+05	9.602e-10
4.098e+05	1.072e-09
4.100e+05	9.758e-10
4.103e+05	9.156e-10
4.105e+05	9.322e-10
4.108e+05	9.296e-10
4.110e+05	1.005e-09
4.113e+05	1.059e-09
4.115e+05	1.022e-09
4.118e+05	1.058e-09
4.120e+05	9.012e-10
4.123e+05	9.896e-10
4.125e+05	1.118e-09
4.128e+05	1.067e-09
4.130e+05	1.025e-09
4.133e+05	9.890e-10
4.135e+05	1.015e-09
4.138e+05	1.093e-09
4.140e+05	1.080e-09
4.143e+05	1.087e-09
4.145e+05	1.028e-09
4.148e+05	9.510e-10
4.150e+05	9.647e-10
4.153e+05	8.793e-10
4.155e+05	8.825e-10
4.158e+05	1.038e-09
4.160e+05	1.069e-09
4.163e+05	1.022e-09
4.165e+05	1.022e-09
4.168e+05	1.059e-09
4.170e+05	1.053e-09
4.173e+05	1.054e-09
4.175e+05	9.415e-10
4.178e+05	8.846e-10
4.180e+05	1.027e-09
4.183e+05	1.000e-09
4.185e+05	1.023e-09
4.188e+05	1.153e-09
4.190e+05	1.135e-09
4.193e+05	9.847e-10
4.195e+05	1.015e-09
4.198e+05	1.050e-09
4.200e+05	1.018e-09
4.203e+05	9.745e-10
4.205e+05	1.027e-09
4.208e+05	1.015e-09
4.210e+05	1.025e-09
4.213e+05	1.064e-09
4.215e+05	1.146e-09
4.218e+05	1.140e-09
4.220e+05	1.108e-09
4.223e+05	1.174e-09
4.225e+05	1.077e-09
4.228e+05	1.012e-09
4.230e+05	1.061e-09
4.233e+05	1.017e-09
4.235e+05	1.035e-09
4.238e+05	1.034e-09
4.240e+05	1.012e-09
4.243e+05	9.240e-10
4.245e+05	8.955e-10
4.248e+05	9.248e-10
4.250e+05	9.422e-10
4.253e+05	1.132e-09
4.255e+05	1.044e-09
4.258e+05	1.037e-09
4.260e+05	1.041e-09
4.263e+05	9.558e-10
4.265e+05	1.032e-09
4.268e+05	1.142e-09
4.270e+05	9.971e-10
4.273e+05	1.025e-09
4.275e+05	1.150e-09
4.278e+05	1.120e-09
4.280e+05	1.047e-09
4.283e+05	1.084e-09
4.285e+05	9.797e-10
4.288e+05	1.027e-09
4.290e+05	1.039e-09
4.293e+05	8.832e-10
4.295e+05	8.895e-10
4.298e+05	9.571e-10
4.300e+05	9.150e-10
4.303e+05	1.037e-09
4.305e+05	1.031e-09
4.308e+05	9.884e-10
4.310e+05	1.086e-09
4.313e+05	1.077e-09
4.315e+05	1.029e-09
4.318e+05	9.268e-10
4.320e+05	8.623e-10
4.323e+05	9.513e-10
4.325e+05	9.717e-10
4.328e+05	1.030e-09
4.330e+05	9.484e-10
4.333e+05	1.040e-09
4.335e+05	1.148e-09
4.338e+05	1.054e-09
4.340e+05	1.104e-09
4.343e+05	1.156e-09
4.345e+05	1.122e-09
4.348e+05	9.890e-10
4.350e+05	1.013e-09
4.353e+05	1.080e-09
4.355e+05	1.109e-09
4.358e+05	1.163e-09
4.360e+05	1.210e-09
4.363e+05	1.248e-09
4.365e+05	1.165e-09
4.368e+05	1.136e-09
4.370e+05	1.202e-09
4.373e+05	1.063e-09
4.375e+05	8.503e-10
4.378e+05	1.066e-09
4.380e+05	1.086e-09
4.383e+05	1.103e-09
4.385e+05	1.105e-09
4.388e+05	1.037e-09
4.390e+05	1.107e-09
4.393e+05	1.096e-09
4.395e+05	1.016e-09
4.398e+05	1.149e-09
4.400e+05	1.142e-09
4.403e+05	1.036e-09
4.405e+05	9.636e-10
4.408e+05	1.083e-09
4.410e+05	1.154e-09
4.413e+05	1.089e-09
4.415e+05	1.126e-09
4.418e+05	1.009e-09
4.420e+05	1.021e-09
4.423e+05	1.054e-09
4.425e+05	1.094e-09
4.428e+05	1.070e-09
4.430e+05	9.627e-10
4.433e+05	8.930e-10
4.435e+05	9.359e-10
4.438e+05	1.043e-09
4.440e+05	1.090e-09
4.443e+05	1.113e-09
4.445e+05	1.191e-09
4.448e+05	1.226e-09
4.450e+05	1.049e-09
4.453e+05	1.144e-09
4.455e+05	1.152e-09
4.458e+05	9.971e-10
4.460e+05	1.019e-09
4.463e+05	1.012e-09
4.465e+05	1.066e-09
4.468e+05	1.128e-09
4.470e+05	1.069e-09
4.473e+05	9.374e-10
4.475e+05	1.027e-09
4.478e+05	1.128e-09
4.480e+05	1.068e-09
4.483e+05	1.075e-09
4.485e+05	1.091e-09
4.488e+05	1.020e-09
4.490e+05	9.665e-10
4.493e+05	1.008e-09
4.495e+05	1.006e-09
4.498e+05	9.527e-10
4.500e+05	1.076e-09
4.503e+05	1.176e-09
4.505e+05	1.107e-09
4.508e+05	1.094e-09
4.510e+05	1.091e-09
4.513e+05	1.095e-09
4.515e+05	1.128e-09
4.518e+05	1.145e-09
4.520e+05	1.114e-09
4.523e+05	1.074e-09
4.525e+05	1.074e-09
4.528e+05	1.030e-09
4.530e+05	1.058e-09
4.533e+05	1.038e-09
4.535e+05	9.694e-10
4.538e+05	9.333e-10
4.540e+05	1.044e-09
4.543e+05	9.599e-10
4.545e+05	9.619e-10
4.548e+05	1.131e-09
4.550e+05	1.084e-09
4.553e+05	1.137e-09
4.555e+05	1.128e-09
4.558e+05	1.167e-09
4.560e+05	1.147e-09
4.563e+05	1.086e-09
4.565e+05	1.184e-09
4.568e+05	1.128e-09
4.570e+05	1.005e-09
4.573e+05	1.021e-09
4.575e+05	1.126e-09
4.578e+05	1.121e-09
4.580e+05	1.018e-09
4.583e+05	1.044e-09
4.585e+05	1.090e-09
4.588e+05	1.095e-09
4.590e+05	1.080e-09
4.593e+05	9.864e-10
4.595e+05	1.010e-09
4.598e+05	9.937e-10
4.600e+05	9.520e-10
4.603e+05	9.539e-10
4.605e+05	1.013e-09
4.608e+05	9.977e-10
4.610e+05	1.083e-09
4.613e+05	1.058e-09
4.615e+05	9.364e-10
4.618e+05	1.047e-09
4.620e+05	1.223e-09
4.623e+05	1.198e-09
4.625e+05	1.000e-09
4.628e+05	1.115e-09
4.630e+05	1.157e-09
4.633e+05	1.140e-09
4.635e+05	1.126e-09
4.638e+05	1.150e-09
4.640e+05	1.097e-09
4.643e+05	1.093e-09
4.645e+05	1.113e-09
4.648e+05	1.098e-09
4.650e+05	1.102e-09
4.653e+05	1.050e-09
4.655e+05	9.605e-10
4.658e+05	9.324e-10
4.660e+05	1.000e-09
4.663e+05	1.006e-09
4.665e+05	1.073e-09
4.668e+05	1.112e-09
4.670e+05	1.078e-09
4.673e+05	1.036e-09
4.675e+05	1.092e-09
4.678e+05	1.092e-09
4.680e+05	1.219e-09
4.683e+05	1.212e-09
4.685e+05	1.093e-09
4.688e+05	9.807e-10
4.690e+05	9.408e-10
4.693e+05	1.067e-09
4.695e+05	1.040e-09
4.698e+05	1.029e-09
4.700e+05	1.021e-09
4.703e+05	9.880e-10
4.705e+05	1.112e-09
4.708e+05	1.141e-09
4.710e+05	1.118e-09
4.713e+05	1.130e-09
4.715e+05	1.057e-09
4.718e+05	1.053e-09
4.720e+05	1.210e-09
4.723e+05	1.143e-09
4.725e+05	1.032e-09
4.728e+05	1.167e-09
4.730e+05	1.121e-09
4.733e+05	1.174e-09
4.735e+05	1.101e-09
4.738e+05	1.023e-09
4.740e+05	1.034e-09
4.743e+05	1.121e-09
4.745e+05	1.220e-09
4.748e+05	1.147e-09
4.750e+05	1.138e-09
4.753e+05	1.036e-09
4.755e+05	1.120e-09
4.758e+05	1.001e-09
4.760e+05	1.030e-09
4.763e+05	1.000e-09
4.765e+05	1.079e-09
4.768e+05	1.050e-09
4.770e+05	9.706e-10
4.773e+05	1.019e-09
4.775e+05	1.066e-09
4.778e+05	1.034e-09
4.780e+05	9.787e-10
4.783e+05	9.152e-10
4.785e+05	9.491e-10
4.788e+05	1.070e-09
4.790e+05	1.140e-09
4.793e+05	1.078e-09
4.795e+05	1.094e-09
4.798e+05	1.059e-09
4.800e+05	1.048e-09
4.803e+05	1.060e-09
4.805e+05	1.101e-09
4.808e+05	1.225e-09
4.810e+05	1.149e-09
4.813e+05	1.190e-09
4.815e+05	1.054e-09
4.818e+05	1.161e-09
4.820e+05	1.038e-09
4.823e+05	1.063e-09
4.825e+05	1.157e-09
4.828e+05	1.232e-09
4.830e+05	1.059e-09
4.833e+05	1.099e-09
4.835e+05	1.201e-09
4.838e+05	1.283e-09
4.840e+05	1.289e-09
4.843e+05	1.085e-09
4.845e+05	9.044e-10
4.848e+05	9.844e-10
4.850e+05	1.079e-09
4.853e+05	1.057e-09
4.855e+05	1.131e-09
4.858e+05	1.205e-09
4.860e+05	1.882e-09
4.863e+05	1.723e-09
4.865e+05	1.148e-09
4.868e+05	1.025e-09
4.870e+05	9.083e-10
4.873e+05	9.811e-10
4.875e+05	9.941e-10
4.878e+05	1.046e-09
4.880e+05	9.903e-10
4.883e+05	1.118e-09
4.885e+05	1.155e-09
4.888e+05	1.105e-09
4.890e+05	1.094e-09
4.893e+05	1.099e-09
4.895e+05	1.215e-09
4.898e+05	1.147e-09
4.900e+05	1.146e-09
4.903e+05	1.049e-09
4.905e+05	1.117e-09
4.908e+05	1.135e-09
4.910e+05	1.127e-09
4.913e+05	1.158e-09
4.915e+05	1.064e-09
4.918e+05	1.037e-09
4.920e+05	1.099e-09
4.923e+05	1.035e-09
4.925e+05	1.203e-09
4.928e+05	1.251e-09
4.930e+05	1.211e-09
4.933e+05	1.151e-09
4.935e+05	1.254e-09
4.938e+05	1.130e-09
4.940e+05	1.067e-09
4.943e+05	1.154e-09
4.945e+05	1.167e-09
4.948e+05	1.149e-09
4.950e+05	1.098e-09
4.953e+05	1.132e-09
4.955e+05	1.110e-09
4.958e+05	1.208e-09
4.960e+05	1.220e-09
4.963e+05	1.143e-09
4.965e+05	1.160e-09
4.968e+05	1.111e-09
4.970e+05	1.095e-09
4.973e+05	9.987e-10
4.975e+05	1.019e-09
4.978e+05	1.173e-09
4.980e+05	1.203e-09
4.983e+05	1.097e-09
4.985e+05	1.155e-09
4.988e+05	1.106e-09
4.990e+05	1.082e-09
4.993e+05	1.103e-09
4.995e+05	1.213e-09
4.998e+05	1.169e-09
5.000e+05	1.235e-09
5.003e+05	1.227e-09
5.005e+05	1.134e-09
5.008e+05	1.151e-09
5.010e+05	1.153e-09
5.013e+05	1.127e-09
5.015e+05	1.056e-09
5.018e+05	1.063e-09
5.020e+05	1.320e-09
5.023e+05	1.216e-09
5.025e+05	1.107e-09
5.028e+05	1.091e-09
5.030e+05	1.139e-09
5.033e+05	1.224e-09
5.035e+05	1.254e-09
5.038e+05	1.401e-09
5.040e+05	1.382e-09
5.043e+05	1.164e-09
5.045e+05	1.043e-09
5.048e+05	1.026e-09
5.050e+05	1.207e-09
5.053e+05	1.278e-09
5.055e+05	1.006e-09
5.058e+05	9.975e-10
5.060e+05	1.110e-09
5.063e+05	1.081e-09
5.065e+05	1.118e-09
5.068e+05	1.065e-09
5.070e+05	9.764e-10
5.073e+05	1.114e-09
5.075e+05	1.126e-09
5.078e+05	1.058e-09
5.080e+05	9.048e-10
5.083e+05	9.876e-10
5.085e+05	1.213e-09
5.088e+05	1.107e-09
5.090e+05	1.047e-09
5.093e+05	1.044e-09
5.095e+05	1.107e-09
5.098e+05	1.181e-09
5.100e+05	1.146e-09
5.103e+05	1.185e-09
5.105e+05	1.104e-09
5.108e+05	1.173e-09
5.110e+05	1.242e-09
5.113e+05	1.253e-09
5.115e+05	1.120e-09
5.118e+05	1.052e-09
5.120e+05	1.076e-09
5.123e+05	1.159e-09
5.125e+05	1.226e-09
5.128e+05	1.162e-09
5.130e+05	1.139e-09
5.133e+05	1.036e-09
5.135e+05	1.101e-09
5.138e+05	1.286e-09
5.140e+05	1.091e-09
5.143e+05	1.125e-09
5.145e+05	1.146e-09
5.148e+05	1.208e-09
5.150e+05	1.225e-09
5.153e+05	1.177e-09
5.155e+05	1.142e-09
5.158e+05	1.354e-09
5.160e+05	1.255e-09
5.163e+05	1.201e-09
5.165e+05	1.163e-09
5.168e+05	1.020e-09
5.170e+05	1.135e-09
5.173e+05	1.327e-09
5.175e+05	1.244e-09
5.178e+05	1.093e-09
5.180e+05	1.007e-09
5.183e+05	1.072e-09
5.185e+05	1.108e-09
5.188e+05	1.140e-09
5.190e+05	1.105e-09
5.193e+05	1.118e-09
5.195e+05	1.209e-09
5.198e+05	1.221e-09
5.200e+05	1.140e-09
5.203e+05	1.022e-09
5.205e+05	1.152e-09
5.208e+05	1.215e-09
5.210e+05	1.197e-09
5.213e+05	1.240e-09
5.215e+05	1.144e-09
5.218e+05	1.203e-09
5.220e+05	1.179e-09
5.223e+05	1.187e-09
5.225e+05	1.154e-09
5.228e+05	1.193e-09
5.230e+05	1.142e-09
5.233e+05	1.274e-09
5.235e+05	1.290e-09
5.238e+05	1.343e-09
5.240e+05	1.179e-09
5.243e+05	1.022e-09
5.245e+05	1.148e-09
5.248e+05	1.152e-09
5.250e+05	1.016e-09
5.253e+05	1.145e-09
5.255e+05	1.219e-09
5.258e+05	1.358e-09
5.260e+05	1.248e-09
5.263e+05	1.200e-09
5.265e+05	1.145e-09
5.268e+05	1.133e-09
5.270e+05	1.229e-09
5.273e+05	1.240e-09
5.275e+05	1.318e-09
5.278e+05	1.171e-09
5.280e+05	1.396e-09
5.283e+05	1.300e-09
5.285e+05	1.165e-09
5.288e+05	1.268e-09
5.290e+05	1.171e-09
5.293e+05	1.138e-09
5.295e+05	1.218e-09
5.298e+05	1.290e-09
5.300e+05	1.172e-09
5.303e+05	1.076e-09
5.305e+05	1.143e-09
5.308e+05	1.181e-09
5.310e+05	1.304e-09
5.313e+05	1.219e-09
5.315e+05	1.167e-09
5.318e+05	1.255e-09
5.320e+05	1.290e-09
5.323e+05	1.475e-09
5.325e+05	1.299e-09
5.328e+05	1.124e-09
5.330e+05	1.024e-09
5.333e+05	1.060e-09
5.335e+05	1.263e-09
5.338e+05	1.333e-09
5.340e+05	1.137e-09
5.343e+05	1.090e-09
5.345e+05	1.299e-09
5.348e+05	1.373e-09
5.350e+05	1.216e-09
5.353e+05	1.077e-09
5.355e+05	1.139e-09
5.358e+05	1.016e-09
5.360e+05	1.024e-09
5.363e+05	1.069e-09
5.365e+05	1.283e-09
5.368e+05	1.259e-09
5.370e+05	1.210e-09
5.373e+05	1.199e-09
5.375e+05	1.267e-09
5.378e+05	1.234e-09
5.380e+05	1.146e-09
5.383e+05	1.046e-09
5.385e+05	1.185e-09
5.388e+05	1.294e-09
5.390e+05	1.285e-09
5.393e+05	1.168e-09
5.395e+05	1.276e-09
5.398e+05	1.390e-09
5.400e+05	1.297e-09
5.403e+05	1.120e-09
5.405e+05	1.173e-09
5.408e+05	1.080e-09
5.410e+05	1.173e-09
5.413e+05	1.188e-09
5.415e+05	1.269e-09
5.418e+05	1.349e-09
5.420e+05	1.273e-09
5.423e+05	1.266e-09
5.425e+05	1.106e-09
5.428e+05	1.302e-09
5.430e+05	1.253e-09
5.433e+05	1.273e-09
5.435e+05	1.347e-09
5.438e+05	1.283e-09
5.440e+05	1.184e-09
5.443e+05	1.173e-09
5.445e+05	1.151e-09
5.448e+05	1.013e-09
5.450e+05	1.248e-09
5.453e+05	1.160e-09
5.455e+05	1.241e-09
5.458e+05	1.337e-09
5.460e+05	1.400e-09
5.463e+05	1.353e-09
5.465e+05	1.220e-09
5.468e+05	1.162e-09
5.470e+05	1.201e-09
5.473e+05	1.263e-09
5.475e+05	1.248e-09
5.478e+05	1.157e-09
5.480e+05	1.200e-09
5.483e+05	1.316e-09
5.485e+05	1.194e-09
5.488e+05	1.086e-09
5.490e+05	1.191e-09
5.493e+05	1.281e-09
5.495e+05	1.144e-09
5.498e+05	1.280e-09
5.500e+05	1.361e-09
5.503e+05	1.323e-09
5.505e+05	1.225e-09
5.508e+05	1.220e-09
5.510e+05	1.419e-09
5.513e+05	1.438e-09
5.515e+05	1.323e-09
5.518e+05	1.212e-09
5.520e+05	1.237e-09
5.523e+05	1.305e-09
5.525e+05	1.268e-09
5.528e+05	1.355e-09
5.530e+05	1.329e-09
5.533e+05	1.323e-09
5.535e+05	1.187e-09
5.538e+05	1.174e-09
5.540e+05	1.058e-09
5.543e+05	1.107e-09
5.545e+05	1.215e-09
5.548e+05	1.097e-09
5.550e+05	1.065e-09
5.553e+05	1.269e-09
5.555e+05	1.259e-09
5.558e+05	1.218e-09
5.560e+05	1.232e-09
5.563e+05	1.280e-09
5.565e+05	1.254e-09
5.568e+05	1.312e-09
5.570e+05	1.371e-09
5.573e+05	1.225e-09
5.575e+05	1.305e-09
5.578e+05	1.248e-09
5.580e+05	1.258e-09
5.583e+05	1.238e-09
5.585e+05	1.129e-09
5.588e+05	1.091e-09
5.590e+05	1.146e-09
5.593e+05	1.163e-09
5.595e+05	1.385e-09
5.598e+05	1.320e-09
5.600e+05	1.171e-09
5.603e+05	1.137e-09
5.605e+05	1.046e-09
5.608e+05	1.103e-09
5.610e+05	1.279e-09
5.613e+05	1.261e-09
5.615e+05	1.120e-09
5.618e+05	1.186e-09
5.620e+05	1.266e-09
5.623e+05	1.260e-09
5.625e+05	1.144e-09
5.628e+05	1.301e-09
5.630e+05	1.279e-09
5.633e+05	1.229e-09
5.635e+05	1.233e-09
5.638e+05	1.110e-09
5.640e+05	1.145e-09
5.643e+05	1.169e-09
5.645e+05	1.245e-09
5.648e+05	1.138e-09
5.650e+05	1.218e-09
5.653e+05	1.261e-09
5.655e+05	1.286e-09
5.658e+05	1.320e-09
5.660e+05	1.208e-09
5.663e+05	1.201e-09
5.665e+05	1.308e-09
5.668e+05	1.230e-09
5.670e+05	1.343e-09
5.673e+05	1.310e-09
5.675e+05	1.156e-09
5.678e+05	1.182e-09
5.680e+05	1.157e-09
5.683e+05	1.075e-09
5.685e+05	1.096e-09
5.688e+05	1.219e-09
5.690e+05	1.365e-09
5.693e+05	1.407e-09
5.695e+05	1.468e-09
5.698e+05	1.281e-09
5.700e+05	1.156e-09
5.703e+05	1.299e-09
5.705e+05	1.291e-09
5.708e+05	1.302e-09
5.710e+05	1.283e-09
5.713e+05	1.328e-09
5.715e+05	1.386e-09
5.718e+05	1.264e-09
5.720e+05	1.343e-09
5.723e+05	1.342e-09
5.725e+05	1.237e-09
5.728e+05	1.377e-09
5.730e+05	1.515e-09
5.733e+05	1.485e-09
5.735e+05	1.445e-09
5.738e+05	1.405e-09
5.740e+05	1.286e-09
5.743e+05	1.248e-09
5.745e+05	1.242e-09
5.748e+05	1.264e-09
5.750e+05	1.199e-09
5.753e+05	1.296e-09
5.755e+05	1.371e-09
5.758e+05	1.289e-09
5.760e+05	1.329e-09
5.763e+05	1.251e-09
5.765e+05	1.218e-09
5.768e+05	1.417e-09
5.770e+05	1.401e-09
5.773e+05	1.262e-09
5.775e+05	1.341e-09
5.778e+05	1.512e-09
5.780e+05	1.326e-09
5.783e+05	1.287e-09
5.785e+05	1.269e-09
5.788e+05	1.329e-09
5.790e+05	1.339e-09
5.793e+05	1.259e-09
5.795e+05	1.334e-09
5.798e+05	1.420e-09
5.800e+05	1.260e-09
5.803e+05	1.260e-09
5.805e+05	1.212e-09
5.808e+05	1.304e-09
5.810e+05	1.236e-09
5.813e+05	1.361e-09
5.815e+05	1.345e-09
5.818e+05	1.311e-09
5.820e+05	1.258e-09
5.823e+05	1.167e-09
5.825e+05	1.201e-09
5.828e+05	1.297e-09
5.830e+05	1.508e-09
5.833e+05	1.547e-09
5.835e+05	1.409e-09
5.838e+05	1.382e-09
5.840e+05	1.432e-09
5.843e+05	1.464e-09
5.845e+05	1.275e-09
5.848e+05	1.275e-09
5.850e+05	1.390e-09
5.853e+05	1.413e-09
5.855e+05	1.277e-09
5.858e+05	1.280e-09
5.860e+05	1.291e-09
5.863e+05	1.453e-09
5.865e+05	1.538e-09
5.868e+05	1.575e-09
5.870e+05	1.370e-09
5.873e+05	1.325e-09
5.875e+05	1.353e-09
5.878e+05	1.325e-09
5.880e+05	1.254e-09
5.883e+05	1.269e-09
5.885e+05	1.190e-09
5.888e+05	1.280e-09
5.890e+05	1.504e-09
5.893e+05	1.407e-09
5.895e+05	1.353e-09
5.898e+05	1.309e-09
5.900e+05	1.362e-09
5.903e+05	1.347e-09
5.905e+05	1.155e-09
5.908e+05	1.273e-09
5.910e+05	1.280e-09
5.913e+05	1.406e-09
5.915e+05	1.396e-09
5.918e+05	1.232e-09
5.920e+05	1.364e-09
5.923e+05	1.369e-09
5.925e+05	1.468e-09
5.928e+05	1.379e-09
5.930e+05	1.442e-09
5.933e+05	1.449e-09
5.935e+05	1.455e-09
5.938e+05	1.457e-09
5.940e+05	1.401e-09
5.943e+05	1.532e-09
5.945e+05	1.506e-09
5.948e+05	1.297e-09
5.950e+05	1.394e-09
5.953e+05	1.407e-09
5.955e+05	1.390e-09
5.958e+05	1.442e-09
5.960e+05	1.388e-09
5.963e+05	1.594e-09
5.965e+05	1.453e-09
5.968e+05	1.350e-09
5.970e+05	1.484e-09
5.973e+05	1.450e-09
5.975e+05	1.388e-09
5.978e+05	1.358e-09
5.980e+05	1.230e-09
5.983e+05	1.480e-09
5.985e+05	1.487e-09
5.988e+05	1.402e-09
5.990e+05	1.275e-09
5.993e+05	1.418e-09
5.995e+05	1.318e-09
5.998e+05	1.419e-09
6.000e+05	1.396e-09
6.003e+05	1.371e-09
6.005e+05	1.438e-09
6.008e+05	1.457e-09
6.010e+05	1.315e-09
6.013e+05	1.339e-09
6.015e+05	1.373e-09
6.018e+05	1.350e-09
6.020e+05	1.421e-09
6.023e+05	1.379e-09
6.025e+05	1.439e-09
6.028e+05	1.440e-09
6.030e+05	1.518e-09
6.033e+05	1.402e-09
6.035e+05	1.329e-09
6.038e+05	1.440e-09
6.040e+05	1.301e-09
6.043e+05	1.325e-09
6.045e+05	1.380e-09
6.048e+05	1.345e-09
6.050e+05	1.199e-09
6.053e+05	1.296e-09
6.055e+05	1.358e-09
6.058e+05	1.359e-09
6.060e+05	1.526e-09
6.063e+05	1.310e-09
6.065e+05	1.199e-09
6.068e+05	1.317e-09
6.070e+05	1.467e-09
6.073e+05	1.406e-09
6.075e+05	1.546e-09
6.078e+05	1.603e-09
6.080e+05	1.562e-09
6.083e+05	1.499e-09
6.085e+05	1.305e-09
6.088e+05	1.326e-09
6.090e+05	1.317e-09
6.093e+05	1.370e-09
6.095e+05	1.433e-09
6.098e+05	1.319e-09
6.100e+05	1.411e-09
6.103e+05	1.457e-09
6.105e+05	1.515e-09
6.108e+05	1.456e-09
6.110e+05	1.420e-09
6.113e+05	1.328e-09
6.115e+05	1.345e-09
6.118e+05	1.287e-09
6.120e+05	1.329e-09
6.123e+05	1.598e-09
6.125e+05	1.639e-09
6.128e+05	1.390e-09
6.130e+05	1.364e-09
6.133e+05	1.278e-09
6.135e+05	1.284e-09
6.138e+05	1.385e-09
6.140e+05	1.471e-09
6.143e+05	1.299e-09
6.145e+05	1.475e-09
6.148e+05	1.572e-09
6.150e+05	1.504e-09
6.153e+05	1.592e-09
6.155e+05	1.719e-09
6.158e+05	1.570e-09
6.160e+05	1.566e-09
6.163e+05	1.581e-09
6.165e+05	1.421e-09
6.168e+05	1.455e-09
6.170e+05	1.438e-09
6.173e+05	1.493e-09
6.175e+05	1.551e-09
6.178e+05	1.663e-09
6.180e+05	1.733e-09
6.183e+05	1.688e-09
6.185e+05	1.432e-09
6.188e+05	1.405e-09
6.190e+05	1.500e-09
6.193e+05	1.282e-09
6.195e+05	1.235e-09
6.198e+05	1.413e-09
6.200e+05	1.685e-09
6.203e+05	1.708e-09
6.205e+05	1.557e-09
6.208e+05	1.595e-09
6.210e+05	1.512e-09
6.213e+05	1.341e-09
6.215e+05	1.460e-09
6.218e+05	1.694e-09
6.220e+05	1.594e-09
6.223e+05	1.384e-09
6.225e+05	1.235e-09
6.228e+05	1.421e-09
6.230e+05	1.575e-09
6.233e+05	1.399e-09
6.235e+05	1.612e-09
6.238e+05	1.534e-09
6.240e+05	1.378e-09
6.243e+05	1.536e-09
6.245e+05	1.424e-09
6.248e+05	1.428e-09
6.250e+05	1.457e-09
6.253e+05	1.549e-09
6.255e+05	1.498e-09
6.258e+05	1.590e-09
6.260e+05	1.577e-09
6.263e+05	1.585e-09
6.265e+05	1.570e-09
6.268e+05	1.534e-09
6.270e+05	1.549e-09
6.273e+05	1.458e-09
6.275e+05	1.430e-09
6.278e+05	1.658e-09
6.280e+05	1.563e-09
6.283e+05	1.407e-09
6.285e+05	1.444e-09
6.288e+05	1.487e-09
6.290e+05	1.419e-09
6.293e+05	1.527e-09
6.295e+05	1.530e-09
6.298e+05	1.519e-09
6.300e+05	1.550e-09
6.303e+05	1.497e-09
6.305e+05	1.378e-09
6.308e+05	1.302e-09
6.310e+05	1.450e-09
6.313e+05	1.390e-09
6.315e+05	1.642e-09
6.318e+05	1.624e-09
6.320e+05	1.612e-09
6.323e+05	1.520e-09
6.325e+05	1.575e-09
6.328e+05	1.714e-09
6.330e+05	1.754e-09
6.333e+05	1.798e-09
6.335e+05	1.554e-09
6.338e+05	1.443e-09
6.340e+05	1.563e-09
6.343e+05	1.710e-09
6.345e+05	1.563e-09
6.348e+05	1.547e-09
6.350e+05	1.660e-09
6.353e+05	1.472e-09
6.355e+05	1.467e-09
6.358e+05	1.458e-09
6.360e+05	1.418e-09
6.363e+05	1.559e-09
6.365e+05	1.661e-09
6.368e+05	1.717e-09
6.370e+05	1.765e-09
6.373e+05	1.634e-09
6.375e+05	1.318e-09
6.378e+05	1.434e-09
6.380e+05	1.598e-09
6.383e+05	1.657e-09
6.385e+05	1.522e-09
6.388e+05	1.431e-09
6.390e+05	1.574e-09
6.393e+05	1.428e-09
6.395e+05	1.338e-09
6.398e+05	1.437e-09
6.400e+05	1.360e-09
6.403e+05	1.370e-09
6.405e+05	1.385e-09
6.408e+05	1.470e-09
6.410e+05	1.422e-09
6.413e+05	1.442e-09
6.415e+05	1.564e-09
6.418e+05	1.781e-09
6.420e+05	1.742e-09
6.423e+05	1.614e-09
6.425e+05	1.515e-09
6.428e+05	1.555e-09
6.430e+05	1.492e-09
6.433e+05	1.490e-09
6.435e+05	1.599e-09
6.438e+05	1.777e-09
6.440e+05	1.715e-09
6.443e+05	1.590e-09
6.445e+05	1.426e-09
6.448e+05	1.323e-09
6.450e+05	1.324e-09
6.453e+05	1.659e-09
6.455e+05	1.785e-09
6.458e+05	1.606e-09
6.460e+05	1.643e-09
6.463e+05	1.734e-09
6.465e+05	1.760e-09
6.468e+05	1.650e-09
6.470e+05	1.540e-09
6.473e+05	1.610e-09
6.475e+05	1.676e-09
6.478e+05	1.684e-09
6.480e+05	1.481e-09
6.483e+05	1.541e-09
6.485e+05	1.529e-09
6.488e+05	1.580e-09
6.490e+05	1.549e-09
6.493e+05	1.583e-09
6.495e+05	1.516e-09
6.498e+05	1.480e-09
6.500e+05	1.762e-09
6.503e+05	1.704e-09
6.505e+05	1.729e-09
6.508e+05	1.722e-09
6.510e+05	1.484e-09
6.513e+05	1.527e-09
6.515e+05	1.539e-09
6.518e+05	1.590e-09
6.520e+05	1.769e-09
6.523e+05	1.925e-09
6.525e+05	1.714e-09
6.528e+05	1.564e-09
6.530e+05	1.565e-09
6.533e+05	1.503e-09
6.535e+05	1.687e-09
6.538e+05	1.509e-09
6.540e+05	1.315e-09
6.543e+05	1.704e-09
6.545e+05	1.864e-09
6.548e+05	1.597e-09
6.550e+05	1.447e-09
6.553e+05	1.466e-09
6.555e+05	1.456e-09
6.558e+05	1.560e-09
6.560e+05	1.769e-09
6.563e+05	1.526e-09
6.565e+05	1.553e-09
6.568e+05	1.602e-09
6.570e+05	1.816e-09
6.573e+05	1.555e-09
6.575e+05	1.499e-09
6.578e+05	1.568e-09
6.580e+05	1.498e-09
6.583e+05	1.548e-09
6.585e+05	1.503e-09
6.588e+05	1.486e-09
6.590e+05	1.745e-09
6.593e+05	1.663e-09
6.595e+05	1.595e-09
6.598e+05	1.607e-09
6.600e+05	1.835e-09
6.603e+05	1.724e-09
6.605e+05	1.833e-09
6.608e+05	1.917e-09
6.610e+05	1.664e-09
6.613e+05	1.515e-09
6.615e+05	1.518e-09
6.618e+05	1.635e-09
6.620e+05	1.717e-09
6.623e+05	1.778e-09
6.625e+05	1.538e-09
6.628e+05	1.653e-09
6.630e+05	1.614e-09
6.633e+05	1.576e-09
6.635e+05	1.343e-09
6.638e+05	1.428e-09
6.640e+05	1.590e-09
6.643e+05	1.587e-09
6.645e+05	1.603e-09
6.648e+05	1.547e-09
6.650e+05	1.592e-09
6.653e+05	1.653e-09
6.655e+05	1.761e-09
6.658e+05	1.763e-09
6.660e+05	1.822e-09
6.663e+05	1.723e-09
6.665e+05	1.649e-09
6.668e+05	1.827e-09
6.670e+05	1.782e-09
6.673e+05	1.615e-09
6.675e+05	1.791e-09
6.678e+05	1.780e-09
6.680e+05	1.757e-09
6.683e+05	1.453e-09
6.685e+05	1.609e-09
6.688e+05	1.773e-09
6.690e+05	1.631e-09
6.693e+05	1.708e-09
6.695e+05	1.905e-09
6.698e+05	1.687e-09
6.700e+05	1.540e-09
6.703e+05	1.527e-09
6.705e+05	1.875e-09
6.708e+05	1.891e-09
6.710e+05	1.927e-09
6.713e+05	1.734e-09
6.715e+05	1.658e-09
6.718e+05	1.652e-09
6.720e+05	1.501e-09
6.723e+05	1.517e-09
6.725e+05	1.707e-09
6.728e+05	1.784e-09
6.730e+05	1.717e-09
6.733e+05	1.779e-09
6.735e+05	1.862e-09
6.738e+05	2.016e-09
6.740e+05	2.009e-09
6.743e+05	1.660e-09
6.745e+05	1.497e-09
6.748e+05	1.628e-09
6.750e+05	1.692e-09
6.753e+05	1.614e-09
6.755e+05	1.641e-09
6.758e+05	1.761e-09
6.760e+05	1.817e-09
6.763e+05	1.849e-09
6.765e+05	1.952e-09
6.768e+05	1.885e-09
6.770e+05	1.773e-09
6.773e+05	1.755e-09
6.775e+05	1.812e-09
6.778e+05	1.661e-09
6.780e+05	1.655e-09
6.783e+05	1.951e-09
6.785e+05	1.988e-09
6.788e+05	1.826e-09
6.790e+05	1.674e-09
6.793e+05	1.903e-09
6.795e+05	1.786e-09
6.798e+05	1.423e-09
6.800e+05	1.505e-09
6.803e+05	1.561e-09
6.805e+05	1.638e-09
6.808e+05	1.796e-09
6.810e+05	1.894e-09
6.813e+05	1.767e-09
6.815e+05	1.813e-09
6.818e+05	1.788e-09
6.820e+05	1.861e-09
6.823e+05	2.075e-09
6.825e+05	2.002e-09
6.828e+05	1.782e-09
6.830e+05	1.711e-09
6.833e+05	1.860e-09
6.835e+05	1.835e-09
6.838e+05	1.869e-09
6.840e+05	1.837e-09
6.843e+05	1.866e-09
6.845e+05	1.905e-09
6.848e+05	1.591e-09
6.850e+05	1.878e-09
6.853e+05	1.855e-09
6.855e+05	1.905e-09
6.858e+05	1.920e-09
6.860e+05	1.803e-09
6.863e+05	1.806e-09
6.865e+05	1.893e-09
6.868e+05	1.676e-09
6.870e+05	1.733e-09
6.873e+05	1.987e-09
6.875e+05	2.091e-09
6.878e+05	1.948e-09
6.880e+05	1.854e-09
6.883e+05	1.998e-09
6.885e+05	1.938e-09
6.888e+05	2.298e-09
6.890e+05	2.252e-09
6.893e+05	1.928e-09
6.895e+05	1.989e-09
6.898e+05	1.992e-09
6.900e+05	1.736e-09
6.903e+05	2.024e-09
6.905e+05	1.749e-09
6.908e+05	1.667e-09
6.910e+05	1.912e-09
6.913e+05	1.671e-09
6.915e+05	1.699e-09
6.918e+05	1.904e-09
6.920e+05	1.859e-09
6.923e+05	1.621e-09
6.925e+05	1.813e-09
6.928e+05	1.916e-09
6.930e+05	1.880e-09
6.933e+05	1.917e-09
6.935e+05	1.934e-09
6.938e+05	2.021e-09
6.940e+05	1.821e-09
6.943e+05	1.774e-09
6.945e+05	1.823e-09
6.948e+05	1.873e-09
6.950e+05	1.725e-09
6.953e+05	1.576e-09
6.955e+05	1.727e-09
6.958e+05	1.844e-09
6.960e+05	2.059e-09
6.963e+05	2.045e-09
6.965e+05	2.069e-09
6.968e+05	1.930e-09
6.970e+05	2.001e-09
6.973e+05	1.964e-09
6.975e+05	1.576e-09
6.978e+05	1.752e-09
6.980e+05	1.883e-09
6.983e+05	1.761e-09
6.985e+05	1.744e-09
6.988e+05	1.901e-09
6.990e+05	1.984e-09
6.993e+05	1.906e-09
6.995e+05	1.813e-09
6.998e+05	1.839e-09
7.000e+05	2.092e-09
7.003e+05	1.831e-09
7.005e+05	1.727e-09
7.008e+05	1.587e-09
7.010e+05	1.898e-09
7.013e+05	2.140e-09
7.015e+05	2.211e-09
7.018e+05	2.293e-09
7.020e+05	2.018e-09
7.023e+05	2.015e-09
7.025e+05	1.818e-09
7.028e+05	2.122e-09
7.030e+05	2.211e-09
7.033e+05	1.967e-09
7.035e+05	1.947e-09
7.038e+05	2.130e-09
7.040e+05	2.151e-09
7.043e+05	2.054e-09
7.045e+05	1.950e-09
7.048e+05	1.793e-09
7.050e+05	1.920e-09
7.053e+05	1.959e-09
7.055e+05	1.954e-09
7.058e+05	1.824e-09
7.060e+05	2.180e-09
7.063e+05	2.170e-09
7.065e+05	2.140e-09
7.068e+05	2.262e-09
7.070e+05	2.299e-09
7.073e+05	1.949e-09
7.075e+05	1.726e-09
7.078e+05	2.060e-09
7.080e+05	2.097e-09
7.083e+05	1.919e-09
7.085e+05	2.027e-09
7.088e+05	2.135e-09
7.090e+05	2.121e-09
7.093e+05	1.941e-09
7.095e+05	1.612e-09
7.098e+05	1.721e-09
7.100e+05	2.091e-09
7.103e+05	1.920e-09
7.105e+05	1.889e-09
7.108e+05	1.869e-09
7.110e+05	1.906e-09
7.113e+05	1.905e-09
7.115e+05	2.367e-09
7.118e+05	2.330e-09
7.120e+05	2.075e-09
7.123e+05	2.164e-09
7.125e+05	2.333e-09
7.128e+05	2.141e-09
7.130e+05	1.783e-09
7.133e+05	2.017e-09
7.135e+05	1.897e-09
7.138e+05	2.001e-09
7.140e+05	2.175e-09
7.143e+05	2.200e-09
7.145e+05	1.769e-09
7.148e+05	1.953e-09
7.150e+05	2.121e-09
7.153e+05	1.910e-09
7.155e+05	2.244e-09
7.158e+05	2.299e-09
7.160e+05	2.154e-09
7.163e+05	1.970e-09
7.165e+05	1.932e-09
7.168e+05	2.236e-09
7.170e+05	2.239e-09
7.173e+05	2.167e-09
7.175e+05	2.454e-09
7.178e+05	2.165e-09
7.180e+05	1.966e-09
7.183e+05	1.971e-09
7.185e+05	1.959e-09
7.188e+05	2.211e-09
7.190e+05	2.113e-09
7.193e+05	1.870e-09
7.195e+05	1.873e-09
7.198e+05	1.975e-09
7.200e+05	2.038e-09
7.203e+05	2.029e-09
7.205e+05	2.259e-09
7.208e+05	1.955e-09
7.210e+05	2.122e-09
7.213e+05	2.315e-09
7.215e+05	2.330e-09
7.218e+05	2.438e-09
7.220e+05	2.359e-09
7.223e+05	2.028e-09
7.225e+05	2.320e-09
7.228e+05	2.431e-09
7.230e+05	2.302e-09
7.233e+05	2.130e-09
7.235e+05	2.187e-09
7.238e+05	2.255e-09
7.240e+05	2.296e-09
7.243e+05	2.497e-09
7.245e+05	2.344e-09
7.248e+05	2.169e-09
7.250e+05	2.190e-09
7.253e+05	2.083e-09
7.255e+05	1.965e-09
7.258e+05	2.161e-09
7.260e+05	2.065e-09
7.263e+05	2.071e-09
7.265e+05	2.233e-09
7.268e+05	2.129e-09
7.270e+05	2.694e-09
7.273e+05	2.682e-09
7.275e+05	2.412e-09
7.278e+05	2.518e-09
7.280e+05	2.188e-09
7.283e+05	2.329e-09
7.285e+05	2.237e-09
7.288e+05	2.029e-09
7.290e+05	2.267e-09
7.293e+05	2.495e-09
7.295e+05	2.465e-09
7.298e+05	2.655e-09
7.300e+05	2.731e-09
7.303e+05	2.392e-09
7.305e+05	2.572e-09
7.308e+05	2.469e-09
7.310e+05	2.324e-09
7.313e+05	2.375e-09
7.315e+05	2.345e-09
7.318e+05	2.034e-09
7.320e+05	2.266e-09
7.323e+05	2.649e-09
7.325e+05	2.351e-09
7.328e+05	2.335e-09
7.330e+05	2.245e-09
7.333e+05	2.407e-09
7.335e+05	2.457e-09
7.338e+05	2.517e-09
7.340e+05	2.588e-09
7.343e+05	2.377e-09
7.345e+05	2.414e-09
7.348e+05	2.500e-09
7.350e+05	2.323e-09
7.353e+05	2.482e-09
7.355e+05	2.328e-09
7.358e+05	2.305e-09
7.360e+05	2.454e-09
7.363e+05	2.345e-09
7.365e+05	2.531e-09
7.368e+05	2.372e-09
7.370e+05	2.376e-09
7.373e+05	2.639e-09
7.375e+05	2.559e-09
7.378e+05	2.390e-09
7.380e+05	2.638e-09
7.383e+05	2.694e-09
7.385e+05	2.411e-09
7.388e+05	2.282e-09
7.390e+05	2.368e-09
7.393e+05	2.289e-09
7.395e+05	2.348e-09
7.398e+05	2.335e-09
7.400e+05	2.419e-09
7.403e+05	2.506e-09
7.405e+05	2.375e-09
7.408e+05	2.288e-09
7.410e+05	2.394e-09
7.413e+05	2.236e-09
7.415e+05	2.332e-09
7.418e+05	2.326e-09
7.420e+05	2.456e-09
7.423e+05	2.664e-09
7.425e+05	2.708e-09
7.428e+05	2.481e-09
7.430e+05	2.588e-09
7.433e+05	2.748e-09
7.435e+05	2.432e-09
7.438e+05	2.297e-09
7.440e+05	2.514e-09
7.443e+05	2.162e-09
7.445e+05	2.267e-09
7.448e+05	2.750e-09
7.450e+05	2.516e-09
7.453e+05	2.553e-09
7.455e+05	2.755e-09
7.458e+05	3.058e-09
7.460e+05	2.909e-09
7.463e+05	2.842e-09
7.465e+05	2.650e-09
7.468e+05	2.496e-09
7.470e+05	2.857e-09
7.473e+05	2.625e-09
7.475e+05	2.687e-09
7.478e+05	3.039e-09
7.480e+05	2.632e-09
7.483e+05	2.730e-09
7.485e+05	2.516e-09
7.488e+05	2.450e-09
7.490e+05	2.618e-09
7.493e+05	2.678e-09
7.495e+05	2.751e-09
7.498e+05	2.475e-09
7.500e+05	2.780e-09
7.503e+05	2.676e-09
7.505e+05	2.580e-09
7.508e+05	2.845e-09
7.510e+05	2.903e-09
7.513e+05	2.750e-09
7.515e+05	2.877e-09
7.518e+05	2.931e-09
7.520e+05	2.745e-09
7.523e+05	2.724e-09
7.525e+05	2.597e-09
7.528e+05	2.268e-09
7.530e+05	2.230e-09
7.533e+05	2.650e-09
7.535e+05	2.909e-09
7.538e+05	2.944e-09
7.540e+05	2.816e-09
7.543e+05	2.899e-09
7.545e+05	2.973e-09
7.548e+05	2.732e-09
7.550e+05	2.573e-09
7.553e+05	2.615e-09
7.555e+05	2.651e-09
7.558e+05	2.793e-09
7.560e+05	2.801e-09
7.563e+05	2.968e-09
7.565e+05	2.695e-09
7.568e+05	2.906e-09
7.570e+05	3.143e-09
7.573e+05	2.857e-09
7.575e+05	2.549e-09
7.578e+05	2.721e-09
7.580e+05	2.903e-09
7.583e+05	2.714e-09
7.585e+05	2.682e-09
7.588e+05	2.877e-09
7.590e+05	3.204e-09
7.593e+05	3.003e-09
7.595e+05	2.952e-09
7.598e+05	3.221e-09
7.600e+05	2.956e-09
7.603e+05	2.403e-09
7.605e+05	2.442e-09
7.608e+05	2.911e-09
7.610e+05	3.239e-09
7.613e+05	2.756e-09
7.615e+05	2.587e-09
7.618e+05	2.935e-09
7.620e+05	3.102e-09
7.623e+05	2.970e-09
7.625e+05	2.523e-09
7.628e+05	3.032e-09
7.630e+05	3.359e-09
7.633e+05	3.149e-09
7.635e+05	2.757e-09
7.638e+05	2.868e-09
7.640e+05	2.748e-09
7.643e+05	3.000e-09
7.645e+05	3.185e-09
7.648e+05	3.228e-09
7.650e+05	3.252e-09
7.653e+05	2.799e-09
7.655e+05	2.619e-09
7.658e+05	2.650e-09
7.660e+05	2.940e-09
7.663e+05	3.356e-09
7.665e+05	3.418e-09
7.668e+05	3.225e-09
7.670e+05	3.104e-09
7.673e+05	3.172e-09
7.675e+05	3.146e-09
7.678e+05	3.069e-09
7.680e+05	2.768e-09
7.683e+05	3.074e-09
7.685e+05	3.085e-09
7.688e+05	3.447e-09
7.690e+05	3.125e-09
7.693e+05	2.897e-09
7.695e+05	2.674e-09
7.698e+05	3.411e-09
7.700e+05	3.303e-09
7.703e+05	2.865e-09
7.705e+05	3.340e-09
7.708e+05	3.365e-09
7.710e+05	3.025e-09
7.713e+05	2.885e-09
7.715e+05	3.202e-09
7.718e+05	3.459e-09
7.720e+05	3.157e-09
7.723e+05	3.542e-09
7.725e+05	3.480e-09
7.728e+05	3.276e-09
7.730e+05	3.042e-09
7.733e+05	3.086e-09
7.735e+05	3.397e-09
7.738e+05	3.369e-09
7.740e+05	2.916e-09
7.743e+05	2.873e-09
7.745e+05	3.197e-09
7.748e+05	3.173e-09
7.750e+05	3.238e-09
7.753e+05	3.168e-09
7.755e+05	3.132e-09
7.758e+05	3.268e-09
7.760e+05	3.157e-09
7.763e+05	2.973e-09
7.765e+05	3.590e-09
7.768e+05	3.958e-09
7.770e+05	3.331e-09
7.773e+05	2.986e-09
7.775e+05	3.158e-09
7.778e+05	3.425e-09
7.780e+05	3.519e-09
7.783e+05	3.398e-09
7.785e+05	2.974e-09
7.788e+05	3.028e-09
7.790e+05	3.142e-09
7.793e+05	3.404e-09
7.795e+05	3.321e-09
7.798e+05	3.148e-09
7.800e+05	3.290e-09
7.803e+05	3.319e-09
7.805e+05	3.299e-09
7.808e+05	3.298e-09
7.810e+05	3.445e-09
7.813e+05	3.174e-09
7.815e+05	3.065e-09
7.818e+05	3.244e-09
7.820e+05	3.431e-09
7.823e+05	3.431e-09
7.825e+05	3.449e-09
7.828e+05	3.285e-09
7.830e+05	3.497e-09
7.833e+05	3.424e-09
7.835e+05	3.390e-09
7.838e+05	3.443e-09
7.840e+05	3.201e-09
7.843e+05	3.211e-09
7.845e+05	3.317e-09
7.848e+05	3.386e-09
7.850e+05	3.321e-09
7.853e+05	3.134e-09
7.855e+05	2.948e-09
7.858e+05	3.123e-09
7.860e+05	3.173e-09
7.863e+05	3.181e-09
7.865e+05	3.287e-09
7.868e+05	3.677e-09
7.870e+05	3.445e-09
7.873e+05	2.720e-09
7.875e+05	2.775e-09
7.878e+05	2.867e-09
7.880e+05	2.863e-09
7.883e+05	3.603e-09
7.885e+05	3.597e-09
7.888e+05	3.454e-09
7.890e+05	3.530e-09
7.893e+05	3.112e-09
7.895e+05	3.293e-09
7.898e+05	3.569e-09
7.900e+05	3.642e-09
7.903e+05	4.234e-09
7.905e+05	3.933e-09
7.908e+05	3.705e-09
7.910e+05	3.894e-09
7.913e+05	3.928e-09
7.915e+05	3.389e-09
7.918e+05	3.093e-09
7.920e+05	3.490e-09
7.923e+05	3.846e-09
7.925e+05	4.091e-09
7.928e+05	3.711e-09
7.930e+05	3.301e-09
7.933e+05	3.046e-09
7.935e+05	3.092e-09
7.938e+05	3.164e-09
7.940e+05	3.110e-09
7.943e+05	3.342e-09
7.945e+05	3.562e-09
7.948e+05	3.640e-09
7.950e+05	3.672e-09
7.953e+05	3.633e-09
7.955e+05	3.775e-09
7.958e+05	3.466e-09
7.960e+05	3.458e-09
7.963e+05	3.574e-09
7.965e+05	3.675e-09
7.968e+05	3.780e-09
7.970e+05	3.869e-09
7.973e+05	3.752e-09
7.975e+05	3.554e-09
7.978e+05	4.109e-09
7.980e+05	3.852e-09
7.983e+05	3.367e-09
7.985e+05	3.791e-09
7.988e+05	3.478e-09
7.990e+05	3.915e-09
7.993e+05	3.815e-09
7.995e+05	3.628e-09
7.998e+05	3.383e-09
8.000e+05	3.741e-09
8.003e+05	4.356e-09
8.005e+05	3.774e-09
8.008e+05	4.009e-09
8.010e+05	3.439e-09
8.013e+05	3.467e-09
8.015e+05	3.912e-09
8.018e+05	4.032e-09
8.020e+05	3.804e-09
8.023e+05	3.653e-09
8.025e+05	3.904e-09
8.028e+05	4.142e-09
8.030e+05	4.226e-09
8.033e+05	4.745e-09
8.035e+05	4.305e-09
8.038e+05	4.249e-09
8.040e+05	3.827e-09
8.043e+05	3.658e-09
8.045e+05	3.688e-09
8.048e+05	3.507e-09
8.050e+05	3.668e-09
8.053e+05	4.113e-09
8.055e+05	3.565e-09
8.058e+05	3.719e-09
8.060e+05	3.828e-09
8.063e+05	3.712e-09
8.065e+05	3.914e-09
8.068e+05	4.013e-09
8.070e+05	4.121e-09
8.073e+05	4.255e-09
8.075e+05	3.671e-09
8.078e+05	3.560e-09
8.080e+05	3.288e-09
8.083e+05	3.519e-09
8.085e+05	4.114e-09
8.088e+05	4.119e-09
8.090e+05	3.739e-09
8.093e+05	3.719e-09
8.095e+05	4.015e-09
8.098e+05	3.831e-09
8.100e+05	3.772e-09
8.103e+05	4.094e-09
8.105e+05	3.763e-09
8.108e+05	3.840e-09
8.110e+05	3.878e-09
8.113e+05	4.623e-09
8.115e+05	4.630e-09
8.118e+05	4.093e-09
8.120e+05	3.931e-09
8.123e+05	3.734e-09
8.125e+05	3.770e-09
8.128e+05	3.904e-09
8.130e+05	4.248e-09
8.133e+05	4.477e-09
8.135e+05	4.366e-09
8.138e+05	3.814e-09
8.140e+05	4.161e-09
8.143e+05	4.466e-09
8.145e+05	4.412e-09
8.148e+05	4.298e-09
8.150e+05	4.318e-09
8.153e+05	3.815e-09
8.155e+05	3.499e-09
8.158e+05	4.012e-09
8.160e+05	4.107e-09
8.163e+05	4.139e-09
8.165e+05	4.355e-09
8.168e+05	4.605e-09
8.170e+05	4.699e-09
8.173e+05	4.223e-09
8.175e+05	4.289e-09
8.178e+05	4.201e-09
8.180e+05	3.978e-09
8.183e+05	4.246e-09
8.185e+05	4.043e-09
8.188e+05	4.058e-09
8.190e+05	4.268e-09
8.193e+05	4.165e-09
8.195e+05	3.825e-09
8.198e+05	4.562e-09
8.200e+05	4.678e-09
8.203e+05	4.796e-09
8.205e+05	4.890e-09
8.208e+05	4.638e-09
8.210e+05	4.221e-09
8.213e+05	4.560e-09
8.215e+05	4.551e-09
8.218e+05	4.786e-09
8.220e+05	4.773e-09
8.223e+05	4.583e-09
8.225e+05	4.425e-09
8.228e+05	4.678e-09
8.230e+05	4.337e-09
8.233e+05	3.989e-09
8.235e+05	4.158e-09
8.238e+05	3.841e-09
8.240e+05	3.820e-09
8.243e+05	3.982e-09
8.245e+05	3.846e-09
8.248e+05	4.427e-09
8.250e+05	4.580e-09
8.253e+05	4.188e-09
8.255e+05	4.752e-09
8.258e+05	4.895e-09
8.260e+05	4.197e-09
8.263e+05	4.289e-09
8.265e+05	4.597e-09
8.268e+05	5.166e-09
8.270e+05	4.850e-09
8.273e+05	4.247e-09
8.275e+05	4.595e-09
8.278e+05	5.030e-09
8.280e+05	5.028e-09
8.283e+05	5.144e-09
8.285e+05	4.871e-09
8.288e+05	5.354e-09
8.290e+05	4.876e-09
8.293e+05	4.493e-09
8.295e+05	4.763e-09
8.298e+05	4.304e-09
8.300e+05	4.509e-09
8.303e+05	5.008e-09
8.305e+05	5.362e-09
8.308e+05	4.986e-09
8.310e+05	3.882e-09
8.313e+05	4.151e-09
8.315e+05	4.684e-09
8.318e+05	4.652e-09
8.320e+05	4.808e-09
8.323e+05	4.490e-09
8.325e+05	3.870e-09
8.328e+05	4.180e-09
8.330e+05	4.935e-09
8.333e+05	4.703e-09
8.335e+05	5.076e-09
8.338e+05	5.378e-09
8.340e+05	6.067e-09
8.343e+05	6.246e-09
8.345e+05	5.951e-09
8.348e+05	5.562e-09
8.350e+05	5.506e-09
8.353e+05	5.323e-09
8.355e+05	5.291e-09
8.358e+05	5.476e-09
8.360e+05	5.000e-09
8.363e+05	4.991e-09
8.365e+05	5.149e-09
8.368e+05	5.348e-09
8.370e+05	5.778e-09
8.373e+05	5.982e-09
8.375e+05	5.346e-09
8.378e+05	4.848e-09
8.380e+05	4.786e-09
8.383e+05	5.039e-09
8.385e+05	4.865e-09
8.388e+05	5.171e-09
8.390e+05	5.175e-09
8.393e+05	5.288e-09
8.395e+05	5.265e-09
8.398e+05	5.225e-09
8.400e+05	5.277e-09
8.403e+05	5.690e-09
8.405e+05	5.976e-09
8.408e+05	5.704e-09
8.410e+05	5.100e-09
8.413e+05	5.324e-09
8.415e+05	5.169e-09
8.418e+05	5.007e-09
8.420e+05	4.857e-09
8.423e+05	4.804e-09
8.425e+05	5.414e-09
8.428e+05	5.366e-09
8.430e+05	5.407e-09
8.433e+05	5.679e-09
8.435e+05	5.446e-09
8.438e+05	5.185e-09
8.440e+05	5.102e-09
8.443e+05	5.131e-09
8.445e+05	5.645e-09
8.448e+05	5.941e-09
8.450e+05	4.743e-09
8.453e+05	4.702e-09
8.455e+05	5.744e-09
8.458e+05	5.556e-09
8.460e+05	5.400e-09
8.463e+05	5.196e-09
8.465e+05	5.148e-09
8.468e+05	5.870e-09
8.470e+05	5.253e-09
8.473e+05	5.208e-09
8.475e+05	5.866e-09
8.478e+05	5.457e-09
8.480e+05	5.945e-09
8.483e+05	5.709e-09
8.485e+05	5.114e-09
8.488e+05	5.553e-09
8.490e+05	5.548e-09
8.493e+05	5.232e-09
8.495e+05	5.251e-09
8.498e+05	5.716e-09
8.500e+05	5.919e-09
8.503e+05	6.482e-09
8.505e+05	5.990e-09
8.508e+05	5.555e-09
8.510e+05	5.626e-09
8.513e+05	5.153e-09
8.515e+05	5.214e-09
8.518e+05	5.964e-09
8.520e+05	6.042e-09
8.523e+05	5.152e-09
8.525e+05	5.329e-09
8.528e+05	5.708e-09
8.530e+05	5.845e-09
8.533e+05	6.225e-09
8.535e+05	6.476e-09
8.538e+05	6.826e-09
8.540e+05	5.832e-09
8.543e+05	4.994e-09
8.545e+05	4.855e-09
8.548e+05	5.280e-09
8.550e+05	5.723e-09
8.553e+05	6.057e-09
8.555e+05	5.605e-09
8.558e+05	5.623e-09
8.560e+05	6.117e-09
8.563e+05	6.012e-09
8.565e+05	6.591e-09
8.568e+05	6.201e-09
8.570e+05	5.798e-09
8.573e+05	6.011e-09
8.575e+05	6.038e-09
8.578e+05	6.141e-09
8.580e+05	5.879e-09
8.583e+05	5.948e-09
8.585e+05	6.058e-09
8.588e+05	5.919e-09
8.590e+05	5.618e-09
8.593e+05	5.822e-09
8.595e+05	6.311e-09
8.598e+05	6.227e-09
8.600e+05	6.580e-09
8.603e+05	6.645e-09
8.605e+05	6.514e-09
8.608e+05	6.690e-09
8.610e+05	5.804e-09
8.613e+05	6.594e-09
8.615e+05	6.793e-09
8.618e+05	5.668e-09
8.620e+05	5.681e-09
8.623e+05	6.650e-09
8.625e+05	6.481e-09
8.628e+05	5.867e-09
8.630e+05	7.945e-09
8.633e+05	7.888e-09
8.635e+05	7.039e-09
8.638e+05	6.645e-09
8.640e+05	6.522e-09
8.643e+05	6.834e-09
8.645e+05	6.589e-09
8.648e+05	6.645e-09
8.650e+05	6.978e-09
8.653e+05	7.879e-09
8.655e+05	6.278e-09
8.658e+05	6.829e-09
8.660e+05	7.135e-09
8.663e+05	5.946e-09
8.665e+05	5.782e-09
8.668e+05	5.270e-09
8.670e+05	5.523e-09
8.673e+05	6.552e-09
8.675e+05	6.544e-09
8.678e+05	7.075e-09
8.680e+05	5.840e-09
8.683e+05	6.294e-09
8.685e+05	6.127e-09
8.688e+05	6.320e-09
8.690e+05	7.059e-09
8.693e+05	6.898e-09
8.695e+05	7.049e-09
8.698e+05	6.979e-09
8.700e+05	7.371e-09
8.703e+05	7.960e-09
8.705e+05	7.163e-09
8.708e+05	6.638e-09
8.710e+05	7.337e-09
8.713e+05	7.506e-09
8.715e+05	6.689e-09
8.718e+05	6.289e-09
8.720e+05	6.852e-09
8.723e+05	6.817e-09
8.725e+05	7.622e-09
8.728e+05	7.903e-09
8.730e+05	6.178e-09
8.733e+05	5.147e-09
8.735e+05	6.431e-09
8.738e+05	7.040e-09
8.740e+05	6.835e-09
8.743e+05	7.365e-09
8.745e+05	7.083e-09
8.748e+05	6.343e-09
8.750e+05	5.647e-09
8.753e+05	6.811e-09
8.755e+05	8.061e-09
8.758e+05	7.394e-09
8.760e+05	7.264e-09
8.763e+05	6.735e-09
8.765e+05	6.008e-09
8.768e+05	7.287e-09
8.770e+05	6.905e-09
8.773e+05	7.554e-09
8.775e+05	8.048e-09
8.778e+05	7.840e-09
8.780e+05	7.826e-09
8.783e+05	7.702e-09
8.785e+05	7.937e-09
8.788e+05	6.876e-09
8.790e+05	6.728e-09
8.793e+05	7.247e-09
8.795e+05	7.518e-09
8.798e+05	7.136e-09
8.800e+05	7.925e-09
8.803e+05	9.159e-09
8.805e+05	8.754e-09
8.808e+05	7.054e-09
8.810e+05	6.964e-09
8.813e+05	7.660e-09
8.815e+05	7.746e-09
8.818e+05	7.153e-09
8.820e+05	7.487e-09
8.823e+05	8.103e-09
8.825e+05	7.585e-09
8.828e+05	7.923e-09
8.830e+05	7.710e-09
8.833e+05	7.537e-09
8.835e+05	7.364e-09
8.838e+05	7.649e-09
8.840e+05	7.478e-09
8.843e+05	7.540e-09
8.845e+05	7.422e-09
8.848e+05	7.813e-09
8.850e+05	7.384e-09
8.853e+05	6.868e-09
8.855e+05	7.553e-09
8.858e+05	7.543e-09
8.860e+05	6.252e-09
8.863e+05	7.053e-09
8.865e+05	7.238e-09
8.868e+05	7.216e-09
8.870e+05	7.469e-09
8.873e+05	7.963e-09
8.875e+05	8.182e-09
8.878e+05	7.571e-09
8.880e+05	7.701e-09
8.883e+05	7.710e-09
8.885e+05	7.589e-09
8.888e+05	7.636e-09
8.890e+05	6.823e-09
8.893e+05	7.895e-09
8.895e+05	8.492e-09
8.898e+05	9.032e-09
8.900e+05	8.480e-09
8.903e+05	7.960e-09
8.905e+05	7.955e-09
8.908e+05	9.071e-09
8.910e+05	1.083e-08
8.913e+05	8.860e-09
8.915e+05	7.544e-09
8.918e+05	8.134e-09
8.920e+05	7.687e-09
8.923e+05	7.940e-09
8.925e+05	8.102e-09
8.928e+05	8.269e-09
8.930e+05	7.683e-09
8.933e+05	7.530e-09
8.935e+05	7.380e-09
8.938e+05	6.856e-09
8.940e+05	7.298e-09
8.943e+05	7.155e-09
8.945e+05	8.016e-09
8.948e+05	8.477e-09
8.950e+05	7.924e-09
8.953e+05	7.855e-09
8.955e+05	7.979e-09
8.958e+05	7.859e-09
8.960e+05	7.763e-09
8.963e+05	8.808e-09
8.965e+05	9.252e-09
8.968e+05	7.996e-09
8.970e+05	8.323e-09
8.973e+05	8.986e-09
8.975e+05	8.970e-09
8.978e+05	8.680e-09
8.980e+05	7.896e-09
8.983e+05	9.239e-09
8.985e+05	8.798e-09
8.988e+05	8.162e-09
8.990e+05	8.768e-09
8.993e+05	9.136e-09
8.995e+05	8.300e-09
8.998e+05	7.324e-09
9.000e+05	8.020e-09
9.003e+05	8.557e-09
9.005e+05	8.379e-09
9.008e+05	8.505e-09
9.010e+05	7.743e-09
9.013e+05	6.953e-09
9.015e+05	7.813e-09
9.018e+05	8.681e-09
9.020e+05	9.482e-09
9.023e+05	8.630e-09
9.025e+05	8.993e-09
9.028e+05	9.750e-09
9.030e+05	8.709e-09
9.033e+05	8.561e-09
9.035e+05	8.432e-09
9.038e+05	8.321e-09
9.040e+05	8.680e-09
9.043e+05	9.025e-09
9.045e+05	8.208e-09
9.048e+05	8.295e-09
9.050e+05	8.606e-09
9.053e+05	8.454e-09
9.055e+05	8.517e-09
9.058e+05	8.748e-09
9.060e+05	8.713e-09
9.063e+05	9.762e-09
9.065e+05	9.294e-09
9.068e+05	8.319e-09
9.070e+05	8.127e-09
9.073e+05	7.867e-09
9.075e+05	7.890e-09
9.078e+05	8.494e-09
9.080e+05	8.896e-09
9.083e+05	9.052e-09
9.085e+05	1.008e-08
9.088e+05	9.076e-09
9.090e+05	8.986e-09
9.093e+05	8.569e-09
9.095e+05	7.507e-09
9.098e+05	7.821e-09
9.100e+05	8.485e-09
9.103e+05	8.825e-09
9.105e+05	9.340e-09
9.108e+05	8.292e-09
9.110e+05	8.108e-09
9.113e+05	8.155e-09
9.115e+05	8.894e-09
9.118e+05	9.125e-09
9.120e+05	9.040e-09
9.123e+05	8.407e-09
9.125e+05	9.375e-09
9.128e+05	9.012e-09
9.130e+05	8.629e-09
9.133e+05	8.010e-09
9.135e+05	8.180e-09
9.138e+05	9.293e-09
9.140e+05	7.955e-09
9.143e+05	7.655e-09
9.145e+05	9.041e-09
9.148e+05	9.015e-09
9.150e+05	8.636e-09
9.153e+05	8.426e-09
9.155e+05	8.031e-09
9.158e+05	7.856e-09
9.160e+05	8.825e-09
9.163e+05	7.838e-09
9.165e+05	7.506e-09
9.168e+05	9.022e-09
9.170e+05	9.669e-09
9.173e+05	9.191e-09
9.175e+05	8.394e-09
9.178e+05	9.158e-09
9.180e+05	7.653e-09
9.183e+05	8.641e-09
9.185e+05	9.996e-09
9.188e+05	9.948e-09
9.190e+05	9.167e-09
9.193e+05	8.473e-09
9.195e+05	8.760e-09
9.198e+05	8.419e-09
9.200e+05	8.223e-09
9.203e+05	9.841e-09
9.205e+05	9.152e-09
9.208e+05	9.373e-09
9.210e+05	1.070e-08
9.213e+05	9.116e-09
9.215e+05	7.957e-09
9.218e+05	7.846e-09
9.220e+05	8.193e-09
9.223e+05	9.378e-09
9.225e+05	1.067e-08
9.228e+05	9.512e-09
9.230e+05	9.041e-09
9.233e+05	9.228e-09
9.235e+05	9.415e-09
9.238e+05	8.391e-09
9.240e+05	7.910e-09
9.243e+05	7.837e-09
9.245e+05	8.512e-09
9.248e+05	9.653e-09
9.250e+05	9.191e-09
9.253e+05	8.636e-09
9.255e+05	8.894e-09
9.258e+05	8.926e-09
9.260e+05	8.896e-09
9.263e+05	9.318e-09
9.265e+05	7.875e-09
9.268e+05	7.607e-09
9.270e+05	8.443e-09
9.273e+05	9.747e-09
9.275e+05	9.927e-09
9.278e+05	9.796e-09
9.280e+05	9.596e-09
9.283e+05	9.243e-09
9.285e+05	7.823e-09
9.288e+05	7.953e-09
9.290e+05	8.527e-09
9.293e+05	8.592e-09
9.295e+05	8.371e-09
9.298e+05	8.201e-09
9.300e+05	8.339e-09
9.303e+05	8.891e-09
9.305e+05	9.880e-09
9.308e+05	9.311e-09
9.310e+05	7.951e-09
9.313e+05	8.207e-09
9.315e+05	8.300e-09
9.318e+05	7.644e-09
9.320e+05	7.842e-09
9.323e+05	6.933e-09
9.325e+05	7.548e-09
9.328e+05	9.318e-09
9.330e+05	8.837e-09
9.333e+05	8.989e-09
9.335e+05	9.633e-09
9.338e+05	9.702e-09
9.340e+05	8.953e-09
9.343e+05	8.866e-09
9.345e+05	8.718e-09
9.348e+05	9.257e-09
9.350e+05	8.217e-09
9.353e+05	8.630e-09
9.355e+05	8.296e-09
9.358e+05	7.174e-09
9.360e+05	8.251e-09
9.363e+05	1.449e-08
9.365e+05	1.687e-08
9.368e+05	9.764e-09
9.370e+05	8.335e-09
9.373e+05	8.511e-09
9.375e+05	8.590e-09
9.378e+05	8.152e-09
9.380e+05	8.613e-09
9.383e+05	8.420e-09
9.385e+05	8.416e-09
9.388e+05	8.305e-09
9.390e+05	8.382e-09
9.393e+05	8.720e-09
9.395e+05	7.714e-09
9.398e+05	7.199e-09
9.400e+05	7.287e-09
9.403e+05	7.214e-09
9.405e+05	8.243e-09
9.408e+05	8.008e-09
9.410e+05	8.177e-09
9.413e+05	8.786e-09
9.415e+05	8.057e-09
9.418e+05	7.641e-09
9.420e+05	7.926e-09
9.423e+05	8.454e-09
9.425e+05	7.685e-09
9.428e+05	8.306e-09
9.430e+05	7.572e-09
9.433e+05	8.178e-09
9.435e+05	9.455e-09
9.438e+05	8.324e-09
9.440e+05	7.712e-09
9.443e+05	8.210e-09
9.445e+05	9.022e-09
9.448e+05	8.766e-09
9.450e+05	8.483e-09
9.453e+05	8.987e-09
9.455e+05	7.220e-09
9.458e+05	7.671e-09
9.460e+05	8.398e-09
9.463e+05	8.427e-09
9.465e+05	7.338e-09
9.468e+05	7.695e-09
9.470e+05	8.359e-09
9.473e+05	8.447e-09
9.475e+05	7.878e-09
9.478e+05	8.237e-09
9.480e+05	8.183e-09
9.483e+05	7.742e-09
9.485e+05	7.986e-09
9.488e+05	9.373e-09
9.490e+05	8.871e-09
9.493e+05	8.809e-09
9.495e+05	8.712e-09
9.498e+05	8.165e-09
9.500e+05	8.092e-09
9.503e+05	8.119e-09
9.505e+05	8.468e-09
9.508e+05	8.015e-09
9.510e+05	7.466e-09
9.513e+05	7.846e-09
9.515e+05	6.944e-09
9.518e+05	7.419e-09
9.520e+05	7.370e-09
9.523e+05	7.679e-09
9.525e+05	7.907e-09
9.528e+05	7.695e-09
9.530e+05	8.397e-09
9.533e+05	8.828e-09
9.535e+05	8.960e-09
9.538e+05	8.582e-09
9.540e+05	7.617e-09
9.543e+05	7.383e-09
9.545e+05	8.425e-09
9.548e+05	8.920e-09
9.550e+05	7.991e-09
9.553e+05	6.860e-09
9.555e+05	8.000e-09
9.558e+05	8.341e-09
9.560e+05	7.656e-09
9.563e+05	7.441e-09
9.565e+05	7.196e-09
9.568e+05	7.905e-09
9.570e+05	7.363e-09
9.573e+05	7.995e-09
9.575e+05	7.963e-09
9.578e+05	7.902e-09
9.580e+05	8.474e-09
9.583e+05	7.753e-09
9.585e+05	7.380e-09
9.588e+05	8.633e-09
9.590e+05	7.548e-09
9.593e+05	6.953e-09
9.595e+05	7.396e-09
9.598e+05	7.697e-09
9.600e+05	7.723e-09
9.603e+05	7.770e-09
9.605e+05	7.895e-09
9.608e+05	8.224e-09
9.610e+05	7.822e-09
9.613e+05	7.145e-09
9.615e+05	6.714e-09
9.618e+05	6.798e-09
9.620e+05	7.184e-09
9.623e+05	7.130e-09
9.625e+05	6.838e-09
9.628e+05	7.990e-09
9.630e+05	7.827e-09
9.633e+05	7.998e-09
9.635e+05	7.192e-09
9.638e+05	6.557e-09
9.640e+05	6.131e-09
9.643e+05	6.668e-09
9.645e+05	7.819e-09
9.648e+05	7.278e-09
9.650e+05	7.175e-09
9.653e+05	6.796e-09
9.655e+05	6.870e-09
9.658e+05	6.134e-09
9.660e+05	6.264e-09
9.663e+05	6.728e-09
9.665e+05	6.976e-09
9.668e+05	6.987e-09
9.670e+05	6.678e-09
9.673e+05	7.172e-09
9.675e+05	6.936e-09
9.678e+05	6.663e-09
9.680e+05	6.245e-09
9.683e+05	6.445e-09
9.685e+05	6.817e-09
9.688e+05	6.966e-09
9.690e+05	6.829e-09
9.693e+05	7.755e-09
9.695e+05	7.758e-09
9.698e+05	6.711e-09
9.700e+05	7.020e-09
9.703e+05	7.269e-09
9.705e+05	6.468e-09
9.708e+05	7.148e-09
9.710e+05	7.202e-09
9.713e+05	7.577e-09
9.715e+05	7.188e-09
9.718e+05	6.096e-09
9.720e+05	6.477e-09
9.723e+05	6.460e-09
9.725e+05	5.463e-09
9.728e+05	6.581e-09
9.730e+05	6.821e-09
9.733e+05	6.923e-09
9.735e+05	6.825e-09
9.738e+05	6.386e-09
9.740e+05	6.719e-09
9.743e+05	6.382e-09
9.745e+05	6.363e-09
9.748e+05	7.293e-09
9.750e+05	7.404e-09
9.753e+05	6.642e-09
9.755e+05	6.922e-09
9.758e+05	6.921e-09
9.760e+05	7.406e-09
9.763e+05	7.269e-09
9.765e+05	6.014e-09
9.768e+05	5.720e-09
9.770e+05	6.195e-09
9.773e+05	5.991e-09
9.775e+05	6.322e-09
9.778e+05	6.324e-09
9.780e+05	6.164e-09
9.783e+05	6.139e-09
9.785e+05	6.335e-09
9.788e+05	7.104e-09
9.790e+05	6.260e-09
9.793e+05	6.307e-09
9.795e+05	7.170e-09
9.798e+05	7.254e-09
9.800e+05	6.119e-09
9.803e+05	6.319e-09
9.805e+05	6.204e-09
9.808e+05	5.397e-09
9.810e+05	5.834e-09
9.813e+05	6.690e-09
9.815e+05	6.684e-09
9.818e+05	6.459e-09
9.820e+05	6.486e-09
9.823e+05	5.071e-09
9.825e+05	5.352e-09
9.828e+05	6.402e-09
9.830e+05	6.358e-09
9.833e+05	5.996e-09
9.835e+05	5.872e-09
9.838e+05	5.693e-09
9.840e+05	6.844e-09
9.843e+05	6.751e-09
9.845e+05	5.911e-09
9.848e+05	6.261e-09
9.850e+05	6.459e-09
9.853e+05	6.270e-09
9.855e+05	5.655e-09
9.858e+05	5.303e-09
9.860e+05	6.083e-09
9.863e+05	6.758e-09
9.865e+05	6.300e-09
9.868e+05	5.902e-09
9.870e+05	5.875e-09
9.873e+05	5.956e-09
9.875e+05	5.429e-09
9.878e+05	5.424e-09
9.880e+05	5.206e-09
9.883e+05	4.924e-09
9.885e+05	5.346e-09
9.888e+05	5.138e-09
9.890e+05	5.178e-09
9.893e+05	6.201e-09
9.895e+05	6.020e-09
9.898e+05	5.422e-09
9.900e+05	4.854e-09
9.903e+05	4.692e-09
9.905e+05	4.590e-09
9.908e+05	5.342e-09
9.910e+05	5.491e-09
9.913e+05	5.398e-09
9.915e+05	5.225e-09
9.918e+05	5.209e-09
9.920e+05	5.576e-09
9.923e+05	5.403e-09
9.925e+05	4.830e-09
9.928e+05	4.974e-09
9.930e+05	5.088e-09
9.933e+05	5.860e-09
9.935e+05	6.242e-09
9.938e+05	5.504e-09
9.940e+05	5.157e-09
9.943e+05	5.086e-09
9.945e+05	5.101e-09
9.948e+05	5.195e-09
9.950e+05	5.028e-09
9.953e+05	5.123e-09
9.955e+05	5.502e-09
9.958e+05	5.012e-09
9.960e+05	4.922e-09
9.963e+05	4.860e-09
9.965e+05	5.144e-09
9.968e+05	5.271e-09
9.970e+05	5.433e-09
9.973e+05	4.994e-09
9.975e+05	4.832e-09
9.978e+05	4.974e-09
9.980e+05	4.938e-09
9.983e+05	4.936e-09
9.985e+05	5.053e-09
9.988e+05	4.459e-09
9.990e+05	4.629e-09
9.993e+05	4.851e-09
9.995e+05	5.301e-09
9.998e+05	4.884e-09
1.000e+06	4.892e-09
1.000e+06	5.166e-09
1.001e+06	4.928e-09
1.001e+06	4.704e-09
1.001e+06	4.734e-09
1.001e+06	5.426e-09
1.002e+06	5.512e-09
1.002e+06	5.407e-09
1.002e+06	5.268e-09
1.002e+06	5.124e-09
1.003e+06	5.664e-09
1.003e+06	5.125e-09
1.003e+06	4.342e-09
1.003e+06	3.897e-09
1.004e+06	4.553e-09
1.004e+06	4.948e-09
1.004e+06	4.932e-09
1.004e+06	4.657e-09
1.005e+06	4.391e-09
1.005e+06	4.246e-09
1.005e+06	4.129e-09
1.005e+06	4.150e-09
1.006e+06	4.710e-09
1.006e+06	4.442e-09
1.006e+06	4.871e-09
1.006e+06	5.212e-09
1.007e+06	5.329e-09
1.007e+06	5.152e-09
1.007e+06	4.541e-09
1.007e+06	4.653e-09
1.008e+06	4.272e-09
1.008e+06	4.178e-09
1.008e+06	4.720e-09
1.008e+06	4.413e-09
1.009e+06	4.295e-09
1.009e+06	4.573e-09
1.009e+06	4.233e-09
1.009e+06	3.939e-09
1.010e+06	4.243e-09
1.010e+06	4.253e-09
1.010e+06	4.515e-09
1.010e+06	4.341e-09
1.011e+06	4.072e-09
1.011e+06	4.436e-09
1.011e+06	4.874e-09
1.011e+06	4.272e-09
1.012e+06	4.155e-09
1.012e+06	4.425e-09
1.012e+06	4.564e-09
1.012e+06	4.436e-09
1.013e+06	4.097e-09
1.013e+06	3.680e-09
1.013e+06	4.042e-09
1.013e+06	4.445e-09
1.014e+06	4.490e-09
1.014e+06	4.427e-09
1.014e+06	4.125e-09
1.014e+06	3.660e-09
1.015e+06	4.072e-09
1.015e+06	4.521e-09
1.015e+06	4.112e-09
1.015e+06	3.727e-09
1.016e+06	3.696e-09
1.016e+06	3.913e-09
1.016e+06	3.560e-09
1.016e+06	3.264e-09
1.017e+06	3.977e-09
1.017e+06	4.431e-09
1.017e+06	3.820e-09
1.017e+06	4.260e-09
1.018e+06	4.105e-09
1.018e+06	3.795e-09
1.018e+06	4.147e-09
1.018e+06	4.485e-09
1.019e+06	4.431e-09
1.019e+06	4.134e-09
1.019e+06	3.577e-09
1.019e+06	3.495e-09
1.020e+06	3.831e-09
1.020e+06	3.885e-09
1.020e+06	3.919e-09
1.020e+06	3.862e-09
1.021e+06	3.824e-09
1.021e+06	4.036e-09
1.021e+06	3.796e-09
1.021e+06	3.656e-09
1.022e+06	3.943e-09
1.022e+06	3.724e-09
1.022e+06	3.786e-09
1.022e+06	3.638e-09
1.023e+06	3.329e-09
1.023e+06	3.344e-09
1.023e+06	3.194e-09
1.023e+06	3.475e-09
1.024e+06	3.685e-09
1.024e+06	4.055e-09
1.024e+06	4.304e-09
1.024e+06	3.477e-09
1.025e+06	3.162e-09
1.025e+06	3.517e-09
1.025e+06	3.665e-09
1.025e+06	3.456e-09
1.026e+06	3.864e-09
1.026e+06	3.599e-09
1.026e+06	3.745e-09
1.026e+06	3.774e-09
1.027e+06	3.412e-09
1.027e+06	3.615e-09
1.027e+06	3.241e-09
1.027e+06	3.325e-09
1.028e+06	3.304e-09
1.028e+06	3.458e-09
1.028e+06	3.417e-09
1.028e+06	3.201e-09
1.029e+06	3.307e-09
1.029e+06	3.535e-09
1.029e+06	3.667e-09
1.029e+06	3.773e-09
1.030e+06	3.520e-09
1.030e+06	3.329e-09
1.030e+06	2.925e-09
1.030e+06	3.206e-09
1.031e+06	3.423e-09
1.031e+06	3.337e-09
1.031e+06	3.054e-09
1.031e+06	3.020e-09
1.032e+06	3.123e-09
1.032e+06	3.222e-09
1.032e+06	3.216e-09
1.032e+06	3.186e-09
1.033e+06	2.847e-09
1.033e+06	2.853e-09
1.033e+06	2.881e-09
1.033e+06	2.946e-09
1.034e+06	2.950e-09
1.034e+06	3.060e-09
1.034e+06	3.223e-09
1.034e+06	3.124e-09
1.035e+06	2.981e-09
1.035e+06	2.770e-09
1.035e+06	2.700e-09
1.035e+06	2.709e-09
1.036e+06	2.647e-09
1.036e+06	2.731e-09
1.036e+06	3.051e-09
1.036e+06	3.020e-09
1.037e+06	2.640e-09
1.037e+06	2.855e-09
1.037e+06	3.245e-09
1.037e+06	2.861e-09
1.038e+06	2.676e-09
1.038e+06	3.006e-09
1.038e+06	3.143e-09
1.038e+06	3.063e-09
1.039e+06	2.478e-09
1.039e+06	2.853e-09
1.039e+06	2.539e-09
1.039e+06	2.787e-09
1.040e+06	2.873e-09
1.040e+06	2.878e-09
1.040e+06	3.064e-09
1.040e+06	2.878e-09
1.041e+06	3.132e-09
1.041e+06	3.000e-09
1.041e+06	3.126e-09
1.041e+06	3.031e-09
1.042e+06	2.920e-09
1.042e+06	3.007e-09
1.042e+06	2.832e-09
1.042e+06	2.612e-09
1.043e+06	2.644e-09
1.043e+06	2.475e-09
1.043e+06	2.861e-09
1.043e+06	2.774e-09
1.044e+06	2.655e-09
1.044e+06	2.989e-09
1.044e+06	2.927e-09
1.044e+06	2.722e-09
1.045e+06	2.901e-09
1.045e+06	2.627e-09
1.045e+06	2.462e-09
1.045e+06	2.516e-09
1.046e+06	2.836e-09
1.046e+06	2.390e-09
1.046e+06	2.353e-09
1.046e+06	2.157e-09
1.047e+06	2.570e-09
1.047e+06	2.521e-09
1.047e+06	2.379e-09
1.047e+06	2.695e-09
1.048e+06	2.556e-09
1.048e+06	2.225e-09
1.048e+06	2.632e-09
1.048e+06	2.744e-09
1.049e+06	2.373e-09
1.049e+06	2.446e-09
1.049e+06	2.646e-09
1.049e+06	2.560e-09
1.050e+06	2.251e-09
1.050e+06	2.418e-09
1.050e+06	2.308e-09
1.050e+06	2.313e-09
1.051e+06	2.411e-09
1.051e+06	2.564e-09
1.051e+06	2.527e-09
1.051e+06	2.456e-09
1.052e+06	2.414e-09
1.052e+06	2.588e-09
1.052e+06	2.645e-09
1.052e+06	2.488e-09
1.053e+06	2.168e-09
1.053e+06	2.533e-09
1.053e+06	2.531e-09
1.053e+06	2.503e-09
1.054e+06	2.371e-09
1.054e+06	2.230e-09
1.054e+06	2.297e-09
1.054e+06	2.293e-09
1.055e+06	2.334e-09
1.055e+06	2.319e-09
1.055e+06	2.074e-09
1.055e+06	2.063e-09
1.056e+06	2.034e-09
1.056e+06	2.216e-09
1.056e+06	2.422e-09
1.056e+06	2.087e-09
1.057e+06	2.369e-09
1.057e+06	2.364e-09
1.057e+06	2.239e-09
1.057e+06	2.290e-09
1.058e+06	2.360e-09
1.058e+06	2.258e-09
1.058e+06	2.157e-09
1.058e+06	2.395e-09
1.059e+06	2.569e-09
1.059e+06	2.218e-09
1.059e+06	2.418e-09
1.059e+06	2.407e-09
1.060e+06	2.022e-09
1.060e+06	1.895e-09
1.060e+06	2.100e-09
1.060e+06	2.252e-09
1.061e+06	2.206e-09
1.061e+06	2.132e-09
1.061e+06	1.826e-09
1.061e+06	2.028e-09
1.062e+06	2.191e-09
1.062e+06	2.152e-09
1.062e+06	2.091e-09
1.062e+06	1.934e-09
1.063e+06	2.241e-09
1.063e+06	2.174e-09
1.063e+06	1.897e-09
1.063e+06	2.079e-09
1.064e+06	2.152e-09
1.064e+06	1.933e-09
1.064e+06	2.033e-09
1.064e+06	1.845e-09
1.065e+06	1.989e-09
1.065e+06	2.266e-09
1.065e+06	2.315e-09
1.065e+06	2.318e-09
1.066e+06	1.960e-09
1.066e+06	2.106e-09
1.066e+06	1.817e-09
1.066e+06	1.779e-09
1.067e+06	2.011e-09
1.067e+06	2.034e-09
1.067e+06	1.907e-09
1.067e+06	1.939e-09
1.068e+06	1.853e-09
1.068e+06	1.861e-09
1.068e+06	2.059e-09
1.068e+06	2.066e-09
1.069e+06	1.943e-09
1.069e+06	2.098e-09
1.069e+06	2.124e-09
1.069e+06	1.763e-09
1.070e+06	1.693e-09
1.070e+06	1.924e-09
1.070e+06	1.981e-09
1.070e+06	2.042e-09
1.071e+06	2.094e-09
1.071e+06	1.955e-09
1.071e+06	1.654e-09
1.071e+06	1.932e-09
1.072e+06	2.162e-09
1.072e+06	2.427e-09
1.072e+06	2.162e-09
1.072e+06	2.022e-09
1.073e+06	1.920e-09
1.073e+06	1.820e-09
1.073e+06	1.826e-09
1.073e+06	1.912e-09
1.074e+06	1.768e-09
1.074e+06	1.837e-09
1.074e+06	1.846e-09
1.074e+06	1.842e-09
1.075e+06	1.893e-09
1.075e+06	1.806e-09
1.075e+06	1.800e-09
1.075e+06	1.808e-09
1.076e+06	1.849e-09
1.076e+06	2.083e-09
1.076e+06	1.807e-09
1.076e+06	1.795e-09
1.077e+06	1.613e-09
1.077e+06	1.759e-09
1.077e+06	1.552e-09
1.077e+06	1.660e-09
1.078e+06	1.756e-09
1.078e+06	1.816e-09
1.078e+06	1.764e-09
1.078e+06	1.715e-09
1.079e+06	1.744e-09
1.079e+06	1.669e-09
1.079e+06	1.758e-09
1.079e+06	1.956e-09
1.080e+06	1.841e-09
1.080e+06	1.716e-09
1.080e+06	1.762e-09
1.080e+06	1.717e-09
1.081e+06	1.685e-09
1.081e+06	1.615e-09
1.081e+06	1.693e-09
1.081e+06	1.730e-09
1.082e+06	1.610e-09
1.082e+06	1.621e-09
1.082e+06	1.669e-09
1.082e+06	1.432e-09
1.083e+06	1.398e-09
1.083e+06	1.536e-09
1.083e+06	1.661e-09
1.083e+06	1.648e-09
1.084e+06	1.812e-09
1.084e+06	1.941e-09
1.084e+06	1.603e-09
1.084e+06	1.540e-09
1.085e+06	1.583e-09
1.085e+06	1.572e-09
1.085e+06	1.717e-09
1.085e+06	1.592e-09
1.086e+06	1.430e-09
1.086e+06	1.655e-09
1.086e+06	1.681e-09
1.086e+06	1.740e-09
1.087e+06	1.596e-09
1.087e+06	1.614e-09
1.087e+06	1.793e-09
1.087e+06	1.596e-09
1.088e+06	1.427e-09
1.088e+06	1.479e-09
1.088e+06	1.713e-09
1.088e+06	1.544e-09
1.089e+06	1.409e-09
1.089e+06	1.602e-09
1.089e+06	1.663e-09
1.089e+06	1.499e-09
1.090e+06	1.417e-09
1.090e+06	1.763e-09
1.090e+06	1.659e-09
1.090e+06	1.547e-09
1.091e+06	1.497e-09
1.091e+06	1.536e-09
1.091e+06	1.782e-09
1.091e+06	1.580e-09
1.092e+06	1.381e-09
1.092e+06	1.516e-09
1.092e+06	1.536e-09
1.092e+06	1.449e-09
1.093e+06	1.420e-09
1.093e+06	1.408e-09
1.093e+06	1.399e-09
1.093e+06	1.544e-09
1.094e+06	1.482e-09
1.094e+06	1.426e-09
1.094e+06	1.459e-09
1.094e+06	1.675e-09
1.095e+06	1.586e-09
1.095e+06	1.415e-09
1.095e+06	1.418e-09
1.095e+06	1.393e-09
1.096e+06	1.470e-09
1.096e+06	1.577e-09
1.096e+06	1.550e-09
1.096e+06	1.536e-09
1.097e+06	1.420e-09
1.097e+06	1.496e-09
1.097e+06	1.525e-09
1.097e+06	1.428e-09
1.098e+06	1.343e-09
1.098e+06	1.246e-09
1.098e+06	1.238e-09
1.098e+06	1.455e-09
1.099e+06	1.504e-09
1.099e+06	1.410e-09
1.099e+06	1.350e-09
1.099e+06	1.371e-09
1.100e+06	1.409e-09
1.100e+06	1.422e-09
1.100e+06	1.276e-09
1.100e+06	1.337e-09
1.101e+06	1.363e-09
1.101e+06	1.256e-09
1.101e+06	1.198e-09
1.101e+06	1.392e-09
1.102e+06	1.217e-09
1.102e+06	1.257e-09
1.102e+06	1.368e-09
1.102e+06	1.312e-09
1.103e+06	1.305e-09
1.103e+06	1.415e-09
1.103e+06	1.379e-09
1.103e+06	1.255e-09
1.104e+06	1.319e-09
1.104e+06	1.243e-09
1.104e+06	1.189e-09
1.104e+06	1.213e-09
1.105e+06	1.152e-09
1.105e+06	1.367e-09
1.105e+06	1.309e-09
1.105e+06	1.399e-09
1.106e+06	1.212e-09
1.106e+06	1.194e-09
1.106e+06	1.018e-09
1.106e+06	1.096e-09
1.107e+06	1.309e-09
1.107e+06	1.275e-09
1.107e+06	1.134e-09
1.107e+06	1.292e-09
1.108e+06	1.275e-09
1.108e+06	1.150e-09
1.108e+06	1.347e-09
1.108e+06	1.299e-09
1.109e+06	1.453e-09
1.109e+06	1.385e-09
1.109e+06	1.235e-09
1.109e+06	1.229e-09
1.110e+06	1.241e-09
1.110e+06	1.144e-09
1.110e+06	9.831e-10
1.110e+06	9.927e-10
1.111e+06	1.043e-09
1.111e+06	1.139e-09
1.111e+06	1.280e-09
1.111e+06	1.204e-09
1.112e+06	1.106e-09
1.112e+06	1.067e-09
1.112e+06	1.064e-09
1.112e+06	1.186e-09
1.113e+06	1.200e-09
1.113e+06	1.122e-09
1.113e+06	1.184e-09
1.113e+06	1.081e-09
1.114e+06	1.174e-09
1.114e+06	1.193e-09
1.114e+06	1.240e-09
1.114e+06	1.282e-09
1.115e+06	1.233e-09
1.115e+06	1.115e-09
1.115e+06	1.117e-09
1.115e+06	1.181e-09
1.116e+06	1.264e-09
1.116e+06	1.188e-09
1.116e+06	1.132e-09
1.116e+06	1.064e-09
1.117e+06	1.093e-09
1.117e+06	1.099e-09
1.117e+06	1.128e-09
1.117e+06	1.143e-09
1.118e+06	1.116e-09
1.118e+06	1.128e-09
1.118e+06	1.035e-09
1.118e+06	1.020e-09
1.119e+06	1.064e-09
1.119e+06	1.107e-09
1.119e+06	9.918e-10
1.119e+06	9.608e-10
1.120e+06	1.056e-09
1.120e+06	1.079e-09
1.120e+06	9.679e-10
1.120e+06	9.763e-10
1.121e+06	9.435e-10
1.121e+06	9.937e-10
1.121e+06	9.987e-10
1.121e+06	1.044e-09
1.122e+06	9.654e-10
1.122e+06	1.028e-09
1.122e+06	1.025e-09
1.122e+06	1.045e-09
1.123e+06	1.083e-09
1.123e+06	1.039e-09
1.123e+06	1.020e-09
1.123e+06	9.364e-10
1.124e+06	9.902e-10
1.124e+06	1.062e-09
1.124e+06	1.168e-09
1.124e+06	1.114e-09
1.125e+06	1.042e-09
1.125e+06	1.068e-09
1.125e+06	1.005e-09
1.125e+06	9.767e-10
1.126e+06	9.992e-10
1.126e+06	9.499e-10
1.126e+06	9.190e-10
1.126e+06	1.015e-09
1.127e+06	9.605e-10
1.127e+06	9.725e-10
1.127e+06	9.805e-10
1.127e+06	9.995e-10
1.128e+06	9.247e-10
1.128e+06	9.707e-10
1.128e+06	9.825e-10
1.128e+06	9.885e-10
1.129e+06	9.478e-10
1.129e+06	1.001e-09
1.129e+06	9.440e-10
1.129e+06	9.159e-10
1.130e+06	9.373e-10
1.130e+06	9.492e-10
1.130e+06	1.034e-09
1.130e+06	1.066e-09
1.131e+06	9.885e-10
1.131e+06	1.047e-09
1.131e+06	1.046e-09
1.131e+06	9.504e-10
1.132e+06	9.345e-10
1.132e+06	9.838e-10
1.132e+06	9.730e-10
1.132e+06	9.390e-10
1.133e+06	9.312e-10
1.133e+06	9.571e-10
1.133e+06	9.782e-10
1.133e+06	1.037e-09
1.134e+06	1.127e-09
1.134e+06	1.051e-09
1.134e+06	9.490e-10
1.134e+06	9.409e-10
1.135e+06	9.168e-10
1.135e+06	9.186e-10
1.135e+06	9.124e-10
1.135e+06	9.138e-10
1.136e+06	9.478e-10
1.136e+06	9.723e-10
1.136e+06	9.247e-10
1.136e+06	8.740e-10
1.137e+06	8.609e-10
1.137e+06	8.147e-10
1.137e+06	9.086e-10
1.137e+06	8.440e-10
1.138e+06	8.389e-10
1.138e+06	8.490e-10
1.138e+06	7.907e-10
1.138e+06	8.667e-10
1.139e+06	1.019e-09
1.139e+06	1.093e-09
1.139e+06	9.673e-10
1.139e+06	9.327e-10
1.140e+06	8.473e-10
1.140e+06	7.870e-10
1.140e+06	9.040e-10
1.140e+06	9.176e-10
1.141e+06	8.919e-10
1.141e+06	8.341e-10
1.141e+06	8.449e-10
1.141e+06	9.385e-10
1.142e+06	8.868e-10
1.142e+06	9.300e-10
1.142e+06	7.835e-10
1.142e+06	7.342e-10
1.143e+06	8.961e-10
1.143e+06	8.832e-10
1.143e+06	8.239e-10
1.143e+06	7.741e-10
1.144e+06	7.460e-10
1.144e+06	8.015e-10
1.144e+06	8.894e-10
1.144e+06	8.646e-10
1.145e+06	8.025e-10
1.145e+06	7.948e-10
1.145e+06	8.526e-10
1.145e+06	9.169e-10
1.146e+06	9.674e-10
1.146e+06	9.034e-10
1.146e+06	8.018e-10
1.146e+06	8.671e-10
1.147e+06	8.310e-10
1.147e+06	8.605e-10
1.147e+06	7.484e-10
1.147e+06	8.573e-10
1.148e+06	8.407e-10
1.148e+06	7.611e-10
1.148e+06	7.859e-10
1.148e+06	8.081e-10
1.149e+06	8.225e-10
1.149e+06	8.598e-10
1.149e+06	7.474e-10
1.149e+06	7.678e-10
1.150e+06	7.243e-10
1.150e+06	8.177e-10
1.150e+06	7.338e-10
1.150e+06	7.621e-10
1.151e+06	7.667e-10
1.151e+06	7.550e-10
1.151e+06	7.695e-10
1.151e+06	8.810e-10
1.152e+06	8.003e-10
1.152e+06	7.368e-10
1.152e+06	7.219e-10
1.152e+06	8.667e-10
1.153e+06	9.328e-10
1.153e+06	8.464e-10
1.153e+06	7.391e-10
1.153e+06	7.834e-10
1.154e+06	7.499e-10
1.154e+06	7.735e-10
1.154e+06	8.197e-10
1.154e+06	7.709e-10
1.155e+06	7.980e-10
1.155e+06	7.352e-10
1.155e+06	8.209e-10
1.155e+06	8.404e-10
1.156e+06	6.723e-10
1.156e+06	7.090e-10
1.156e+06	7.383e-10
1.156e+06	7.399e-10
1.157e+06	8.100e-10
1.157e+06	8.222e-10
1.157e+06	7.711e-10
1.157e+06	7.348e-10
1.158e+06	7.731e-10
1.158e+06	8.209e-10
1.158e+06	7.591e-10
1.158e+06	7.403e-10
1.159e+06	7.440e-10
1.159e+06	7.541e-10
1.159e+06	7.240e-10
1.159e+06	7.219e-10
1.160e+06	6.804e-10
1.160e+06	7.121e-10
1.160e+06	7.620e-10
1.160e+06	7.955e-10
1.161e+06	7.484e-10
1.161e+06	7.384e-10
1.161e+06	7.269e-10
1.161e+06	6.721e-10
1.162e+06	6.062e-10
1.162e+06	6.345e-10
1.162e+06	6.805e-10
1.162e+06	7.149e-10
1.163e+06	6.539e-10
1.163e+06	6.701e-10
1.163e+06	7.630e-10
1.163e+06	6.882e-10
1.164e+06	6.643e-10
1.164e+06	6.175e-10
1.164e+06	5.639e-10
1.164e+06	6.968e-10
1.165e+06	7.479e-10
1.165e+06	7.160e-10
1.165e+06	6.918e-10
1.165e+06	7.355e-10
1.166e+06	7.456e-10
1.166e+06	7.662e-10
1.166e+06	6.443e-10
1.166e+06	6.786e-10
1.167e+06	6.900e-10
1.167e+06	7.049e-10
1.167e+06	7.406e-10
1.167e+06	6.351e-10
1.168e+06	6.429e-10
1.168e+06	5.864e-10
1.168e+06	5.767e-10
1.168e+06	6.658e-10
1.169e+06	6.581e-10
1.169e+06	6.371e-10
1.169e+06	6.690e-10
1.169e+06	6.506e-10
1.170e+06	7.077e-10
1.170e+06	6.916e-10
1.170e+06	6.711e-10
1.170e+06	7.649e-10
1.171e+06	7.397e-10
1.171e+06	6.986e-10
1.171e+06	6.003e-10
1.171e+06	5.586e-10
1.172e+06	5.634e-10
1.172e+06	6.004e-10
1.172e+06	6.408e-10
1.172e+06	6.917e-10
1.173e+06	6.178e-10
1.173e+06	5.801e-10
1.173e+06	6.638e-10
1.173e+06	6.230e-10
1.174e+06	6.103e-10
1.174e+06	5.906e-10
1.174e+06	5.727e-10
1.174e+06	6.328e-10
1.175e+06	6.964e-10
1.175e+06	5.763e-10
1.175e+06	5.892e-10
1.175e+06	6.229e-10
1.176e+06	5.736e-10
1.176e+06	5.158e-10
1.176e+06	5.853e-10
1.176e+06	6.127e-10
1.177e+06	5.871e-10
1.177e+06	5.957e-10
1.177e+06	6.768e-10
1.177e+06	7.288e-10
1.178e+06	6.237e-10
1.178e+06	5.786e-10
1.178e+06	5.969e-10
1.178e+06	6.061e-10
1.179e+06	5.790e-10
1.179e+06	5.569e-10
1.179e+06	5.808e-10
1.179e+06	5.350e-10
1.180e+06	5.624e-10
1.180e+06	5.853e-10
1.180e+06	6.144e-10
1.180e+06	6.972e-10
1.181e+06	5.810e-10
1.181e+06	5.037e-10
1.181e+06	6.175e-10
1.181e+06	5.984e-10
1.182e+06	5.398e-10
1.182e+06	5.209e-10
1.182e+06	5.600e-10
1.182e+06	5.651e-10
1.183e+06	6.312e-10
1.183e+06	6.082e-10
1.183e+06	5.423e-10
1.183e+06	5.368e-10
1.184e+06	5.705e-10
1.184e+06	6.173e-10
1.184e+06	6.085e-10
1.184e+06	5.728e-10
1.185e+06	6.054e-10
1.185e+06	6.236e-10
1.185e+06	5.739e-10
1.185e+06	5.669e-10
1.186e+06	6.924e-10
1.186e+06	6.576e-10
1.186e+06	5.946e-10
1.186e+06	5.670e-10
1.187e+06	5.924e-10
1.187e+06	5.512e-10
1.187e+06	5.148e-10
1.187e+06	6.115e-10
1.188e+06	5.690e-10
1.188e+06	5.065e-10
1.188e+06	5.221e-10
1.188e+06	5.988e-10
1.189e+06	6.555e-10
1.189e+06	5.886e-10
1.189e+06	6.165e-10
1.189e+06	6.060e-10
1.190e+06	4.892e-10
1.190e+06	4.972e-10
1.190e+06	5.212e-10
1.190e+06	5.421e-10
1.191e+06	5.014e-10
1.191e+06	5.232e-10
1.191e+06	5.037e-10
1.191e+06	4.876e-10
1.192e+06	5.048e-10
1.192e+06	5.193e-10
1.192e+06	5.424e-10
1.192e+06	5.016e-10
1.193e+06	5.515e-10
1.193e+06	5.667e-10
1.193e+06	5.553e-10
1.193e+06	5.629e-10
1.194e+06	5.617e-10
1.194e+06	5.193e-10
1.194e+06	5.016e-10
1.194e+06	5.392e-10
1.195e+06	5.516e-10
1.195e+06	4.633e-10
1.195e+06	4.828e-10
1.195e+06	5.367e-10
1.196e+06	4.631e-10
1.196e+06	4.862e-10
1.196e+06	4.964e-10
1.196e+06	4.898e-10
1.197e+06	4.970e-10
1.197e+06	5.238e-10
1.197e+06	5.661e-10
1.197e+06	5.378e-10
1.198e+06	5.401e-10
1.198e+06	5.176e-10
1.198e+06	5.326e-10
1.198e+06	4.922e-10
1.199e+06	4.221e-10
1.199e+06	4.783e-10
1.199e+06	5.518e-10
1.199e+06	5.984e-10
1.200e+06	4.871e-10
1.200e+06	4.316e-10
1.200e+06	4.330e-10
1.200e+06	4.579e-10
1.201e+06	4.229e-10
1.201e+06	5.011e-10
1.201e+06	4.909e-10
1.201e+06	4.702e-10
1.202e+06	4.662e-10
1.202e+06	4.920e-10
1.202e+06	5.494e-10
1.202e+06	4.955e-10
1.203e+06	4.499e-10
1.203e+06	4.786e-10
1.203e+06	4.807e-10
1.203e+06	5.163e-10
1.204e+06	4.936e-10
1.204e+06	4.768e-10
1.204e+06	4.403e-10
1.204e+06	4.296e-10
1.205e+06	5.155e-10
1.205e+06	5.464e-10
1.205e+06	4.730e-10
1.205e+06	4.629e-10
1.206e+06	4.226e-10
1.206e+06	4.187e-10
1.206e+06	4.639e-10
1.206e+06	5.139e-10
1.207e+06	4.236e-10
1.207e+06	4.451e-10
1.207e+06	4.623e-10
1.207e+06	4.447e-10
1.208e+06	4.843e-10
1.208e+06	4.711e-10
1.208e+06	5.158e-10
1.208e+06	5.279e-10
1.209e+06	4.407e-10
1.209e+06	4.871e-10
1.209e+06	4.382e-10
1.209e+06	4.375e-10
1.210e+06	4.661e-10
1.210e+06	4.804e-10
1.210e+06	4.637e-10
1.210e+06	4.226e-10
1.211e+06	4.129e-10
1.211e+06	4.726e-10
1.211e+06	4.602e-10
1.211e+06	4.162e-10
1.212e+06	4.210e-10
1.212e+06	4.301e-10
1.212e+06	4.089e-10
1.212e+06	4.656e-10
1.213e+06	4.927e-10
1.213e+06	4.412e-10
1.213e+06	3.852e-10
1.213e+06	3.942e-10
1.214e+06	4.662e-10
1.214e+06	4.775e-10
1.214e+06	4.463e-10
1.214e+06	4.267e-10
1.215e+06	4.229e-10
1.215e+06	4.392e-10
1.215e+06	4.201e-10
1.215e+06	4.352e-10
1.216e+06	4.469e-10
1.216e+06	3.900e-10
1.216e+06	3.820e-10
1.216e+06	4.429e-10
1.217e+06	3.947e-10
1.217e+06	3.929e-10
1.217e+06	4.255e-10
1.217e+06	4.767e-10
1.218e+06	4.778e-10
1.218e+06	4.302e-10
1.218e+06	4.065e-10
1.218e+06	4.219e-10
1.219e+06	4.567e-10
1.219e+06	4.007e-10
1.219e+06	4.297e-10
1.219e+06	4.622e-10
1.220e+06	4.511e-10
1.220e+06	4.223e-10
1.220e+06	4.471e-10
1.220e+06	4.203e-10
1.221e+06	4.229e-10
1.221e+06	4.334e-10
1.221e+06	4.216e-10
1.221e+06	4.177e-10
1.222e+06	4.361e-10
1.222e+06	4.081e-10
1.222e+06	4.386e-10
1.222e+06	4.103e-10
1.223e+06	4.325e-10
1.223e+06	4.081e-10
1.223e+06	3.927e-10
1.223e+06	4.098e-10
1.224e+06	4.034e-10
1.224e+06	3.911e-10
1.224e+06	4.121e-10
1.224e+06	4.222e-10
1.225e+06	4.340e-10
1.225e+06	4.470e-10
1.225e+06	3.698e-10
1.225e+06	3.481e-10
1.226e+06	4.085e-10
1.226e+06	4.392e-10
1.226e+06	3.842e-10
1.226e+06	3.792e-10
1.227e+06	3.906e-10
1.227e+06	4.111e-10
1.227e+06	4.212e-10
1.227e+06	3.893e-10
1.228e+06	3.709e-10
1.228e+06	4.452e-10
1.228e+06	4.211e-10
1.228e+06	3.882e-10
1.229e+06	3.668e-10
1.229e+06	3.932e-10
1.229e+06	3.829e-10
1.229e+06	3.590e-10
1.230e+06	3.237e-10
1.230e+06	3.967e-10
1.230e+06	4.429e-10
1.230e+06	4.210e-10
1.231e+06	4.410e-10
1.231e+06	4.003e-10
1.231e+06	3.617e-10
1.231e+06	3.570e-10
1.232e+06	3.648e-10
1.232e+06	3.444e-10
1.232e+06	3.505e-10
1.232e+06	3.282e-10
1.233e+06	3.821e-10
1.233e+06	3.902e-10
1.233e+06	3.709e-10
1.233e+06	4.318e-10
1.234e+06	4.550e-10
1.234e+06	4.321e-10
1.234e+06	4.281e-10
1.234e+06	4.119e-10
1.235e+06	4.436e-10
1.235e+06	4.183e-10
1.235e+06	4.226e-10
1.235e+06	3.820e-10
1.236e+06	3.570e-10
1.236e+06	3.611e-10
1.236e+06	3.623e-10
1.236e+06	3.362e-10
1.237e+06	3.923e-10
1.237e+06	4.408e-10
1.237e+06	3.901e-10
1.237e+06	3.676e-10
1.238e+06	3.358e-10
1.238e+06	3.517e-10
1.238e+06	3.948e-10
1.238e+06	3.572e-10
1.239e+06	3.685e-10
1.239e+06	3.908e-10
1.239e+06	3.694e-10
1.239e+06	3.730e-10
1.240e+06	3.684e-10
1.240e+06	4.001e-10
1.240e+06	3.703e-10
1.240e+06	3.706e-10
1.241e+06	3.355e-10
1.241e+06	3.636e-10
1.241e+06	3.549e-10
1.241e+06	3.144e-10
1.242e+06	3.394e-10
1.242e+06	3.547e-10
1.242e+06	3.681e-10
1.242e+06	3.518e-10
1.243e+06	3.580e-10
1.243e+06	3.701e-10
1.243e+06	3.951e-10
1.243e+06	3.658e-10
1.244e+06	3.684e-10
1.244e+06	3.996e-10
1.244e+06	3.291e-10
1.244e+06	3.154e-10
1.245e+06	3.454e-10
1.245e+06	3.463e-10
1.245e+06	3.728e-10
1.245e+06	3.920e-10
1.246e+06	3.645e-10
1.246e+06	3.652e-10
1.246e+06	3.285e-10
1.246e+06	3.051e-10
1.247e+06	3.421e-10
1.247e+06	3.447e-10
1.247e+06	3.193e-10
1.247e+06	3.124e-10
1.248e+06	3.350e-10
1.248e+06	3.586e-10
1.248e+06	3.675e-10
1.248e+06	3.275e-10
1.249e+06	3.222e-10
1.249e+06	3.682e-10
1.249e+06	3.404e-10
1.249e+06	3.232e-10
1.250e+06	3.258e-10
1.250e+06	3.189e-10
1.250e+06	3.859e-10
1.250e+06	4.089e-10
1.251e+06	4.004e-10
1.251e+06	3.452e-10
1.251e+06	3.435e-10
1.251e+06	3.362e-10
1.252e+06	3.404e-10
1.252e+06	3.507e-10
1.252e+06	3.171e-10
1.252e+06	3.359e-10
1.253e+06	3.284e-10
1.253e+06	3.085e-10
1.253e+06	3.012e-10
1.253e+06	2.895e-10
1.254e+06	3.254e-10
1.254e+06	3.535e-10
1.254e+06	4.001e-10
1.254e+06	3.437e-10
1.255e+06	2.928e-10
1.255e+06	2.878e-10
1.255e+06	3.119e-10
1.255e+06	3.419e-10
1.256e+06	3.332e-10
1.256e+06	3.417e-10
1.256e+06	3.305e-10
1.256e+06	3.497e-10
1.257e+06	3.454e-10
1.257e+06	3.942e-10
1.257e+06	3.368e-10
1.257e+06	2.876e-10
1.258e+06	3.253e-10
1.258e+06	3.088e-10
1.258e+06	3.340e-10
1.258e+06	3.302e-10
1.259e+06	3.315e-10
1.259e+06	2.972e-10
1.259e+06	3.042e-10
1.259e+06	3.159e-10
1.260e+06	3.147e-10
1.260e+06	3.101e-10
1.260e+06	3.539e-10
1.260e+06	3.581e-10
1.261e+06	3.509e-10
1.261e+06	3.022e-10
1.261e+06	2.859e-10
1.261e+06	2.799e-10
1.262e+06	2.718e-10
1.262e+06	2.543e-10
1.262e+06	2.663e-10
1.262e+06	2.942e-10
1.263e+06	3.247e-10
1.263e+06	2.926e-10
1.263e+06	2.744e-10
1.263e+06	3.288e-10
1.264e+06	3.108e-10
1.264e+06	3.127e-10
1.264e+06	3.432e-10
1.264e+06	3.311e-10
1.265e+06	3.157e-10
1.265e+06	2.694e-10
1.265e+06	2.782e-10
1.265e+06	2.695e-10
1.266e+06	2.536e-10
1.266e+06	2.886e-10
1.266e+06	2.927e-10
1.266e+06	2.939e-10
1.267e+06	3.351e-10
1.267e+06	3.326e-10
1.267e+06	2.925e-10
1.267e+06	2.828e-10
1.268e+06	2.928e-10
1.268e+06	3.001e-10
1.268e+06	2.917e-10
1.268e+06	3.134e-10
1.269e+06	3.175e-10
1.269e+06	2.928e-10
1.269e+06	3.155e-10
1.269e+06	3.305e-10
1.270e+06	3.163e-10
1.270e+06	3.192e-10
1.270e+06	2.920e-10
1.270e+06	3.257e-10
1.271e+06	3.170e-10
1.271e+06	2.717e-10
1.271e+06	2.715e-10
1.271e+06	2.844e-10
1.272e+06	2.541e-10
1.272e+06	2.393e-10
1.272e+06	2.428e-10
1.272e+06	2.692e-10
1.273e+06	2.739e-10
1.273e+06	2.818e-10
1.273e+06	3.274e-10
1.273e+06	3.442e-10
1.274e+06	2.940e-10
1.274e+06	2.883e-10
1.274e+06	2.621e-10
1.274e+06	2.749e-10
1.275e+06	3.112e-10
1.275e+06	2.826e-10
1.275e+06	2.747e-10
1.275e+06	2.720e-10
1.276e+06	2.650e-10
1.276e+06	2.568e-10
1.276e+06	2.689e-10
1.276e+06	2.853e-10
1.277e+06	2.548e-10
1.277e+06	2.742e-10
1.277e+06	2.868e-10
1.277e+06	2.531e-10
1.278e+06	2.497e-10
1.278e+06	2.693e-10
1.278e+06	2.758e-10
1.278e+06	2.814e-10
1.279e+06	2.892e-10
1.279e+06	2.747e-10
1.279e+06	2.660e-10
1.279e+06	2.918e-10
1.280e+06	2.603e-10
1.280e+06	2.547e-10
1.280e+06	2.864e-10
1.280e+06	2.551e-10
1.281e+06	2.545e-10
1.281e+06	2.877e-10
1.281e+06	2.841e-10
1.281e+06	2.886e-10
1.282e+06	2.648e-10
1.282e+06	2.636e-10
1.282e+06	2.558e-10
1.282e+06	2.598e-10
1.283e+06	2.694e-10
1.283e+06	2.465e-10
1.283e+06	2.395e-10
1.283e+06	2.495e-10
1.284e+06	2.671e-10
1.284e+06	2.764e-10
1.284e+06	2.753e-10
1.284e+06	2.891e-10
1.285e+06	3.056e-10
1.285e+06	2.936e-10
1.285e+06	2.658e-10
1.285e+06	2.192e-10
1.286e+06	2.472e-10
1.286e+06	2.800e-10
1.286e+06	3.419e-10
1.286e+06	3.049e-10
1.287e+06	2.578e-10
1.287e+06	2.744e-10
1.287e+06	2.622e-10
1.287e+06	2.502e-10
1.288e+06	2.940e-10
1.288e+06	2.903e-10
1.288e+06	2.759e-10
1.288e+06	2.675e-10
1.289e+06	2.344e-10
1.289e+06	2.613e-10
1.289e+06	2.716e-10
1.289e+06	2.423e-10
1.290e+06	2.830e-10
1.290e+06	2.701e-10
1.290e+06	2.431e-10
1.290e+06	2.536e-10
1.291e+06	2.466e-10
1.291e+06	2.203e-10
1.291e+06	2.664e-10
1.291e+06	2.674e-10
1.292e+06	2.582e-10
1.292e+06	2.460e-10
1.292e+06	2.488e-10
1.292e+06	3.012e-10
1.293e+06	2.867e-10
1.293e+06	2.577e-10
1.293e+06	2.394e-10
1.293e+06	2.599e-10
1.294e+06	2.733e-10
1.294e+06	2.407e-10
1.294e+06	2.522e-10
1.294e+06	2.438e-10
1.295e+06	2.644e-10
1.295e+06	2.554e-10
1.295e+06	2.519e-10
1.295e+06	2.204e-10
1.296e+06	2.086e-10
1.296e+06	2.259e-10
1.296e+06	2.379e-10
1.296e+06	2.354e-10
1.297e+06	2.683e-10
1.297e+06	2.573e-10
1.297e+06	2.418e-10
1.297e+06	2.503e-10
1.298e+06	2.459e-10
1.298e+06	2.415e-10
1.298e+06	2.445e-10
1.298e+06	2.589e-10
1.299e+06	2.730e-10
1.299e+06	2.224e-10
1.299e+06	2.117e-10
1.299e+06	2.447e-10
1.300e+06	2.417e-10
1.300e+06	2.645e-10
1.300e+06	2.673e-10
1.300e+06	2.570e-10
1.301e+06	2.483e-10
1.301e+06	2.304e-10
1.301e+06	2.291e-10
1.301e+06	2.290e-10
1.302e+06	2.147e-10
1.302e+06	2.170e-10
1.302e+06	2.382e-10
1.302e+06	2.462e-10
1.303e+06	2.381e-10
1.303e+06	2.378e-10
1.303e+06	2.696e-10
1.303e+06	2.550e-10
1.304e+06	2.373e-10
1.304e+06	2.524e-10
1.304e+06	2.265e-10
1.304e+06	2.081e-10
1.305e+06	2.222e-10
1.305e+06	2.359e-10
1.305e+06	2.393e-10
1.305e+06	2.642e-10
1.306e+06	2.585e-10
1.306e+06	2.739e-10
1.306e+06	2.754e-10
1.306e+06	2.609e-10
1.307e+06	2.483e-10
1.307e+06	2.559e-10
1.307e+06	2.569e-10
1.307e+06	2.341e-10
1.308e+06	2.167e-10
1.308e+06	2.287e-10
1.308e+06	2.417e-10
1.308e+06	2.538e-10
1.309e+06	2.232e-10
1.309e+06	1.885e-10
1.309e+06	2.130e-10
1.309e+06	2.315e-10
1.310e+06	2.385e-10
1.310e+06	2.127e-10
1.310e+06	2.137e-10
1.310e+06	2.157e-10
1.311e+06	2.195e-10
1.311e+06	2.070e-10
1.311e+06	2.167e-10
1.311e+06	2.330e-10
1.312e+06	2.516e-10
1.312e+06	2.542e-10
1.312e+06	2.496e-10
1.312e+06	2.378e-10
1.313e+06	1.968e-10
1.313e+06	2.068e-10
1.313e+06	2.015e-10
1.313e+06	1.988e-10
1.314e+06	2.252e-10
1.314e+06	2.394e-10
1.314e+06	2.499e-10
1.314e+06	2.386e-10
1.315e+06	2.515e-10
1.315e+06	2.571e-10
1.315e+06	2.137e-10
1.315e+06	1.841e-10
1.316e+06	2.164e-10
1.316e+06	2.448e-10
1.316e+06	2.295e-10
1.316e+06	2.218e-10
1.317e+06	1.754e-10
1.317e+06	1.867e-10
1.317e+06	2.085e-10
1.317e+06	2.189e-10
1.318e+06	2.076e-10
1.318e+06	2.015e-10
1.318e+06	2.002e-10
1.318e+06	1.942e-10
1.319e+06	1.911e-10
1.319e+06	2.139e-10
1.319e+06	2.423e-10
1.319e+06	2.347e-10
1.320e+06	2.096e-10
1.320e+06	2.336e-10
1.320e+06	2.407e-10
1.320e+06	2.439e-10
1.321e+06	2.397e-10
1.321e+06	2.467e-10
1.321e+06	2.318e-10
1.321e+06	2.174e-10
1.322e+06	2.133e-10
1.322e+06	2.283e-10
1.322e+06	2.246e-10
1.322e+06	1.958e-10
1.323e+06	1.905e-10
1.323e+06	1.977e-10
1.323e+06	1.952e-10
1.323e+06	2.114e-10
1.324e+06	2.254e-10
1.324e+06	2.039e-10
1.324e+06	1.976e-10
1.324e+06	1.816e-10
1.325e+06	1.897e-10
1.325e+06	2.018e-10
1.325e+06	2.045e-10
1.325e+06	1.872e-10
1.326e+06	2.166e-10
1.326e+06	2.079e-10
1.326e+06	1.923e-10
1.326e+06	1.697e-10
1.327e+06	1.926e-10
1.327e+06	1.977e-10
1.327e+06	1.751e-10
1.327e+06	1.930e-10
1.328e+06	2.082e-10
1.328e+06	2.077e-10
1.328e+06	1.920e-10
1.328e+06	2.036e-10
1.329e+06	1.830e-10
1.329e+06	1.731e-10
1.329e+06	1.755e-10
1.329e+06	1.947e-10
1.330e+06	1.941e-10
1.330e+06	2.090e-10
1.330e+06	2.265e-10
1.330e+06	2.346e-10
1.331e+06	3.110e-10
1.331e+06	2.264e-10
1.331e+06	1.951e-10
1.331e+06	1.915e-10
1.332e+06	1.878e-10
1.332e+06	2.036e-10
1.332e+06	2.030e-10
1.332e+06	1.827e-10
1.333e+06	1.843e-10
1.333e+06	1.958e-10
1.333e+06	2.134e-10
1.333e+06	1.889e-10
1.334e+06	1.898e-10
1.334e+06	1.883e-10
1.334e+06	1.957e-10
1.334e+06	1.844e-10
1.335e+06	1.999e-10
1.335e+06	1.996e-10
1.335e+06	1.935e-10
1.335e+06	1.996e-10
1.336e+06	1.948e-10
1.336e+06	1.881e-10
1.336e+06	2.003e-10
1.336e+06	1.887e-10
1.337e+06	1.954e-10
1.337e+06	1.815e-10
1.337e+06	1.923e-10
1.337e+06	1.971e-10
1.338e+06	1.947e-10
1.338e+06	2.015e-10
1.338e+06	2.344e-10
1.338e+06	2.269e-10
1.339e+06	1.995e-10
1.339e+06	1.956e-10
1.339e+06	2.113e-10
1.339e+06	1.884e-10
1.340e+06	1.827e-10
1.340e+06	2.029e-10
1.340e+06	2.042e-10
1.340e+06	1.723e-10
1.341e+06	1.703e-10
1.341e+06	1.739e-10
1.341e+06	1.867e-10
1.341e+06	2.074e-10
1.342e+06	2.140e-10
1.342e+06	2.146e-10
1.342e+06	1.951e-10
1.342e+06	1.894e-10
1.343e+06	2.052e-10
1.343e+06	2.191e-10
1.343e+06	2.079e-10
1.343e+06	1.888e-10
1.344e+06	1.896e-10
1.344e+06	2.093e-10
1.344e+06	1.764e-10
1.344e+06	1.867e-10
1.345e+06	2.096e-10
1.345e+06	2.044e-10
1.345e+06	1.694e-10
1.345e+06	1.383e-10
1.346e+06	1.907e-10
1.346e+06	2.129e-10
1.346e+06	1.733e-10
1.346e+06	1.720e-10
1.347e+06	1.940e-10
1.347e+06	2.035e-10
1.347e+06	1.977e-10
1.347e+06	1.816e-10
1.348e+06	1.881e-10
1.348e+06	1.979e-10
1.348e+06	2.044e-10
1.348e+06	2.048e-10
1.349e+06	1.672e-10
1.349e+06	1.678e-10
1.349e+06	1.789e-10
1.349e+06	1.726e-10
1.350e+06	1.862e-10
1.350e+06	2.043e-10
1.350e+06	1.860e-10
1.350e+06	1.989e-10
1.351e+06	1.964e-10
1.351e+06	1.972e-10
1.351e+06	1.931e-10
1.351e+06	1.958e-10
1.352e+06	1.986e-10
1.352e+06	1.957e-10
1.352e+06	1.665e-10
1.352e+06	1.926e-10
1.353e+06	1.804e-10
1.353e+06	1.743e-10
1.353e+06	1.888e-10
1.353e+06	1.922e-10
1.354e+06	1.884e-10
1.354e+06	1.842e-10
1.354e+06	1.847e-10
1.354e+06	1.547e-10
1.355e+06	1.543e-10
1.355e+06	1.767e-10
1.355e+06	1.929e-10
1.355e+06	1.910e-10
1.356e+06	1.762e-10
1.356e+06	1.591e-10
1.356e+06	1.705e-10
1.356e+06	1.680e-10
1.357e+06	1.639e-10
1.357e+06	1.665e-10
1.357e+06	1.714e-10
1.357e+06	1.791e-10
1.358e+06	1.850e-10
1.358e+06	1.457e-10
1.358e+06	1.479e-10
1.358e+06	1.608e-10
1.359e+06	1.701e-10
1.359e+06	1.803e-10
1.359e+06	1.764e-10
1.359e+06	1.864e-10
1.360e+06	1.689e-10
1.360e+06	1.626e-10
1.360e+06	1.657e-10
1.360e+06	1.575e-10
1.361e+06	1.680e-10
1.361e+06	1.816e-10
1.361e+06	1.886e-10
1.361e+06	1.731e-10
1.362e+06	1.561e-10
1.362e+06	1.704e-10
1.362e+06	1.665e-10
1.362e+06	1.713e-10
1.363e+06	1.555e-10
1.363e+06	1.666e-10
1.363e+06	1.701e-10
1.363e+06	1.703e-10
1.364e+06	1.659e-10
1.364e+06	1.701e-10
1.364e+06	1.775e-10
1.364e+06	1.586e-10
1.365e+06	1.723e-10
1.365e+06	1.801e-10
1.365e+06	1.557e-10
1.365e+06	1.611e-10
1.366e+06	1.752e-10
1.366e+06	1.572e-10
1.366e+06	1.603e-10
1.366e+06	1.680e-10
1.367e+06	1.650e-10
1.367e+06	1.581e-10
1.367e+06	1.574e-10
1.367e+06	1.768e-10
1.368e+06	1.973e-10
1.368e+06	1.789e-10
1.368e+06	1.770e-10
1.368e+06	1.744e-10
1.369e+06	1.683e-10
1.369e+06	1.591e-10
1.369e+06	1.549e-10
1.369e+06	1.793e-10
1.370e+06	1.886e-10
1.370e+06	1.626e-10
1.370e+06	1.718e-10
1.370e+06	1.690e-10
1.371e+06	1.732e-10
1.371e+06	1.722e-10
1.371e+06	1.762e-10
1.371e+06	1.464e-10
1.372e+06	1.325e-10
1.372e+06	1.347e-10
1.372e+06	1.471e-10
1.372e+06	1.560e-10
1.373e+06	1.473e-10
1.373e+06	1.415e-10
1.373e+06	1.637e-10
1.373e+06	1.831e-10
1.374e+06	1.512e-10
1.374e+06	1.338e-10
1.374e+06	1.636e-10
1.374e+06	1.622e-10
1.375e+06	1.917e-10
1.375e+06	3.562e-10
1.375e+06	3.289e-10
1.375e+06	1.473e-10
1.376e+06	1.231e-10
1.376e+06	1.421e-10
1.376e+06	1.461e-10
1.376e+06	1.566e-10
1.377e+06	1.566e-10
1.377e+06	1.518e-10
1.377e+06	1.609e-10
1.377e+06	1.672e-10
1.378e+06	1.673e-10
1.378e+06	1.721e-10
1.378e+06	1.565e-10
1.378e+06	1.465e-10
1.379e+06	1.377e-10
1.379e+06	1.603e-10
1.379e+06	1.712e-10
1.379e+06	1.657e-10
1.380e+06	1.791e-10
1.380e+06	1.689e-10
1.380e+06	1.531e-10
1.380e+06	1.538e-10
1.381e+06	1.814e-10
1.381e+06	1.596e-10
1.381e+06	1.480e-10
1.381e+06	1.598e-10
1.382e+06	1.370e-10
1.382e+06	1.394e-10
1.382e+06	1.532e-10
1.382e+06	1.635e-10
1.383e+06	1.496e-10
1.383e+06	1.578e-10
1.383e+06	1.494e-10
1.383e+06	1.337e-10
1.384e+06	1.515e-10
1.384e+06	1.601e-10
1.384e+06	1.623e-10
1.384e+06	1.359e-10
1.385e+06	1.418e-10
1.385e+06	1.556e-10
1.385e+06	1.443e-10
1.385e+06	1.622e-10
1.386e+06	1.524e-10
1.386e+06	1.332e-10
1.386e+06	1.435e-10
1.386e+06	1.727e-10
1.387e+06	1.708e-10
1.387e+06	1.673e-10
1.387e+06	1.636e-10
1.387e+06	1.597e-10
1.388e+06	1.645e-10
1.388e+06	1.552e-10
1.388e+06	1.655e-10
1.388e+06	1.514e-10
1.389e+06	1.502e-10
1.389e+06	1.445e-10
1.389e+06	1.514e-10
1.389e+06	1.459e-10
1.390e+06	1.350e-10
1.390e+06	1.420e-10
1.390e+06	1.580e-10
1.390e+06	1.528e-10
1.391e+06	1.493e-10
1.391e+06	1.559e-10
1.391e+06	1.532e-10
1.391e+06	1.470e-10
1.392e+06	1.427e-10
1.392e+06	1.403e-10
1.392e+06	1.593e-10
1.392e+06	1.667e-10
1.393e+06	1.496e-10
1.393e+06	1.362e-10
1.393e+06	1.347e-10
1.393e+06	1.331e-10
1.394e+06	1.445e-10
1.394e+06	1.389e-10
1.394e+06	1.372e-10
1.394e+06	1.420e-10
1.395e+06	1.305e-10
1.395e+06	1.197e-10
1.395e+06	1.455e-10
1.395e+06	1.590e-10
1.396e+06	1.643e-10
1.396e+06	1.522e-10
1.396e+06	1.599e-10
1.396e+06	1.560e-10
1.397e+06	1.413e-10
1.397e+06	1.287e-10
1.397e+06	1.464e-10
1.397e+06	1.743e-10
1.398e+06	1.555e-10
1.398e+06	1.299e-10
1.398e+06	1.222e-10
1.398e+06	1.391e-10
1.399e+06	1.460e-10
1.399e+06	1.358e-10
1.399e+06	1.428e-10
1.399e+06	1.304e-10
1.400e+06	1.335e-10
1.400e+06	1.513e-10
1.400e+06	1.500e-10
1.400e+06	1.433e-10
1.401e+06	1.479e-10
1.401e+06	1.651e-10
1.401e+06	1.546e-10
1.401e+06	1.522e-10
1.402e+06	1.446e-10
1.402e+06	1.280e-10
1.402e+06	1.503e-10
1.402e+06	1.488e-10
1.403e+06	1.316e-10
1.403e+06	1.377e-10
1.403e+06	1.512e-10
1.403e+06	1.496e-10
1.404e+06	1.282e-10
1.404e+06	1.437e-10
1.404e+06	1.276e-10
1.404e+06	1.182e-10
1.405e+06	1.323e-10
1.405e+06	1.373e-10
1.405e+06	1.349e-10
1.405e+06	1.320e-10
1.406e+06	1.412e-10
1.406e+06	1.259e-10
1.406e+06	1.053e-10
1.406e+06	1.261e-10
1.407e+06	1.214e-10
1.407e+06	1.283e-10
1.407e+06	1.369e-10
1.407e+06	1.391e-10
1.408e+06	1.287e-10
1.408e+06	1.407e-10
1.408e+06	1.490e-10
1.408e+06	1.350e-10
1.409e+06	1.289e-10
1.409e+06	1.522e-10
1.409e+06	1.451e-10
1.409e+06	1.369e-10
1.410e+06	1.274e-10
1.410e+06	1.423e-10
1.410e+06	1.408e-10
1.410e+06	1.175e-10
1.411e+06	1.406e-10
1.411e+06	1.513e-10
1.411e+06	1.499e-10
1.411e+06	1.324e-10
1.412e+06	1.230e-10
1.412e+06	1.335e-10
1.412e+06	1.266e-10
1.412e+06	1.254e-10
1.413e+06	1.278e-10
1.413e+06	1.401e-10
1.413e+06	1.404e-10
1.413e+06	1.402e-10
1.414e+06	1.448e-10
1.414e+06	1.388e-10
1.414e+06	1.377e-10
1.414e+06	1.437e-10
1.415e+06	1.378e-10
1.415e+06	1.310e-10
1.415e+06	1.389e-10
1.415e+06	1.443e-10
1.416e+06	1.568e-10
1.416e+06	1.411e-10
1.416e+06	1.351e-10
1.416e+06	1.403e-10
1.417e+06	1.465e-10
1.417e+06	1.442e-10
1.417e+06	1.258e-10
1.417e+06	1.337e-10
1.418e+06	1.291e-10
1.418e+06	1.243e-10
1.418e+06	1.441e-10
1.418e+06	1.375e-10
1.419e+06	1.272e-10
1.419e+06	1.379e-10
1.419e+06	2.792e-10
1.419e+06	4.618e-10
1.420e+06	1.823e-10
1.420e+06	1.270e-10
1.420e+06	1.299e-10
1.420e+06	1.320e-10
1.421e+06	1.292e-10
1.421e+06	1.234e-10
1.421e+06	1.257e-10
1.421e+06	1.309e-10
1.422e+06	1.496e-10
1.422e+06	1.567e-10
1.422e+06	1.355e-10
1.422e+06	1.425e-10
1.423e+06	1.492e-10
1.423e+06	1.397e-10
1.423e+06	1.286e-10
1.423e+06	1.175e-10
1.424e+06	1.362e-10
1.424e+06	1.219e-10
1.424e+06	1.291e-10
1.424e+06	1.470e-10
1.425e+06	1.419e-10
1.425e+06	1.284e-10
1.425e+06	1.245e-10
1.425e+06	1.102e-10
1.426e+06	1.188e-10
1.426e+06	1.373e-10
1.426e+06	1.410e-10
1.426e+06	1.339e-10
1.427e+06	1.304e-10
1.427e+06	1.213e-10
1.427e+06	1.149e-10
1.427e+06	1.068e-10
1.428e+06	1.164e-10
1.428e+06	1.184e-10
1.428e+06	1.227e-10
1.428e+06	1.381e-10
1.429e+06	1.339e-10
1.429e+06	1.297e-10
1.429e+06	1.362e-10
1.429e+06	1.261e-10
1.430e+06	1.397e-10
1.430e+06	1.428e-10
1.430e+06	1.339e-10
1.430e+06	1.115e-10
1.431e+06	1.144e-10
1.431e+06	1.293e-10
1.431e+06	1.113e-10
1.431e+06	1.190e-10
1.432e+06	1.372e-10
1.432e+06	1.299e-10
1.432e+06	1.182e-10
1.432e+06	1.252e-10
1.433e+06	1.323e-10
1.433e+06	1.420e-10
1.433e+06	1.219e-10
1.433e+06	1.164e-10
1.434e+06	1.130e-10
1.434e+06	1.161e-10
1.434e+06	1.232e-10
1.434e+06	1.250e-10
1.435e+06	1.142e-10
1.435e+06	1.081e-10
1.435e+06	1.132e-10
1.435e+06	1.331e-10
1.436e+06	1.326e-10
1.436e+06	1.249e-10
1.436e+06	1.214e-10
1.436e+06	1.213e-10
1.437e+06	1.196e-10
1.437e+06	1.255e-10
1.437e+06	1.207e-10
1.437e+06	1.291e-10
1.438e+06	1.311e-10
1.438e+06	1.176e-10
1.438e+06	1.107e-10
1.438e+06	1.088e-10
1.439e+06	1.102e-10
1.439e+06	1.169e-10
1.439e+06	1.263e-10
1.439e+06	1.234e-10
1.440e+06	1.391e-10
1.440e+06	1.578e-10
1.440e+06	1.361e-10
1.440e+06	1.277e-10
1.441e+06	1.266e-10
1.441e+06	1.250e-10
1.441e+06	1.398e-10
1.441e+06	1.299e-10
1.442e+06	1.233e-10
1.442e+06	1.326e-10
1.442e+06	1.241e-10
1.442e+06	1.371e-10
1.443e+06	1.196e-10
1.443e+06	1.191e-10
1.443e+06	1.325e-10
1.443e+06	1.287e-10
1.444e+06	1.189e-10
1.444e+06	1.331e-10
1.444e+06	1.323e-10
1.444e+06	1.205e-10
1.445e+06	1.361e-10
1.445e+06	1.309e-10
1.445e+06	1.212e-10
1.445e+06	1.209e-10
1.446e+06	1.136e-10
1.446e+06	1.160e-10
1.446e+06	1.203e-10
1.446e+06	1.212e-10
1.447e+06	1.282e-10
1.447e+06	1.248e-10
1.447e+06	1.233e-10
1.447e+06	1.228e-10
1.448e+06	1.223e-10
1.448e+06	1.186e-10
1.448e+06	1.212e-10
1.448e+06	1.180e-10
1.449e+06	1.311e-10
1.449e+06	1.154e-10
1.449e+06	1.245e-10
1.449e+06	1.170e-10
1.450e+06	1.154e-10
1.450e+06	1.151e-10
1.450e+06	1.137e-10
1.450e+06	1.288e-10
1.451e+06	1.404e-10
1.451e+06	1.202e-10
1.451e+06	1.306e-10
1.451e+06	1.309e-10
1.452e+06	1.247e-10
1.452e+06	1.276e-10
1.452e+06	1.279e-10
1.452e+06	1.281e-10
1.453e+06	1.103e-10
1.453e+06	1.078e-10
1.453e+06	1.041e-10
1.453e+06	1.119e-10
1.454e+06	1.058e-10
1.454e+06	1.103e-10
1.454e+06	1.121e-10
1.454e+06	1.152e-10
1.455e+06	1.190e-10
1.455e+06	1.179e-10
1.455e+06	1.217e-10
1.455e+06	1.209e-10
1.456e+06	1.057e-10
1.456e+06	1.127e-10
1.456e+06	1.034e-10
1.456e+06	9.857e-11
1.457e+06	1.059e-10
1.457e+06	1.164e-10
1.457e+06	1.198e-10
1.457e+06	1.139e-10
1.458e+06	1.229e-10
1.458e+06	1.145e-10
1.458e+06	1.117e-10
1.458e+06	1.131e-10
1.459e+06	1.149e-10
1.459e+06	1.194e-10
1.459e+06	1.212e-10
1.459e+06	1.120e-10
1.460e+06	1.137e-10
1.460e+06	1.119e-10
1.460e+06	1.093e-10
1.460e+06	1.109e-10
1.461e+06	1.255e-10
1.461e+06	1.143e-10
1.461e+06	1.221e-10
1.461e+06	1.226e-10
1.462e+06	1.290e-10
1.462e+06	1.305e-10
1.462e+06	1.371e-10
1.462e+06	1.214e-10
1.463e+06	1.052e-10
1.463e+06	1.063e-10
1.463e+06	1.155e-10
1.463e+06	1.204e-10
1.464e+06	2.193e-10
1.464e+06	1.666e-10
1.464e+06	1.061e-10
1.464e+06	1.037e-10
1.465e+06	9.559e-11
1.465e+06	9.597e-11
1.465e+06	1.020e-10
1.465e+06	1.235e-10
1.466e+06	1.235e-10
1.466e+06	1.154e-10
1.466e+06	1.165e-10
1.466e+06	1.184e-10
1.467e+06	1.096e-10
1.467e+06	1.090e-10
1.467e+06	1.144e-10
1.467e+06	1.120e-10
1.468e+06	1.079e-10
1.468e+06	1.148e-10
1.468e+06	1.134e-10
1.468e+06	1.245e-10
1.469e+06	1.105e-10
1.469e+06	1.112e-10
1.469e+06	1.135e-10
1.469e+06	1.148e-10
1.470e+06	1.176e-10
1.470e+06	1.205e-10
1.470e+06	1.156e-10
1.470e+06	1.210e-10
1.471e+06	1.138e-10
1.471e+06	1.102e-10
1.471e+06	1.220e-10
1.471e+06	1.109e-10
1.472e+06	1.075e-10
1.472e+06	1.114e-10
1.472e+06	1.149e-10
1.472e+06	1.248e-10
1.473e+06	1.219e-10
1.473e+06	1.218e-10
1.473e+06	1.102e-10
1.473e+06	1.035e-10
1.474e+06	9.386e-11
1.474e+06	9.219e-11
1.474e+06	1.113e-10
1.474e+06	1.141e-10
1.475e+06	1.177e-10
1.475e+06	1.223e-10
1.475e+06	1.105e-10
1.475e+06	1.108e-10
1.476e+06	1.214e-10
1.476e+06	1.153e-10
1.476e+06	1.177e-10
1.476e+06	1.048e-10
1.477e+06	1.121e-10
1.477e+06	1.042e-10
1.477e+06	1.053e-10
1.477e+06	1.143e-10
1.478e+06	1.098e-10
1.478e+06	1.201e-10
1.478e+06	1.161e-10
1.478e+06	9.491e-11
1.479e+06	1.047e-10
1.479e+06	1.201e-10
1.479e+06	1.083e-10
1.479e+06	1.130e-10
1.480e+06	1.129e-10
1.480e+06	1.131e-10
1.480e+06	1.116e-10
1.480e+06	1.040e-10
1.481e+06	1.092e-10
1.481e+06	1.079e-10
1.481e+06	1.099e-10
1.481e+06	1.089e-10
1.482e+06	1.083e-10
1.482e+06	1.105e-10
1.482e+06	9.622e-11
1.482e+06	1.076e-10
1.483e+06	1.223e-10
1.483e+06	1.246e-10
1.483e+06	1.166e-10
1.483e+06	1.092e-10
1.484e+06	1.041e-10
1.484e+06	1.155e-10
1.484e+06	1.453e-10
1.484e+06	1.294e-10
1.485e+06	1.101e-10
1.485e+06	1.012e-10
1.485e+06	1.067e-10
1.485e+06	1.233e-10
1.486e+06	1.154e-10
1.486e+06	1.138e-10
1.486e+06	1.037e-10
1.486e+06	1.049e-10
1.487e+06	1.075e-10
1.487e+06	1.070e-10
1.487e+06	9.553e-11
1.487e+06	9.247e-11
1.488e+06	1.002e-10
1.488e+06	1.088e-10
1.488e+06	1.091e-10
1.488e+06	1.165e-10
1.489e+06	1.142e-10
1.489e+06	1.109e-10
1.489e+06	1.036e-10
1.489e+06	1.049e-10
1.490e+06	1.170e-10
1.490e+06	1.275e-10
1.490e+06	1.190e-10
1.490e+06	1.168e-10
1.491e+06	1.163e-10
1.491e+06	1.059e-10
1.491e+06	1.112e-10
1.491e+06	1.162e-10
1.492e+06	1.179e-10
1.492e+06	1.116e-10
1.492e+06	1.199e-10
1.492e+06	1.275e-10
1.493e+06	1.200e-10
1.493e+06	1.034e-10
1.493e+06	1.007e-10
1.493e+06	1.040e-10
1.494e+06	1.002e-10
1.494e+06	9.770e-11
1.494e+06	1.018e-10
1.494e+06	9.735e-11
1.495e+06	1.012e-10
1.495e+06	1.120e-10
1.495e+06	1.097e-10
1.495e+06	1.123e-10
1.496e+06	1.193e-10
1.496e+06	1.128e-10
1.496e+06	1.078e-10
1.496e+06	1.084e-10
1.497e+06	1.097e-10
1.497e+06	1.217e-10
1.497e+06	1.189e-10
1.497e+06	1.184e-10
1.498e+06	1.318e-10
1.498e+06	1.250e-10
1.498e+06	1.118e-10
1.498e+06	1.110e-10
1.499e+06	9.054e-11
1.499e+06	9.403e-11
1.499e+06	1.102e-10
1.499e+06	1.087e-10
1.500e+06	1.117e-10
1.500e+06	1.134e-10
1.500e+06	1.069e-10
1.500e+06	1.017e-10
1.501e+06	1.187e-10
1.501e+06	1.250e-10
1.501e+06	1.286e-10
1.501e+06	1.151e-10
1.502e+06	1.078e-10
1.502e+06	9.756e-11
1.502e+06	1.045e-10
1.502e+06	1.050e-10
1.503e+06	1.014e-10
1.503e+06	8.873e-11
1.503e+06	1.033e-10
1.503e+06	1.160e-10
1.504e+06	1.207e-10
1.504e+06	1.175e-10
1.504e+06	9.707e-11
1.504e+06	9.939e-11
1.505e+06	5.308e-10
1.505e+06	1.534e-09
1.505e+06	4.699e-10
1.505e+06	1.035e-10
1.506e+06	9.136e-11
1.506e+06	9.772e-11
1.506e+06	1.089e-10
1.506e+06	1.072e-10
1.507e+06	1.101e-10
1.507e+06	1.187e-10
1.507e+06	1.124e-10
1.507e+06	1.026e-10
1.508e+06	1.064e-10
1.508e+06	1.328e-10
1.508e+06	1.584e-10
1.508e+06	1.071e-10
1.509e+06	1.013e-10
1.509e+06	9.288e-11
1.509e+06	9.154e-11
1.509e+06	9.414e-11
1.510e+06	1.125e-10
1.510e+06	1.079e-10
1.510e+06	1.052e-10
1.510e+06	1.078e-10
1.511e+06	1.078e-10
1.511e+06	1.140e-10
1.511e+06	1.064e-10
1.511e+06	1.153e-10
1.512e+06	1.202e-10
1.512e+06	1.025e-10
1.512e+06	1.006e-10
1.512e+06	1.066e-10
1.513e+06	1.123e-10
1.513e+06	1.099e-10
1.513e+06	9.750e-11
1.513e+06	9.208e-11
1.514e+06	1.020e-10
1.514e+06	1.060e-10
1.514e+06	1.104e-10
1.514e+06	1.045e-10
1.515e+06	1.063e-10
1.515e+06	1.047e-10
1.515e+06	1.108e-10
1.515e+06	1.070e-10
1.516e+06	1.053e-10
1.516e+06	1.127e-10
1.516e+06	1.085e-10
1.516e+06	9.546e-11
1.517e+06	1.024e-10
1.517e+06	1.110e-10
1.517e+06	1.154e-10
1.517e+06	1.073e-10
1.518e+06	9.971e-11
1.518e+06	1.033e-10
1.518e+06	1.090e-10
1.518e+06	1.098e-10
1.519e+06	1.053e-10
1.519e+06	1.080e-10
1.519e+06	1.184e-10
1.519e+06	1.264e-10
1.520e+06	1.015e-10
1.520e+06	9.935e-11
1.520e+06	9.758e-11
1.520e+06	9.465e-11
1.521e+06	1.039e-10
1.521e+06	9.728e-11
1.521e+06	1.051e-10
1.521e+06	1.115e-10
1.522e+06	1.157e-10
1.522e+06	9.712e-11
1.522e+06	9.489e-11
1.522e+06	9.628e-11
1.523e+06	1.062e-10
1.523e+06	1.034e-10
1.523e+06	1.062e-10
1.523e+06	1.037e-10
1.524e+06	9.610e-11
1.524e+06	1.004e-10
1.524e+06	1.167e-10
1.524e+06	1.173e-10
1.525e+06	1.068e-10
1.525e+06	1.053e-10
1.525e+06	1.141e-10
1.525e+06	1.023e-10
1.526e+06	9.985e-11
1.526e+06	1.093e-10
1.526e+06	9.709e-11
1.526e+06	9.758e-11
1.527e+06	1.059e-10
1.527e+06	1.154e-10
1.527e+06	1.070e-10
1.527e+06	1.066e-10
1.528e+06	9.495e-11
1.528e+06	1.054e-10
1.528e+06	1.003e-10
1.528e+06	1.055e-10
1.529e+06	1.123e-10
1.529e+06	1.090e-10
1.529e+06	1.184e-10
1.529e+06	9.761e-11
1.530e+06	9.656e-11
1.530e+06	1.037e-10
1.530e+06	1.062e-10
1.530e+06	9.048e-11
1.531e+06	9.494e-11
1.531e+06	1.086e-10
1.531e+06	1.021e-10
1.531e+06	9.979e-11
1.532e+06	1.035e-10
1.532e+06	1.007e-10
1.532e+06	1.077e-10
1.532e+06	1.064e-10
1.533e+06	1.102e-10
1.533e+06	1.145e-10
1.533e+06	1.084e-10
1.533e+06	1.013e-10
1.534e+06	9.722e-11
1.534e+06	9.885e-11
1.534e+06	1.089e-10
1.534e+06	1.095e-10
1.535e+06	1.160e-10
1.535e+06	1.192e-10
1.535e+06	1.105e-10
1.535e+06	1.199e-10
1.536e+06	1.166e-10
1.536e+06	1.141e-10
1.536e+06	1.136e-10
1.536e+06	9.981e-11
1.537e+06	9.732e-11
1.537e+06	1.013e-10
1.537e+06	9.263e-11
1.537e+06	9.602e-11
1.538e+06	9.006e-11
1.538e+06	9.670e-11
1.538e+06	1.085e-10
1.538e+06	1.057e-10
1.539e+06	1.090e-10
1.539e+06	9.753e-11
1.539e+06	1.148e-10
1.539e+06	1.212e-10
1.540e+06	1.110e-10
1.540e+06	1.117e-10
1.540e+06	1.007e-10
1.540e+06	1.137e-10
1.541e+06	1.180e-10
1.541e+06	1.127e-10
1.541e+06	1.119e-10
1.541e+06	1.071e-10
1.542e+06	9.998e-11
1.542e+06	1.017e-10
1.542e+06	1.107e-10
1.542e+06	1.057e-10
1.543e+06	1.096e-10
1.543e+06	1.083e-10
1.543e+06	1.042e-10
1.543e+06	9.606e-11
1.544e+06	9.866e-11
1.544e+06	9.230e-11
1.544e+06	9.244e-11
1.544e+06	1.031e-10
1.545e+06	1.172e-10
1.545e+06	1.121e-10
1.545e+06	1.033e-10
1.545e+06	9.903e-11
1.546e+06	9.143e-11
1.546e+06	9.009e-11
1.546e+06	1.008e-10
1.546e+06	1.064e-10
1.547e+06	1.001e-10
1.547e+06	1.074e-10
1.547e+06	1.089e-10
1.547e+06	1.094e-10
1.548e+06	9.852e-11
1.548e+06	9.480e-11
1.548e+06	9.507e-11
1.548e+06	1.116e-10
1.549e+06	1.028e-10
1.549e+06	1.023e-10
1.549e+06	9.905e-11
1.549e+06	9.265e-11
1.550e+06	8.072e-11
1.550e+06	8.057e-11
1.550e+06	9.533e-11
1.550e+06	1.094e-10
1.551e+06	1.076e-10
1.551e+06	9.845e-11
1.551e+06	9.358e-11
1.551e+06	9.990e-11
1.552e+06	1.220e-10
1.552e+06	1.260e-10
1.552e+06	1.162e-10
1.552e+06	1.213e-10
1.553e+06	9.899e-11
1.553e+06	1.098e-10
1.553e+06	1.161e-10
1.553e+06	1.094e-10
1.554e+06	9.482e-11
1.554e+06	9.577e-11
1.554e+06	9.962e-11
1.554e+06	1.110e-10
1.555e+06	1.089e-10
1.555e+06	1.075e-10
1.555e+06	1.025e-10
1.555e+06	1.033e-10
1.556e+06	9.692e-11
1.556e+06	9.590e-11
1.556e+06	9.853e-11
1.556e+06	9.810e-11
1.557e+06	9.303e-11
1.557e+06	8.739e-11
1.557e+06	8.596e-11
1.557e+06	9.664e-11
1.558e+06	9.976e-11
1.558e+06	1.005e-10
1.558e+06	1.097e-10
1.558e+06	1.145e-10
1.559e+06	1.237e-10
1.559e+06	1.213e-10
1.559e+06	1.062e-10
1.559e+06	1.095e-10
1.560e+06	1.032e-10
1.560e+06	1.001e-10
1.560e+06	9.921e-11
1.560e+06	1.073e-10
1.561e+06	9.931e-11
1.561e+06	9.904e-11
1.561e+06	9.756e-11
1.561e+06	1.029e-10
1.562e+06	1.014e-10
1.562e+06	1.096e-10
1.562e+06	1.001e-10
1.562e+06	9.814e-11
1.563e+06	4.691e-11
