# When using this simulator and/or imported datasets, please cite the final journal reference found at https://arxiv.org/abs/2310.08621 
# frequency (Hz)	phase noise (rad^2/Hz)
1.221e-02	1.758e+07
1.831e-02	4.328e+05
2.441e-02	1.562e+05
3.052e-02	4.281e+04
3.662e-02	1.936e+03
4.272e-02	8.262e+02
4.883e-02	2.813e+02
5.493e-02	1.015e+03
6.104e-02	5.717e+02
6.714e-02	3.849e+02
7.324e-02	3.126e+02
7.935e-02	2.859e+02
8.545e-02	1.844e+02
9.155e-02	1.590e+02
9.766e-02	1.475e+02
1.038e-01	1.394e+02
1.099e-01	9.041e+01
1.160e-01	9.075e+01
1.221e-01	8.480e+01
1.282e-01	7.548e+01
1.343e-01	7.196e+01
1.404e-01	6.147e+01
1.465e-01	5.959e+01
1.526e-01	5.960e+01
1.587e-01	5.294e+01
1.648e-01	4.912e+01
1.709e-01	5.316e+01
1.770e-01	3.227e+01
1.831e-01	2.373e+01
1.892e-01	2.472e+01
1.953e-01	2.555e+01
2.014e-01	2.409e+01
2.075e-01	2.342e+01
2.136e-01	2.020e+01
2.197e-01	1.409e+01
2.258e-01	8.460e+00
2.319e-01	7.465e+00
2.380e-01	6.026e+00
2.441e-01	5.110e+00
2.502e-01	3.600e+00
2.563e-01	3.897e+00
2.625e-01	4.462e+00
2.686e-01	5.032e+00
2.747e-01	5.268e+00
2.808e-01	5.623e+00
2.869e-01	5.341e+00
2.930e-01	5.183e+00
2.991e-01	4.237e+00
3.052e-01	4.616e+00
3.113e-01	4.420e+00
3.174e-01	3.859e+00
3.235e-01	3.085e+00
3.296e-01	2.614e+00
3.357e-01	2.392e+00
3.418e-01	2.767e+00
3.479e-01	2.822e+00
3.540e-01	2.858e+00
3.601e-01	2.673e+00
3.662e-01	2.219e+00
3.723e-01	1.914e+00
3.784e-01	1.845e+00
3.845e-01	1.730e+00
3.906e-01	1.275e+00
3.967e-01	1.105e+00
4.028e-01	2.090e+00
4.089e-01	2.738e+00
4.150e-01	2.543e+00
4.211e-01	2.645e+00
4.272e-01	2.680e+00
4.333e-01	2.684e+00
4.395e-01	2.723e+00
4.456e-01	2.754e+00
4.517e-01	2.443e+00
4.578e-01	1.442e+00
4.639e-01	6.272e-01
4.700e-01	8.600e-01
4.761e-01	1.182e+00
4.822e-01	1.165e+00
4.883e-01	1.207e+00
4.944e-01	1.217e+00
5.005e-01	1.213e+00
5.066e-01	1.151e+00
5.127e-01	1.081e+00
5.188e-01	1.148e+00
5.249e-01	8.836e-01
5.310e-01	4.627e-01
5.371e-01	4.186e-01
5.432e-01	3.668e-01
5.493e-01	3.392e-01
5.554e-01	3.633e-01
5.615e-01	3.706e-01
5.676e-01	3.902e-01
5.737e-01	3.275e-01
5.798e-01	3.690e-01
5.859e-01	5.178e-01
5.920e-01	5.659e-01
5.981e-01	5.786e-01
6.042e-01	5.602e-01
6.104e-01	4.870e-01
6.165e-01	5.653e-01
6.226e-01	5.805e-01
6.287e-01	5.578e-01
6.348e-01	4.896e-01
6.409e-01	3.347e-01
6.470e-01	2.871e-01
6.531e-01	3.115e-01
6.592e-01	3.104e-01
6.653e-01	3.110e-01
6.714e-01	1.997e-01
6.775e-01	1.345e-01
6.836e-01	1.781e-01
6.897e-01	2.175e-01
6.958e-01	2.293e-01
7.019e-01	2.399e-01
7.080e-01	2.033e-01
7.141e-01	1.792e-01
7.202e-01	1.702e-01
7.263e-01	1.533e-01
7.324e-01	1.744e-01
7.385e-01	1.497e-01
7.446e-01	1.027e-01
7.507e-01	1.001e-01
7.568e-01	1.190e-01
7.629e-01	1.350e-01
7.690e-01	1.365e-01
7.751e-01	1.695e-01
7.812e-01	1.790e-01
7.874e-01	1.614e-01
7.935e-01	1.686e-01
7.996e-01	1.977e-01
8.057e-01	1.854e-01
8.118e-01	1.587e-01
8.179e-01	1.414e-01
8.240e-01	1.450e-01
8.301e-01	1.116e-01
8.362e-01	1.130e-01
8.423e-01	1.116e-01
8.484e-01	1.033e-01
8.545e-01	9.980e-02
8.606e-01	1.018e-01
8.667e-01	9.684e-02
8.728e-01	9.991e-02
8.789e-01	1.138e-01
8.850e-01	1.360e-01
8.911e-01	1.345e-01
8.972e-01	1.313e-01
9.033e-01	1.158e-01
9.094e-01	9.747e-02
9.155e-01	9.013e-02
9.216e-01	9.632e-02
9.277e-01	9.220e-02
9.338e-01	7.253e-02
9.399e-01	4.645e-02
9.460e-01	3.516e-02
9.521e-01	4.367e-02
9.583e-01	4.879e-02
9.644e-01	3.458e-02
9.705e-01	4.141e-02
9.766e-01	5.111e-02
9.827e-01	5.998e-02
9.888e-01	7.045e-02
9.949e-01	9.006e-02
1.001e+00	9.078e-02
1.007e+00	8.706e-02
1.013e+00	7.928e-02
1.019e+00	7.754e-02
1.025e+00	7.374e-02
1.031e+00	5.834e-02
1.038e+00	6.094e-02
1.044e+00	5.372e-02
1.050e+00	3.511e-02
1.056e+00	3.384e-02
1.062e+00	2.994e-02
1.068e+00	2.986e-02
1.074e+00	3.092e-02
1.080e+00	2.753e-02
1.086e+00	2.878e-02
1.093e+00	2.483e-02
1.099e+00	2.281e-02
1.105e+00	2.431e-02
1.111e+00	2.354e-02
1.117e+00	2.377e-02
1.123e+00	2.888e-02
1.129e+00	3.539e-02
1.135e+00	3.651e-02
1.141e+00	3.321e-02
1.147e+00	2.261e-02
1.154e+00	2.187e-02
1.160e+00	2.312e-02
1.166e+00	2.359e-02
1.172e+00	2.960e-02
1.178e+00	3.176e-02
1.184e+00	2.389e-02
1.190e+00	2.550e-02
1.196e+00	2.574e-02
1.202e+00	2.719e-02
1.208e+00	2.768e-02
1.215e+00	2.389e-02
1.221e+00	2.285e-02
1.227e+00	1.722e-02
1.233e+00	1.051e-02
1.239e+00	1.110e-02
1.245e+00	9.585e-03
1.251e+00	1.800e-02
1.257e+00	2.517e-02
1.263e+00	2.494e-02
1.270e+00	2.518e-02
1.276e+00	2.663e-02
1.282e+00	2.636e-02
1.288e+00	2.587e-02
1.294e+00	2.614e-02
1.300e+00	2.741e-02
1.306e+00	2.024e-02
1.312e+00	1.181e-02
1.318e+00	1.208e-02
1.324e+00	1.245e-02
1.331e+00	1.102e-02
1.337e+00	1.059e-02
1.343e+00	9.894e-03
1.349e+00	1.020e-02
1.355e+00	9.131e-03
1.361e+00	8.463e-03
1.367e+00	9.206e-03
1.373e+00	8.113e-03
1.379e+00	8.334e-03
1.385e+00	8.329e-03
1.392e+00	1.118e-02
1.398e+00	1.287e-02
1.404e+00	1.202e-02
1.410e+00	1.109e-02
1.416e+00	1.155e-02
1.422e+00	1.093e-02
1.428e+00	1.243e-02
1.434e+00	1.422e-02
1.440e+00	1.468e-02
1.447e+00	1.251e-02
1.453e+00	1.276e-02
1.459e+00	1.279e-02
1.465e+00	1.227e-02
1.471e+00	1.087e-02
1.477e+00	1.076e-02
1.483e+00	9.633e-03
1.489e+00	6.918e-03
1.495e+00	6.637e-03
1.501e+00	5.165e-03
1.508e+00	3.204e-03
1.514e+00	3.027e-03
1.520e+00	4.554e-03
1.526e+00	5.736e-03
1.532e+00	5.687e-03
1.538e+00	5.205e-03
1.544e+00	6.724e-03
1.550e+00	6.548e-03
1.556e+00	8.328e-03
1.562e+00	9.855e-03
1.569e+00	1.043e-02
1.575e+00	9.249e-03
1.581e+00	9.969e-03
1.587e+00	1.136e-02
1.593e+00	1.138e-02
1.599e+00	1.111e-02
1.605e+00	1.118e-02
1.611e+00	9.955e-03
1.617e+00	9.010e-03
1.624e+00	8.726e-03
1.630e+00	8.807e-03
1.636e+00	7.347e-03
1.642e+00	5.686e-03
1.648e+00	5.406e-03
1.654e+00	5.607e-03
1.660e+00	6.853e-03
1.666e+00	6.197e-03
1.672e+00	6.462e-03
1.678e+00	7.595e-03
1.685e+00	7.342e-03
1.691e+00	7.211e-03
1.697e+00	7.163e-03
1.703e+00	7.219e-03
1.709e+00	6.248e-03
1.715e+00	6.205e-03
1.721e+00	7.089e-03
1.727e+00	6.131e-03
1.733e+00	4.380e-03
1.740e+00	3.998e-03
1.746e+00	3.892e-03
1.752e+00	4.141e-03
1.758e+00	5.667e-03
1.764e+00	6.194e-03
1.770e+00	5.389e-03
1.776e+00	5.532e-03
1.782e+00	5.640e-03
1.788e+00	5.881e-03
1.794e+00	6.286e-03
1.801e+00	6.033e-03
1.807e+00	5.730e-03
1.813e+00	3.892e-03
1.819e+00	2.818e-03
1.825e+00	2.393e-03
1.831e+00	1.435e-03
1.837e+00	1.177e-03
1.843e+00	9.545e-04
1.849e+00	6.369e-04
1.855e+00	9.495e-04
1.862e+00	1.000e-03
1.868e+00	1.047e-03
1.874e+00	1.704e-03
1.880e+00	2.168e-03
1.886e+00	2.177e-03
1.892e+00	2.173e-03
1.898e+00	2.502e-03
1.904e+00	2.423e-03
1.910e+00	2.120e-03
1.917e+00	2.284e-03
1.923e+00	2.510e-03
1.929e+00	2.350e-03
1.935e+00	2.030e-03
1.941e+00	1.944e-03
1.947e+00	1.894e-03
1.953e+00	1.608e-03
1.959e+00	1.695e-03
1.965e+00	1.897e-03
1.971e+00	1.676e-03
1.978e+00	1.424e-03
1.984e+00	1.011e-03
1.990e+00	8.849e-04
1.996e+00	9.854e-04
2.002e+00	1.833e-03
2.008e+00	2.438e-03
2.014e+00	2.978e-03
2.020e+00	3.148e-03
2.026e+00	3.130e-03
2.032e+00	3.089e-03
2.039e+00	3.210e-03
2.045e+00	3.530e-03
2.051e+00	3.406e-03
2.057e+00	3.379e-03
2.063e+00	3.786e-03
2.069e+00	3.208e-03
2.075e+00	3.010e-03
2.081e+00	3.505e-03
2.087e+00	3.577e-03
2.094e+00	3.426e-03
2.100e+00	3.305e-03
2.106e+00	3.513e-03
2.112e+00	2.820e-03
2.118e+00	1.751e-03
2.124e+00	1.658e-03
2.130e+00	1.926e-03
2.136e+00	1.753e-03
2.142e+00	1.683e-03
2.148e+00	1.937e-03
2.155e+00	1.964e-03
2.161e+00	1.809e-03
2.167e+00	1.688e-03
2.173e+00	1.762e-03
2.179e+00	1.892e-03
2.185e+00	1.803e-03
2.191e+00	1.545e-03
2.197e+00	1.550e-03
2.203e+00	1.300e-03
2.209e+00	1.010e-03
2.216e+00	9.886e-04
2.222e+00	9.940e-04
2.228e+00	9.177e-04
2.234e+00	7.486e-04
2.240e+00	3.771e-04
2.246e+00	5.137e-04
2.252e+00	8.483e-04
2.258e+00	8.567e-04
2.264e+00	8.914e-04
2.271e+00	8.488e-04
2.277e+00	8.748e-04
2.283e+00	1.206e-03
2.289e+00	1.529e-03
2.295e+00	1.624e-03
2.301e+00	1.470e-03
2.307e+00	1.126e-03
2.313e+00	1.115e-03
2.319e+00	1.071e-03
2.325e+00	1.285e-03
2.332e+00	1.310e-03
2.338e+00	9.755e-04
2.344e+00	6.505e-04
2.350e+00	5.825e-04
2.356e+00	5.971e-04
2.362e+00	6.394e-04
2.368e+00	6.794e-04
2.374e+00	8.418e-04
2.380e+00	6.438e-04
2.386e+00	5.974e-04
2.393e+00	6.014e-04
2.399e+00	5.985e-04
2.405e+00	7.124e-04
2.411e+00	9.378e-04
2.417e+00	8.861e-04
2.423e+00	1.208e-03
2.429e+00	1.296e-03
2.435e+00	1.291e-03
2.441e+00	1.294e-03
2.448e+00	1.324e-03
2.454e+00	1.348e-03
2.460e+00	1.211e-03
2.466e+00	9.638e-04
2.472e+00	9.888e-04
2.478e+00	5.580e-04
2.484e+00	3.833e-04
2.490e+00	5.564e-04
2.496e+00	8.402e-04
2.502e+00	8.951e-04
2.509e+00	8.991e-04
2.515e+00	9.137e-04
2.521e+00	8.691e-04
2.527e+00	8.523e-04
2.533e+00	9.076e-04
2.539e+00	8.440e-04
2.545e+00	6.424e-04
2.551e+00	2.747e-04
2.557e+00	1.981e-04
2.563e+00	2.127e-04
2.570e+00	2.511e-04
2.576e+00	2.962e-04
2.582e+00	3.233e-04
2.588e+00	3.352e-04
2.594e+00	4.231e-04
2.600e+00	5.309e-04
2.606e+00	6.063e-04
2.612e+00	7.089e-04
2.618e+00	8.252e-04
2.625e+00	9.423e-04
2.631e+00	1.099e-03
2.637e+00	1.159e-03
2.643e+00	1.368e-03
2.649e+00	1.570e-03
2.655e+00	1.459e-03
2.661e+00	1.424e-03
2.667e+00	1.345e-03
2.673e+00	1.304e-03
2.679e+00	1.314e-03
2.686e+00	1.247e-03
2.692e+00	1.288e-03
2.698e+00	1.181e-03
2.704e+00	9.551e-04
2.710e+00	9.508e-04
2.716e+00	9.266e-04
2.722e+00	9.111e-04
2.728e+00	8.253e-04
2.734e+00	6.775e-04
2.740e+00	5.545e-04
2.747e+00	4.275e-04
2.753e+00	3.752e-04
2.759e+00	3.632e-04
2.765e+00	3.932e-04
2.771e+00	4.502e-04
2.777e+00	4.232e-04
2.783e+00	4.100e-04
2.789e+00	4.015e-04
2.795e+00	4.374e-04
2.802e+00	5.069e-04
2.808e+00	4.357e-04
2.814e+00	3.638e-04
2.820e+00	3.593e-04
2.826e+00	3.805e-04
2.832e+00	4.023e-04
2.838e+00	4.107e-04
2.844e+00	3.991e-04
2.850e+00	4.176e-04
2.856e+00	3.442e-04
2.863e+00	4.163e-04
2.869e+00	5.113e-04
2.875e+00	5.204e-04
2.881e+00	5.044e-04
2.887e+00	4.892e-04
2.893e+00	4.746e-04
2.899e+00	5.223e-04
2.905e+00	5.236e-04
2.911e+00	6.440e-04
2.917e+00	6.106e-04
2.924e+00	5.301e-04
2.930e+00	5.087e-04
2.936e+00	4.578e-04
2.942e+00	4.687e-04
2.948e+00	5.910e-04
2.954e+00	6.784e-04
2.960e+00	6.710e-04
2.966e+00	6.097e-04
2.972e+00	5.901e-04
2.979e+00	5.940e-04
2.985e+00	5.854e-04
2.991e+00	5.629e-04
2.997e+00	5.634e-04
3.003e+00	4.588e-04
3.009e+00	3.337e-04
3.015e+00	3.489e-04
3.021e+00	3.028e-04
3.027e+00	2.705e-04
3.033e+00	3.519e-04
3.040e+00	3.788e-04
3.046e+00	4.101e-04
3.052e+00	4.090e-04
3.058e+00	4.019e-04
3.064e+00	4.251e-04
3.070e+00	3.793e-04
3.076e+00	4.141e-04
3.082e+00	3.985e-04
3.088e+00	3.735e-04
3.094e+00	3.501e-04
3.101e+00	4.295e-04
3.107e+00	5.270e-04
3.113e+00	5.127e-04
3.119e+00	5.583e-04
3.125e+00	6.058e-04
3.131e+00	6.055e-04
3.137e+00	5.843e-04
3.143e+00	5.456e-04
3.149e+00	5.936e-04
3.156e+00	4.888e-04
3.162e+00	4.102e-04
3.168e+00	4.417e-04
3.174e+00	3.671e-04
3.180e+00	2.930e-04
3.186e+00	2.604e-04
3.192e+00	3.193e-04
3.198e+00	3.680e-04
3.204e+00	4.056e-04
3.210e+00	4.079e-04
3.217e+00	4.712e-04
3.223e+00	5.017e-04
3.229e+00	4.839e-04
3.235e+00	5.180e-04
3.241e+00	6.181e-04
3.247e+00	6.655e-04
3.253e+00	6.049e-04
3.259e+00	5.252e-04
3.265e+00	7.199e-04
3.271e+00	8.737e-04
3.278e+00	8.725e-04
3.284e+00	8.957e-04
3.290e+00	8.676e-04
3.296e+00	7.526e-04
3.302e+00	6.637e-04
3.308e+00	6.603e-04
3.314e+00	6.741e-04
3.320e+00	4.802e-04
3.326e+00	2.346e-04
3.333e+00	1.866e-04
3.339e+00	2.123e-04
3.345e+00	2.537e-04
3.351e+00	2.535e-04
3.357e+00	2.361e-04
3.363e+00	2.359e-04
3.369e+00	2.473e-04
3.375e+00	2.656e-04
3.381e+00	2.585e-04
3.387e+00	2.470e-04
3.394e+00	2.132e-04
3.400e+00	1.735e-04
3.406e+00	2.222e-04
3.412e+00	2.676e-04
3.418e+00	3.053e-04
3.424e+00	3.497e-04
3.430e+00	3.739e-04
3.436e+00	3.831e-04
3.442e+00	3.724e-04
3.448e+00	3.566e-04
3.455e+00	3.656e-04
3.461e+00	3.129e-04
3.467e+00	2.830e-04
3.473e+00	2.286e-04
3.479e+00	1.469e-04
3.485e+00	9.483e-05
3.491e+00	9.493e-05
3.497e+00	1.285e-04
3.503e+00	1.351e-04
3.510e+00	1.152e-04
3.516e+00	1.419e-04
3.522e+00	1.859e-04
3.528e+00	2.143e-04
3.534e+00	2.656e-04
3.540e+00	3.610e-04
3.546e+00	3.775e-04
3.552e+00	3.442e-04
3.558e+00	3.659e-04
3.564e+00	4.523e-04
3.571e+00	4.548e-04
3.577e+00	4.111e-04
3.583e+00	4.600e-04
3.589e+00	4.445e-04
3.595e+00	3.477e-04
3.601e+00	3.230e-04
3.607e+00	3.459e-04
3.613e+00	3.718e-04
3.619e+00	3.053e-04
3.625e+00	2.838e-04
3.632e+00	3.364e-04
3.638e+00	3.349e-04
3.644e+00	2.889e-04
3.650e+00	3.643e-04
3.656e+00	4.745e-04
3.662e+00	5.155e-04
3.668e+00	5.124e-04
3.674e+00	5.081e-04
3.680e+00	4.993e-04
3.687e+00	4.510e-04
3.693e+00	3.776e-04
3.699e+00	4.079e-04
3.705e+00	4.630e-04
3.711e+00	4.455e-04
3.717e+00	4.107e-04
3.723e+00	3.844e-04
3.729e+00	3.691e-04
3.735e+00	4.161e-04
3.741e+00	4.697e-04
3.748e+00	5.106e-04
3.754e+00	4.869e-04
3.760e+00	3.543e-04
3.766e+00	2.592e-04
3.772e+00	2.561e-04
3.778e+00	2.721e-04
3.784e+00	2.879e-04
3.790e+00	2.408e-04
3.796e+00	1.878e-04
3.802e+00	2.059e-04
3.809e+00	2.400e-04
3.815e+00	2.524e-04
3.821e+00	2.500e-04
3.827e+00	2.861e-04
3.833e+00	3.194e-04
3.839e+00	3.435e-04
3.845e+00	3.817e-04
3.851e+00	4.037e-04
3.857e+00	3.773e-04
3.864e+00	3.973e-04
3.870e+00	4.071e-04
3.876e+00	4.131e-04
3.882e+00	3.661e-04
3.888e+00	3.290e-04
3.894e+00	3.720e-04
3.900e+00	3.363e-04
3.906e+00	3.180e-04
3.912e+00	3.649e-04
3.918e+00	4.232e-04
3.925e+00	4.272e-04
3.931e+00	4.447e-04
3.937e+00	4.862e-04
3.943e+00	4.846e-04
3.949e+00	4.121e-04
3.955e+00	4.072e-04
3.961e+00	3.853e-04
3.967e+00	3.235e-04
3.973e+00	2.557e-04
3.979e+00	2.764e-04
3.986e+00	2.633e-04
3.992e+00	2.140e-04
3.998e+00	2.442e-04
4.004e+00	2.800e-04
4.010e+00	3.018e-04
4.016e+00	3.328e-04
4.022e+00	3.257e-04
4.028e+00	3.390e-04
4.034e+00	3.678e-04
4.041e+00	4.356e-04
4.047e+00	5.737e-04
4.053e+00	8.567e-04
4.059e+00	1.140e-03
4.065e+00	1.209e-03
4.071e+00	1.174e-03
4.077e+00	1.158e-03
4.083e+00	1.094e-03
4.089e+00	1.019e-03
4.095e+00	9.649e-04
4.102e+00	8.834e-04
4.108e+00	5.696e-04
4.114e+00	2.529e-04
4.120e+00	1.751e-04
4.126e+00	1.754e-04
4.132e+00	1.861e-04
4.138e+00	2.243e-04
4.144e+00	3.258e-04
4.150e+00	3.611e-04
4.156e+00	3.212e-04
4.163e+00	2.953e-04
4.169e+00	2.870e-04
4.175e+00	2.771e-04
4.181e+00	2.769e-04
4.187e+00	3.100e-04
4.193e+00	3.859e-04
4.199e+00	3.241e-04
4.205e+00	3.870e-04
4.211e+00	4.876e-04
4.218e+00	4.894e-04
4.224e+00	5.017e-04
4.230e+00	5.391e-04
4.236e+00	6.512e-04
4.242e+00	6.960e-04
4.248e+00	6.342e-04
4.254e+00	6.718e-04
4.260e+00	5.978e-04
4.266e+00	4.876e-04
4.272e+00	4.843e-04
4.279e+00	4.978e-04
4.285e+00	5.259e-04
4.291e+00	4.603e-04
4.297e+00	3.860e-04
4.303e+00	3.321e-04
4.309e+00	2.698e-04
4.315e+00	2.307e-04
4.321e+00	2.252e-04
4.327e+00	2.565e-04
4.333e+00	2.255e-04
4.340e+00	2.270e-04
4.346e+00	3.258e-04
4.352e+00	3.782e-04
4.358e+00	4.064e-04
4.364e+00	4.802e-04
4.370e+00	6.224e-04
4.376e+00	7.577e-04
4.382e+00	7.830e-04
4.388e+00	8.156e-04
4.395e+00	8.545e-04
4.401e+00	7.126e-04
4.407e+00	8.723e-04
4.413e+00	1.106e-03
4.419e+00	1.038e-03
4.425e+00	9.237e-04
4.431e+00	8.595e-04
4.437e+00	8.725e-04
4.443e+00	9.720e-04
4.449e+00	9.445e-04
4.456e+00	9.597e-04
4.462e+00	7.325e-04
4.468e+00	4.861e-04
4.474e+00	4.681e-04
4.480e+00	5.121e-04
4.486e+00	5.395e-04
4.492e+00	5.656e-04
4.498e+00	4.930e-04
4.504e+00	4.148e-04
4.510e+00	4.247e-04
4.517e+00	4.484e-04
4.523e+00	4.440e-04
4.529e+00	4.717e-04
4.535e+00	4.187e-04
4.541e+00	3.552e-04
4.547e+00	3.075e-04
4.553e+00	2.806e-04
4.559e+00	2.775e-04
4.565e+00	3.096e-04
4.572e+00	3.759e-04
4.578e+00	4.003e-04
4.584e+00	3.707e-04
4.590e+00	3.437e-04
4.596e+00	3.490e-04
4.602e+00	4.315e-04
4.608e+00	5.470e-04
4.614e+00	6.149e-04
4.620e+00	5.773e-04
4.626e+00	5.091e-04
4.633e+00	5.079e-04
4.639e+00	5.514e-04
4.645e+00	5.583e-04
4.651e+00	5.213e-04
4.657e+00	3.958e-04
4.663e+00	2.638e-04
4.669e+00	2.121e-04
4.675e+00	2.069e-04
4.681e+00	5.592e-05
4.688e+00	4.140e-04
4.694e+00	4.855e-04
4.700e+00	1.109e-04
4.706e+00	4.488e-05
4.712e+00	5.405e-05
4.718e+00	3.114e-05
4.724e+00	5.658e-05
4.730e+00	2.763e-04
4.736e+00	2.634e-04
4.742e+00	2.809e-04
4.749e+00	2.968e-04
4.755e+00	2.874e-04
4.761e+00	2.766e-04
4.767e+00	2.625e-04
4.773e+00	2.304e-04
4.779e+00	1.690e-04
4.785e+00	1.293e-04
4.791e+00	1.301e-04
4.797e+00	1.038e-04
4.803e+00	8.329e-05
4.810e+00	1.185e-04
4.816e+00	1.712e-04
4.822e+00	1.700e-04
4.828e+00	1.693e-04
4.834e+00	1.825e-04
4.840e+00	1.891e-04
4.846e+00	1.821e-04
4.852e+00	1.727e-04
4.858e+00	1.599e-04
4.865e+00	1.512e-04
4.871e+00	1.634e-04
4.877e+00	1.879e-04
4.883e+00	1.890e-04
4.889e+00	1.847e-04
4.895e+00	2.112e-04
4.901e+00	2.532e-04
4.907e+00	2.825e-04
4.913e+00	3.475e-04
4.919e+00	3.521e-04
4.926e+00	3.470e-04
4.932e+00	3.489e-04
4.938e+00	3.548e-04
4.944e+00	3.466e-04
4.950e+00	3.129e-04
4.956e+00	2.812e-04
4.962e+00	2.557e-04
4.968e+00	1.989e-04
4.974e+00	1.817e-04
4.980e+00	1.152e-04
4.987e+00	7.964e-05
4.993e+00	6.618e-05
4.999e+00	7.420e-05
5.005e+00	9.632e-05
5.011e+00	9.335e-05
5.017e+00	8.762e-05
5.023e+00	9.854e-05
5.029e+00	1.319e-04
5.035e+00	1.565e-04
5.042e+00	1.797e-04
5.048e+00	2.000e-04
5.054e+00	2.099e-04
5.060e+00	1.936e-04
5.066e+00	1.962e-04
5.072e+00	2.036e-04
5.078e+00	2.154e-04
5.084e+00	1.922e-04
5.090e+00	1.694e-04
5.096e+00	1.453e-04
5.103e+00	1.464e-04
5.109e+00	1.511e-04
5.115e+00	1.810e-04
5.121e+00	2.096e-04
5.127e+00	2.286e-04
5.133e+00	2.166e-04
5.139e+00	2.087e-04
5.145e+00	2.363e-04
5.151e+00	2.727e-04
5.157e+00	2.962e-04
5.164e+00	2.620e-04
5.170e+00	1.288e-03
5.176e+00	2.104e-03
5.182e+00	4.930e-04
5.188e+00	1.590e-04
5.194e+00	1.971e-04
5.200e+00	4.388e-04
5.206e+00	2.394e-04
5.212e+00	3.746e-04
5.219e+00	3.430e-04
5.225e+00	2.988e-04
5.231e+00	2.462e-04
5.237e+00	1.810e-04
5.243e+00	1.085e-04
5.249e+00	9.775e-05
5.255e+00	1.016e-04
5.261e+00	9.853e-05
5.267e+00	7.486e-05
5.273e+00	6.123e-05
5.280e+00	6.367e-05
5.286e+00	5.583e-05
5.292e+00	7.922e-05
5.298e+00	9.991e-05
5.304e+00	1.119e-04
5.310e+00	1.320e-04
5.316e+00	1.408e-04
5.322e+00	1.329e-04
5.328e+00	1.398e-04
5.334e+00	1.660e-04
5.341e+00	2.031e-04
5.347e+00	1.853e-04
5.353e+00	1.677e-04
5.359e+00	1.767e-04
5.365e+00	1.955e-04
5.371e+00	2.185e-04
5.377e+00	2.398e-04
5.383e+00	2.641e-04
5.389e+00	3.237e-04
5.396e+00	3.891e-04
5.402e+00	4.185e-04
5.408e+00	4.894e-04
5.414e+00	5.050e-04
5.420e+00	6.387e-04
5.426e+00	6.766e-04
5.432e+00	6.698e-04
5.438e+00	6.493e-04
5.444e+00	5.702e-04
5.450e+00	4.864e-04
5.457e+00	4.686e-04
5.463e+00	4.123e-04
5.469e+00	3.893e-04
5.475e+00	1.808e-03
5.481e+00	3.117e-03
5.487e+00	5.542e-03
5.493e+00	4.590e-03
5.499e+00	1.536e-03
5.505e+00	1.175e-03
5.511e+00	2.045e-03
5.518e+00	3.495e-03
5.524e+00	1.516e-03
5.530e+00	7.608e-04
5.536e+00	5.398e-04
5.542e+00	3.840e-04
5.548e+00	3.160e-04
5.554e+00	1.437e-04
5.560e+00	1.394e-04
5.566e+00	1.551e-04
5.573e+00	1.527e-04
5.579e+00	1.418e-04
5.585e+00	1.537e-04
5.591e+00	1.674e-04
5.597e+00	1.963e-04
5.603e+00	2.391e-04
5.609e+00	2.581e-04
5.615e+00	2.557e-04
5.621e+00	2.589e-04
5.627e+00	2.886e-04
5.634e+00	3.189e-04
5.640e+00	3.376e-04
5.646e+00	3.148e-04
5.652e+00	2.834e-04
5.658e+00	2.377e-04
5.664e+00	2.165e-04
5.670e+00	2.193e-04
5.676e+00	2.091e-04
5.682e+00	1.797e-04
5.688e+00	1.667e-04
5.695e+00	1.669e-04
5.701e+00	1.817e-04
5.707e+00	1.581e-04
5.713e+00	1.493e-04
5.719e+00	1.521e-04
5.725e+00	1.447e-04
5.731e+00	1.244e-04
5.737e+00	1.181e-04
5.743e+00	1.057e-04
5.750e+00	8.413e-05
5.756e+00	7.167e-05
5.762e+00	8.543e-05
5.768e+00	1.082e-04
5.774e+00	1.361e-04
5.780e+00	1.389e-04
5.786e+00	1.371e-04
5.792e+00	1.331e-04
5.798e+00	1.276e-04
5.804e+00	1.094e-04
5.811e+00	9.777e-05
5.817e+00	9.326e-05
5.823e+00	8.258e-05
5.829e+00	5.828e-05
5.835e+00	5.812e-05
5.841e+00	6.356e-05
5.847e+00	8.995e-05
5.853e+00	1.067e-04
5.859e+00	1.111e-04
5.865e+00	1.104e-04
5.872e+00	1.175e-04
5.878e+00	1.164e-04
5.884e+00	1.111e-04
5.890e+00	1.328e-04
5.896e+00	1.317e-04
5.902e+00	1.141e-04
5.908e+00	1.106e-04
5.914e+00	1.200e-04
5.920e+00	1.335e-04
5.927e+00	1.457e-04
5.933e+00	1.397e-04
5.939e+00	1.460e-04
5.945e+00	1.330e-04
5.951e+00	1.349e-04
5.957e+00	1.271e-04
5.963e+00	1.238e-04
5.969e+00	1.333e-04
5.975e+00	1.479e-04
5.981e+00	1.795e-04
5.988e+00	1.970e-04
5.994e+00	2.023e-04
6.000e+00	2.031e-04
6.006e+00	2.058e-04
6.012e+00	2.316e-04
6.018e+00	2.595e-04
6.024e+00	2.499e-04
6.030e+00	2.205e-04
6.036e+00	1.669e-04
6.042e+00	1.487e-04
6.049e+00	1.349e-04
6.055e+00	1.282e-04
6.061e+00	1.288e-04
6.067e+00	1.235e-04
6.073e+00	9.512e-05
6.079e+00	8.136e-05
6.085e+00	7.336e-05
6.091e+00	6.738e-05
6.097e+00	6.791e-05
6.104e+00	7.219e-05
6.110e+00	7.337e-05
6.116e+00	7.140e-05
6.122e+00	6.617e-05
6.128e+00	8.711e-05
6.134e+00	1.071e-04
6.140e+00	1.275e-04
6.146e+00	1.547e-04
6.152e+00	1.585e-04
6.158e+00	1.585e-04
6.165e+00	1.649e-04
6.171e+00	1.592e-04
6.177e+00	1.493e-04
6.183e+00	1.468e-04
6.189e+00	1.426e-04
6.195e+00	1.197e-04
6.201e+00	9.573e-05
6.207e+00	9.342e-05
6.213e+00	9.632e-05
6.219e+00	8.725e-05
6.226e+00	9.121e-05
6.232e+00	8.953e-05
6.238e+00	1.118e-04
6.244e+00	1.403e-04
6.250e+00	1.481e-04
6.256e+00	1.220e-04
6.262e+00	7.079e-05
6.268e+00	2.753e-05
6.274e+00	7.679e-05
6.281e+00	8.331e-05
6.287e+00	3.347e-05
6.293e+00	2.994e-05
6.299e+00	3.229e-05
6.305e+00	4.296e-05
6.311e+00	4.317e-05
6.317e+00	4.368e-05
6.323e+00	5.308e-05
6.329e+00	6.605e-05
6.335e+00	6.766e-05
6.342e+00	6.729e-05
6.348e+00	7.774e-05
6.354e+00	8.465e-05
6.360e+00	7.754e-05
6.366e+00	7.763e-05
6.372e+00	7.666e-05
6.378e+00	6.782e-05
6.384e+00	5.722e-05
6.390e+00	6.127e-05
6.396e+00	6.316e-05
6.403e+00	5.677e-05
6.409e+00	4.502e-05
6.415e+00	4.475e-05
6.421e+00	6.206e-05
6.427e+00	7.401e-05
6.433e+00	7.061e-05
6.439e+00	6.700e-05
6.445e+00	6.750e-05
6.451e+00	7.055e-05
6.458e+00	6.676e-05
6.464e+00	6.634e-05
6.470e+00	6.209e-05
6.476e+00	4.328e-05
6.482e+00	3.236e-05
6.488e+00	3.387e-05
6.494e+00	3.624e-05
6.500e+00	3.082e-05
6.506e+00	2.628e-05
6.512e+00	5.563e-05
6.519e+00	9.668e-05
6.525e+00	1.288e-04
6.531e+00	1.580e-04
6.537e+00	1.794e-04
6.543e+00	1.829e-04
6.549e+00	1.776e-04
6.555e+00	1.736e-04
6.561e+00	1.679e-04
6.567e+00	1.456e-04
6.573e+00	1.244e-04
6.580e+00	1.067e-04
6.586e+00	8.498e-05
6.592e+00	6.514e-05
6.598e+00	5.968e-05
6.604e+00	6.157e-05
6.610e+00	5.839e-05
6.616e+00	7.707e-05
6.622e+00	9.555e-05
6.628e+00	9.895e-05
6.635e+00	9.188e-05
6.641e+00	9.453e-05
6.647e+00	1.050e-04
6.653e+00	1.153e-04
6.659e+00	1.244e-04
6.665e+00	1.374e-04
6.671e+00	1.364e-04
6.677e+00	1.388e-04
6.683e+00	1.390e-04
6.689e+00	1.344e-04
6.696e+00	1.342e-04
6.702e+00	1.350e-04
6.708e+00	1.276e-04
6.714e+00	1.257e-04
6.720e+00	1.233e-04
6.726e+00	1.153e-04
6.732e+00	8.993e-05
6.738e+00	6.844e-05
6.744e+00	6.708e-05
6.750e+00	7.011e-05
6.757e+00	6.316e-05
6.763e+00	7.619e-05
6.769e+00	8.543e-05
6.775e+00	7.755e-05
6.781e+00	7.939e-05
6.787e+00	8.227e-05
6.793e+00	8.126e-05
6.799e+00	7.953e-05
6.805e+00	6.698e-05
6.812e+00	6.928e-05
6.818e+00	7.825e-05
6.824e+00	8.777e-05
6.830e+00	1.273e-04
6.836e+00	1.456e-04
6.842e+00	1.438e-04
6.848e+00	1.649e-04
6.854e+00	2.044e-04
6.860e+00	2.087e-04
6.866e+00	2.013e-04
6.873e+00	2.045e-04
6.879e+00	2.319e-04
6.885e+00	2.543e-04
6.891e+00	2.694e-04
6.897e+00	2.878e-04
6.903e+00	2.765e-04
6.909e+00	2.491e-04
6.915e+00	2.600e-04
6.921e+00	2.661e-04
6.927e+00	2.432e-04
6.934e+00	1.927e-04
6.940e+00	1.382e-04
6.946e+00	1.243e-04
6.952e+00	1.471e-04
6.958e+00	1.431e-04
6.964e+00	1.305e-04
6.970e+00	1.168e-04
6.976e+00	1.198e-04
6.982e+00	1.184e-04
6.989e+00	1.132e-04
6.995e+00	1.178e-04
7.001e+00	1.138e-04
7.007e+00	7.270e-05
7.013e+00	7.373e-05
7.019e+00	7.383e-05
7.025e+00	7.726e-05
7.031e+00	7.775e-05
7.037e+00	8.251e-05
7.043e+00	8.956e-05
7.050e+00	8.057e-05
7.056e+00	5.562e-05
7.062e+00	5.392e-05
7.068e+00	5.638e-05
7.074e+00	7.242e-05
7.080e+00	7.301e-05
7.086e+00	6.714e-05
7.092e+00	6.461e-05
7.098e+00	6.181e-05
7.104e+00	6.026e-05
7.111e+00	6.090e-05
7.117e+00	5.886e-05
7.123e+00	5.060e-05
7.129e+00	3.416e-05
7.135e+00	4.318e-05
7.141e+00	5.431e-05
7.147e+00	5.404e-05
7.153e+00	5.806e-05
7.159e+00	5.493e-05
7.166e+00	5.313e-05
7.172e+00	6.000e-05
7.178e+00	6.414e-05
7.184e+00	6.626e-05
7.190e+00	5.638e-05
7.196e+00	5.496e-05
7.202e+00	7.430e-05
7.208e+00	7.498e-05
7.214e+00	8.998e-05
7.220e+00	1.145e-04
7.227e+00	1.093e-04
7.233e+00	1.118e-04
7.239e+00	1.189e-04
7.245e+00	1.160e-04
7.251e+00	1.038e-04
7.257e+00	8.600e-05
7.263e+00	8.359e-05
7.269e+00	6.937e-05
7.275e+00	4.516e-05
7.281e+00	4.380e-05
7.288e+00	4.370e-05
7.294e+00	5.341e-05
7.300e+00	6.289e-05
7.306e+00	6.652e-05
7.312e+00	6.007e-05
7.318e+00	5.267e-05
7.324e+00	5.586e-05
7.330e+00	8.245e-05
7.336e+00	8.944e-05
7.343e+00	8.286e-05
7.349e+00	6.951e-05
7.355e+00	6.591e-05
7.361e+00	6.258e-05
7.367e+00	6.409e-05
7.373e+00	6.395e-05
7.379e+00	7.055e-05
7.385e+00	5.478e-05
7.391e+00	4.749e-05
7.397e+00	5.369e-05
7.404e+00	6.067e-05
7.410e+00	5.456e-05
7.416e+00	5.116e-05
7.422e+00	4.998e-05
7.428e+00	5.163e-05
7.434e+00	4.089e-05
7.440e+00	3.313e-05
7.446e+00	3.403e-05
7.452e+00	2.766e-05
7.458e+00	1.745e-05
7.465e+00	1.733e-05
7.471e+00	2.580e-05
7.477e+00	4.562e-05
7.483e+00	5.980e-05
7.489e+00	7.121e-05
7.495e+00	8.188e-05
7.501e+00	8.434e-05
7.507e+00	8.668e-05
7.513e+00	1.069e-04
7.520e+00	1.104e-04
7.526e+00	1.119e-04
7.532e+00	1.004e-04
7.538e+00	8.484e-05
7.544e+00	7.682e-05
7.550e+00	6.932e-05
7.556e+00	6.905e-05
7.562e+00	7.560e-05
7.568e+00	5.764e-05
7.574e+00	5.408e-05
7.581e+00	4.818e-05
7.587e+00	4.469e-05
7.593e+00	8.004e-05
7.599e+00	9.668e-05
7.605e+00	9.166e-05
7.611e+00	9.121e-05
7.617e+00	8.545e-05
7.623e+00	8.774e-05
7.629e+00	1.041e-04
7.635e+00	1.042e-04
7.642e+00	1.128e-04
7.648e+00	1.303e-04
7.654e+00	1.411e-04
7.660e+00	1.520e-04
7.666e+00	1.643e-04
7.672e+00	1.763e-04
7.678e+00	1.830e-04
7.684e+00	1.732e-04
7.690e+00	1.713e-04
7.697e+00	1.632e-04
7.703e+00	1.133e-04
7.709e+00	8.813e-05
7.715e+00	9.047e-05
7.721e+00	7.528e-05
7.727e+00	6.326e-05
7.733e+00	5.478e-05
7.739e+00	5.506e-05
7.745e+00	5.606e-05
7.751e+00	5.243e-05
7.758e+00	5.128e-05
7.764e+00	4.840e-05
7.770e+00	3.306e-05
7.776e+00	3.898e-05
7.782e+00	5.284e-05
7.788e+00	7.051e-05
7.794e+00	6.491e-05
7.800e+00	6.555e-05
7.806e+00	6.770e-05
7.812e+00	8.172e-05
7.819e+00	9.363e-05
7.825e+00	1.033e-04
7.831e+00	1.061e-04
7.837e+00	1.220e-04
7.843e+00	1.306e-04
7.849e+00	1.373e-04
7.855e+00	1.512e-04
7.861e+00	1.722e-04
7.867e+00	1.599e-04
7.874e+00	1.710e-04
7.880e+00	1.749e-04
7.886e+00	1.776e-04
7.892e+00	1.599e-04
7.898e+00	1.408e-04
7.904e+00	1.369e-04
7.910e+00	1.299e-04
7.916e+00	1.053e-04
7.922e+00	1.044e-04
7.928e+00	9.511e-05
7.935e+00	9.157e-05
7.941e+00	8.584e-05
7.947e+00	7.059e-05
7.953e+00	7.036e-05
7.959e+00	9.349e-05
7.965e+00	9.186e-05
7.971e+00	1.055e-04
7.977e+00	1.127e-04
7.983e+00	1.231e-04
7.990e+00	1.320e-04
7.996e+00	1.385e-04
8.002e+00	1.555e-04
8.008e+00	1.554e-04
8.014e+00	1.334e-04
8.020e+00	1.260e-04
8.026e+00	1.140e-04
8.032e+00	1.082e-04
8.038e+00	8.987e-05
8.044e+00	9.379e-05
8.051e+00	9.535e-05
8.057e+00	7.744e-05
8.063e+00	7.406e-05
8.069e+00	7.944e-05
8.075e+00	8.124e-05
8.081e+00	8.592e-05
8.087e+00	1.004e-04
8.093e+00	1.434e-04
8.099e+00	1.407e-04
8.105e+00	1.365e-04
8.112e+00	1.438e-04
8.118e+00	1.647e-04
8.124e+00	1.644e-04
8.130e+00	1.616e-04
8.136e+00	1.696e-04
8.142e+00	1.997e-04
8.148e+00	2.174e-04
8.154e+00	2.213e-04
8.160e+00	2.121e-04
8.167e+00	2.050e-04
8.173e+00	1.764e-04
8.179e+00	1.656e-04
8.185e+00	1.658e-04
8.191e+00	2.294e-04
8.197e+00	1.088e-03
8.203e+00	1.284e-03
8.209e+00	1.876e-04
8.215e+00	4.249e-04
8.221e+00	1.756e-04
8.228e+00	4.292e-05
8.234e+00	6.326e-05
8.240e+00	5.758e-05
8.246e+00	5.682e-05
8.252e+00	6.113e-05
8.258e+00	8.369e-05
8.264e+00	1.061e-04
8.270e+00	1.250e-04
8.276e+00	1.250e-04
8.282e+00	1.443e-04
8.289e+00	1.277e-04
8.295e+00	1.501e-04
8.301e+00	2.386e-04
8.307e+00	3.220e-04
8.313e+00	3.451e-04
8.319e+00	3.421e-04
8.325e+00	3.366e-04
8.331e+00	3.488e-04
8.337e+00	3.365e-04
8.344e+00	3.546e-04
8.350e+00	3.354e-04
8.356e+00	2.733e-04
8.362e+00	1.897e-04
8.368e+00	1.560e-04
8.374e+00	1.447e-04
8.380e+00	1.318e-04
8.386e+00	1.255e-04
8.392e+00	1.353e-04
8.398e+00	1.351e-04
8.405e+00	1.794e-04
8.411e+00	2.247e-04
8.417e+00	2.392e-04
8.423e+00	2.785e-04
8.429e+00	3.587e-04
8.435e+00	3.925e-04
8.441e+00	4.021e-04
8.447e+00	3.878e-04
8.453e+00	3.695e-04
8.459e+00	3.297e-04
8.466e+00	2.959e-04
8.472e+00	3.302e-04
8.478e+00	3.347e-04
8.484e+00	3.196e-04
8.490e+00	3.287e-04
8.496e+00	3.237e-04
8.502e+00	3.431e-04
8.508e+00	3.378e-04
8.514e+00	3.714e-04
8.521e+00	4.700e-04
8.527e+00	5.933e-04
8.533e+00	6.974e-04
8.539e+00	7.591e-04
8.545e+00	7.860e-04
8.551e+00	7.745e-04
8.557e+00	7.932e-04
8.563e+00	8.229e-04
8.569e+00	7.695e-04
8.575e+00	6.487e-04
8.582e+00	5.604e-04
8.588e+00	4.596e-04
8.594e+00	3.311e-04
8.600e+00	3.574e-04
8.606e+00	4.376e-04
8.612e+00	4.019e-04
8.618e+00	4.077e-04
8.624e+00	4.454e-04
8.630e+00	5.063e-04
8.636e+00	4.929e-04
8.643e+00	5.514e-04
8.649e+00	8.654e-04
8.655e+00	9.181e-04
8.661e+00	9.003e-04
8.667e+00	9.028e-04
8.673e+00	8.702e-04
8.679e+00	8.633e-04
8.685e+00	8.717e-04
8.691e+00	8.977e-04
8.698e+00	8.245e-04
8.704e+00	5.030e-04
8.710e+00	5.341e-04
8.716e+00	9.065e-04
8.722e+00	1.062e-03
8.728e+00	1.088e-03
8.734e+00	1.125e-03
8.740e+00	1.102e-03
8.746e+00	1.006e-03
8.752e+00	9.773e-04
8.759e+00	1.006e-03
8.765e+00	8.546e-04
8.771e+00	4.750e-04
8.777e+00	3.397e-04
8.783e+00	3.684e-04
8.789e+00	3.458e-04
8.795e+00	2.907e-04
8.801e+00	2.996e-04
8.807e+00	3.523e-04
8.813e+00	4.007e-04
8.820e+00	4.347e-04
8.826e+00	4.843e-04
8.832e+00	6.216e-04
8.838e+00	6.636e-04
8.844e+00	6.249e-04
8.850e+00	6.959e-04
8.856e+00	7.153e-04
8.862e+00	6.721e-04
8.868e+00	6.152e-04
8.875e+00	6.333e-04
8.881e+00	6.470e-04
8.887e+00	6.034e-04
8.893e+00	6.899e-04
8.899e+00	8.632e-04
8.905e+00	8.637e-04
8.911e+00	8.360e-04
8.917e+00	8.968e-04
8.923e+00	1.205e-03
8.929e+00	1.228e-03
8.936e+00	1.281e-03
8.942e+00	1.340e-03
8.948e+00	1.258e-03
8.954e+00	1.151e-03
8.960e+00	1.157e-03
8.966e+00	1.262e-03
8.972e+00	1.381e-03
8.978e+00	1.196e-03
8.984e+00	1.176e-03
8.990e+00	1.014e-03
8.997e+00	8.419e-04
9.003e+00	7.877e-04
9.009e+00	7.867e-04
9.015e+00	7.451e-04
9.021e+00	6.650e-04
9.027e+00	4.772e-04
9.033e+00	3.898e-04
9.039e+00	4.583e-04
9.045e+00	5.711e-04
9.052e+00	6.254e-04
9.058e+00	7.038e-04
9.064e+00	6.299e-04
9.070e+00	6.174e-04
9.076e+00	6.194e-04
9.082e+00	6.798e-04
9.088e+00	6.622e-04
9.094e+00	6.450e-04
9.100e+00	8.092e-04
9.106e+00	9.804e-04
9.113e+00	8.672e-04
9.119e+00	8.835e-04
9.125e+00	9.453e-04
9.131e+00	1.046e-03
9.137e+00	1.048e-03
9.143e+00	1.049e-03
9.149e+00	9.206e-04
9.155e+00	6.370e-04
9.161e+00	4.077e-04
9.167e+00	3.904e-04
9.174e+00	3.782e-04
9.180e+00	3.248e-04
9.186e+00	3.499e-04
9.192e+00	5.080e-04
9.198e+00	6.231e-04
9.204e+00	6.648e-04
9.210e+00	6.979e-04
9.216e+00	7.269e-04
9.222e+00	7.630e-04
9.229e+00	7.977e-04
9.235e+00	8.625e-04
9.241e+00	8.639e-04
9.247e+00	7.211e-04
9.253e+00	5.992e-04
9.259e+00	6.019e-04
9.265e+00	7.036e-04
9.271e+00	7.840e-04
9.277e+00	8.016e-04
9.283e+00	7.901e-04
9.290e+00	7.280e-04
9.296e+00	6.231e-04
9.302e+00	6.037e-04
9.308e+00	7.278e-04
9.314e+00	7.139e-04
9.320e+00	5.778e-04
9.326e+00	4.638e-04
9.332e+00	4.626e-04
9.338e+00	4.749e-04
9.344e+00	4.808e-04
9.351e+00	4.705e-04
9.357e+00	4.356e-04
9.363e+00	2.065e-04
9.369e+00	4.757e-04
9.375e+00	6.240e-04
9.381e+00	1.285e-05
9.387e+00	5.309e-04
9.393e+00	1.244e-03
9.399e+00	1.953e-03
9.406e+00	1.556e-03
9.412e+00	3.904e-04
9.418e+00	3.600e-04
9.424e+00	3.541e-04
9.430e+00	4.382e-04
9.436e+00	4.542e-04
9.442e+00	4.265e-04
9.448e+00	4.108e-04
9.454e+00	3.215e-04
9.460e+00	2.797e-04
9.467e+00	3.619e-04
9.473e+00	4.642e-04
9.479e+00	5.793e-04
9.485e+00	7.174e-04
9.491e+00	9.970e-04
9.497e+00	1.154e-03
9.503e+00	1.152e-03
9.509e+00	1.140e-03
9.515e+00	1.124e-03
9.521e+00	1.045e-03
9.528e+00	1.029e-03
9.534e+00	1.063e-03
9.540e+00	9.329e-04
9.546e+00	6.323e-04
9.552e+00	5.112e-04
9.558e+00	6.412e-04
9.564e+00	7.320e-04
9.570e+00	7.776e-04
9.576e+00	8.368e-04
9.583e+00	8.532e-04
9.589e+00	9.401e-04
9.595e+00	1.106e-03
9.601e+00	1.211e-03
9.607e+00	1.220e-03
9.613e+00	1.120e-03
9.619e+00	1.171e-03
9.625e+00	1.273e-03
9.631e+00	1.360e-03
9.637e+00	1.532e-03
9.644e+00	1.413e-03
9.650e+00	1.142e-03
9.656e+00	1.017e-03
9.662e+00	1.029e-03
9.668e+00	1.212e-03
9.674e+00	1.334e-03
9.680e+00	1.293e-03
9.686e+00	1.200e-03
9.692e+00	9.732e-04
9.698e+00	9.008e-04
9.705e+00	9.989e-04
9.711e+00	1.167e-03
9.717e+00	1.203e-03
9.723e+00	9.800e-04
9.729e+00	6.994e-04
9.735e+00	6.440e-04
9.741e+00	6.747e-04
9.747e+00	6.748e-04
9.753e+00	6.462e-04
9.760e+00	7.631e-04
9.766e+00	1.045e-03
9.772e+00	1.353e-03
9.778e+00	1.470e-03
9.784e+00	1.477e-03
9.790e+00	1.422e-03
9.796e+00	1.384e-03
9.802e+00	1.486e-03
9.808e+00	1.609e-03
9.814e+00	1.485e-03
9.821e+00	1.202e-03
9.827e+00	1.049e-03
9.833e+00	1.152e-03
9.839e+00	1.212e-03
9.845e+00	1.223e-03
9.851e+00	1.184e-03
9.857e+00	1.166e-03
9.863e+00	1.327e-03
9.869e+00	1.504e-03
9.875e+00	1.541e-03
9.882e+00	1.451e-03
9.888e+00	1.092e-03
9.949e+00	1.144e-03
1.001e+01	1.210e-03
1.007e+01	1.278e-03
1.013e+01	1.326e-03
1.019e+01	1.343e-03
1.025e+01	1.414e-03
1.031e+01	1.506e-03
1.038e+01	1.581e-03
1.044e+01	1.631e-03
1.050e+01	1.594e-03
1.056e+01	1.599e-03
1.062e+01	1.588e-03
1.068e+01	1.495e-03
1.074e+01	1.379e-03
1.080e+01	1.201e-03
1.086e+01	1.017e-03
1.093e+01	8.384e-04
1.099e+01	6.656e-04
1.105e+01	5.694e-04
1.111e+01	4.244e-04
1.117e+01	2.835e-04
1.123e+01	2.217e-04
1.129e+01	1.990e-04
1.135e+01	1.860e-04
1.141e+01	1.722e-04
1.147e+01	1.574e-04
1.154e+01	1.454e-04
1.160e+01	1.330e-04
1.166e+01	1.224e-04
1.172e+01	1.170e-04
1.178e+01	1.155e-04
1.184e+01	1.093e-04
1.190e+01	1.079e-04
1.196e+01	1.164e-04
1.202e+01	1.483e-04
1.208e+01	2.166e-04
1.215e+01	3.223e-04
1.221e+01	4.560e-04
1.227e+01	5.333e-04
1.233e+01	5.480e-04
1.239e+01	5.562e-04
1.245e+01	5.648e-04
1.251e+01	5.664e-04
1.257e+01	5.596e-04
1.263e+01	5.137e-04
1.270e+01	4.211e-04
1.276e+01	3.070e-04
1.282e+01	2.532e-04
1.288e+01	2.519e-04
1.294e+01	2.452e-04
1.300e+01	2.362e-04
1.306e+01	2.373e-04
1.312e+01	2.304e-04
1.318e+01	2.195e-04
1.324e+01	2.263e-04
1.331e+01	2.222e-04
1.337e+01	2.012e-04
1.343e+01	1.817e-04
1.349e+01	1.738e-04
1.355e+01	1.668e-04
1.361e+01	1.519e-04
1.367e+01	1.379e-04
1.373e+01	1.312e-04
1.379e+01	1.133e-04
1.385e+01	1.014e-04
1.392e+01	1.023e-04
1.398e+01	9.925e-05
1.404e+01	9.910e-05
1.410e+01	1.108e-04
1.416e+01	1.251e-04
1.422e+01	1.440e-04
1.428e+01	1.496e-04
1.434e+01	1.495e-04
1.440e+01	1.481e-04
1.447e+01	1.441e-04
1.453e+01	1.454e-04
1.459e+01	1.440e-04
1.465e+01	1.388e-04
1.471e+01	1.353e-04
1.477e+01	1.383e-04
1.483e+01	1.537e-04
1.489e+01	1.733e-04
1.495e+01	1.938e-04
1.501e+01	2.214e-04
1.508e+01	2.536e-04
1.514e+01	2.725e-04
1.520e+01	2.849e-04
1.526e+01	3.024e-04
1.532e+01	3.169e-04
1.538e+01	3.213e-04
1.544e+01	3.303e-04
1.550e+01	3.355e-04
1.556e+01	3.242e-04
1.562e+01	3.164e-04
1.569e+01	3.129e-04
1.575e+01	3.032e-04
1.581e+01	2.857e-04
1.587e+01	2.618e-04
1.593e+01	2.431e-04
1.599e+01	2.212e-04
1.605e+01	2.032e-04
1.611e+01	1.924e-04
1.617e+01	1.717e-04
1.624e+01	1.608e-04
1.630e+01	1.673e-04
1.636e+01	1.790e-04
1.642e+01	1.826e-04
1.648e+01	1.929e-04
1.654e+01	1.988e-04
1.660e+01	1.963e-04
1.666e+01	1.943e-04
1.672e+01	1.945e-04
1.678e+01	1.933e-04
1.685e+01	1.850e-04
1.691e+01	1.758e-04
1.697e+01	1.707e-04
1.703e+01	1.604e-04
1.709e+01	1.521e-04
1.715e+01	1.484e-04
1.721e+01	1.513e-04
1.727e+01	1.538e-04
1.733e+01	1.478e-04
1.740e+01	1.346e-04
1.746e+01	1.179e-04
1.752e+01	1.028e-04
1.758e+01	9.246e-05
1.764e+01	8.743e-05
1.770e+01	8.834e-05
1.776e+01	9.075e-05
1.782e+01	9.397e-05
1.788e+01	1.060e-04
1.794e+01	1.282e-04
1.801e+01	1.458e-04
1.807e+01	1.604e-04
1.813e+01	1.760e-04
1.819e+01	1.846e-04
1.825e+01	1.878e-04
1.831e+01	1.805e-04
1.837e+01	1.698e-04
1.843e+01	1.549e-04
1.849e+01	1.352e-04
1.855e+01	1.211e-04
1.862e+01	1.070e-04
1.868e+01	8.883e-05
1.874e+01	7.628e-05
1.880e+01	6.378e-05
1.886e+01	5.448e-05
1.892e+01	4.820e-05
1.898e+01	4.619e-05
1.904e+01	4.232e-05
1.910e+01	3.907e-05
1.917e+01	4.078e-05
1.923e+01	4.206e-05
1.929e+01	4.207e-05
1.935e+01	4.285e-05
1.941e+01	4.303e-05
1.947e+01	4.321e-05
1.953e+01	4.522e-05
1.959e+01	4.667e-05
1.965e+01	4.680e-05
1.971e+01	4.415e-05
1.978e+01	4.257e-05
1.984e+01	4.107e-05
1.990e+01	3.965e-05
1.996e+01	3.981e-05
2.002e+01	4.015e-05
2.008e+01	3.830e-05
2.014e+01	3.675e-05
2.020e+01	3.478e-05
2.026e+01	3.442e-05
2.032e+01	4.038e-05
2.039e+01	5.086e-05
2.045e+01	6.101e-05
2.051e+01	7.103e-05
2.057e+01	8.153e-05
2.063e+01	8.934e-05
2.069e+01	9.820e-05
2.075e+01	1.062e-04
2.081e+01	1.119e-04
2.087e+01	1.146e-04
2.094e+01	1.100e-04
2.100e+01	1.032e-04
2.106e+01	9.543e-05
2.112e+01	8.642e-05
2.118e+01	7.890e-05
2.124e+01	7.014e-05
2.130e+01	6.380e-05
2.136e+01	6.444e-05
2.142e+01	6.609e-05
2.148e+01	6.966e-05
2.155e+01	7.263e-05
2.161e+01	7.202e-05
2.167e+01	7.233e-05
2.173e+01	7.519e-05
2.179e+01	7.846e-05
2.185e+01	8.108e-05
2.191e+01	7.869e-05
2.197e+01	7.179e-05
2.203e+01	6.261e-05
2.209e+01	5.589e-05
2.216e+01	5.316e-05
2.222e+01	5.057e-05
2.228e+01	4.644e-05
2.234e+01	4.270e-05
2.240e+01	3.823e-05
2.246e+01	3.151e-05
2.252e+01	2.787e-05
2.258e+01	2.914e-05
2.264e+01	3.065e-05
2.271e+01	3.073e-05
2.277e+01	3.232e-05
2.283e+01	3.468e-05
2.289e+01	3.604e-05
2.295e+01	3.619e-05
2.301e+01	3.693e-05
2.307e+01	3.800e-05
2.313e+01	3.916e-05
2.319e+01	4.062e-05
2.325e+01	4.316e-05
2.332e+01	4.385e-05
2.338e+01	4.328e-05
2.344e+01	4.472e-05
2.350e+01	4.911e-05
2.356e+01	5.802e-05
2.362e+01	6.628e-05
2.368e+01	7.003e-05
2.374e+01	7.584e-05
2.380e+01	7.990e-05
2.386e+01	8.236e-05
2.393e+01	8.500e-05
2.399e+01	8.521e-05
2.405e+01	8.170e-05
2.411e+01	7.290e-05
2.417e+01	6.429e-05
2.423e+01	5.976e-05
2.429e+01	5.343e-05
2.435e+01	4.922e-05
2.441e+01	4.693e-05
2.448e+01	5.172e-05
2.454e+01	4.366e-04
2.460e+01	1.477e-03
2.466e+01	7.007e-04
2.472e+01	1.816e-04
2.478e+01	3.153e-04
2.484e+01	1.778e-04
2.490e+01	9.828e-05
2.496e+01	6.375e-05
2.502e+01	6.991e-05
2.509e+01	7.497e-05
2.515e+01	8.086e-05
2.521e+01	8.638e-05
2.527e+01	8.680e-05
2.533e+01	8.360e-05
2.539e+01	8.065e-05
2.545e+01	7.865e-05
2.551e+01	7.416e-05
2.557e+01	6.684e-05
2.563e+01	5.945e-05
2.570e+01	5.136e-05
2.576e+01	4.422e-05
2.582e+01	4.103e-05
2.588e+01	3.978e-05
2.594e+01	3.861e-05
2.600e+01	3.603e-05
2.606e+01	3.435e-05
2.612e+01	3.484e-05
2.618e+01	3.739e-05
2.625e+01	4.091e-05
2.631e+01	4.093e-05
2.637e+01	4.119e-05
2.643e+01	4.417e-05
2.649e+01	4.650e-05
2.655e+01	4.810e-05
2.661e+01	5.003e-05
2.667e+01	4.854e-05
2.673e+01	4.416e-05
2.679e+01	3.817e-05
2.686e+01	3.551e-05
2.692e+01	3.405e-05
2.698e+01	3.154e-05
2.704e+01	2.866e-05
2.710e+01	2.597e-05
2.716e+01	2.319e-05
2.722e+01	2.236e-05
2.728e+01	2.205e-05
2.734e+01	2.224e-05
2.740e+01	2.147e-05
2.747e+01	1.960e-05
2.753e+01	1.851e-05
2.759e+01	2.211e-05
2.765e+01	3.433e-05
2.771e+01	4.176e-05
2.777e+01	4.233e-05
2.783e+01	4.256e-05
2.789e+01	4.182e-05
2.795e+01	4.145e-05
2.802e+01	4.277e-05
2.808e+01	4.335e-05
2.814e+01	4.008e-05
2.820e+01	2.936e-05
2.826e+01	2.318e-05
2.832e+01	2.291e-05
2.838e+01	2.282e-05
2.844e+01	2.405e-05
2.850e+01	2.609e-05
2.856e+01	2.832e-05
2.863e+01	3.010e-05
2.869e+01	3.092e-05
2.875e+01	3.045e-05
2.881e+01	2.978e-05
2.887e+01	2.936e-05
2.893e+01	2.985e-05
2.899e+01	3.083e-05
2.905e+01	3.085e-05
2.911e+01	2.934e-05
2.917e+01	2.824e-05
2.924e+01	2.804e-05
2.930e+01	2.733e-05
2.936e+01	2.693e-05
2.942e+01	2.751e-05
2.948e+01	2.778e-05
2.954e+01	2.654e-05
2.960e+01	2.514e-05
2.966e+01	2.389e-05
2.972e+01	2.235e-05
2.979e+01	2.003e-05
2.985e+01	1.912e-05
2.991e+01	1.799e-05
2.997e+01	1.647e-05
3.003e+01	1.501e-05
3.009e+01	1.386e-05
3.015e+01	1.266e-05
3.021e+01	1.159e-05
3.027e+01	1.025e-05
3.033e+01	9.501e-06
3.040e+01	9.265e-06
3.046e+01	9.305e-06
3.052e+01	9.259e-06
3.058e+01	9.078e-06
3.064e+01	8.818e-06
3.070e+01	9.182e-06
3.076e+01	1.021e-05
3.082e+01	1.106e-05
3.088e+01	1.207e-05
3.094e+01	1.267e-05
3.101e+01	1.282e-05
3.107e+01	1.302e-05
3.113e+01	1.411e-05
3.119e+01	1.947e-05
3.125e+01	3.597e-05
3.131e+01	4.627e-05
3.137e+01	4.740e-05
3.143e+01	4.735e-05
3.149e+01	4.713e-05
3.156e+01	4.682e-05
3.162e+01	4.644e-05
3.168e+01	4.566e-05
3.174e+01	4.108e-05
3.180e+01	2.506e-05
3.186e+01	1.417e-05
3.192e+01	1.208e-05
3.198e+01	1.129e-05
3.204e+01	1.164e-05
3.210e+01	1.282e-05
3.217e+01	1.338e-05
3.223e+01	1.352e-05
3.229e+01	1.313e-05
3.235e+01	1.251e-05
3.241e+01	1.224e-05
3.247e+01	1.269e-05
3.253e+01	1.295e-05
3.259e+01	1.223e-05
3.265e+01	1.086e-05
3.271e+01	1.004e-05
3.278e+01	9.300e-06
3.284e+01	8.661e-06
3.290e+01	8.310e-06
3.296e+01	8.070e-06
3.302e+01	7.935e-06
3.308e+01	7.697e-06
3.314e+01	7.749e-06
3.320e+01	7.840e-06
3.326e+01	7.721e-06
3.333e+01	7.582e-06
3.339e+01	7.434e-06
3.345e+01	6.997e-06
3.351e+01	6.332e-06
3.357e+01	5.819e-06
3.363e+01	5.552e-06
3.369e+01	5.511e-06
3.375e+01	5.655e-06
3.381e+01	5.868e-06
3.387e+01	6.062e-06
3.394e+01	6.330e-06
3.400e+01	6.727e-06
3.406e+01	6.998e-06
3.412e+01	6.968e-06
3.418e+01	6.930e-06
3.424e+01	6.787e-06
3.430e+01	6.714e-06
3.436e+01	6.728e-06
3.442e+01	6.808e-06
3.448e+01	7.146e-06
3.455e+01	7.694e-06
3.461e+01	8.375e-06
3.467e+01	9.306e-06
3.473e+01	1.046e-05
3.479e+01	1.172e-05
3.485e+01	1.259e-05
3.491e+01	1.299e-05
3.497e+01	1.311e-05
3.503e+01	1.340e-05
3.510e+01	1.380e-05
3.516e+01	1.492e-05
3.522e+01	1.877e-05
3.528e+01	2.112e-05
3.534e+01	2.108e-05
3.540e+01	2.118e-05
3.546e+01	2.264e-05
3.552e+01	2.426e-05
3.558e+01	2.616e-05
3.564e+01	2.763e-05
3.571e+01	2.743e-05
3.577e+01	2.498e-05
3.583e+01	2.339e-05
3.589e+01	2.368e-05
3.595e+01	2.559e-05
3.601e+01	2.730e-05
3.607e+01	2.898e-05
3.613e+01	3.149e-05
3.619e+01	3.420e-05
3.625e+01	3.633e-05
3.632e+01	3.835e-05
3.638e+01	4.013e-05
3.644e+01	4.069e-05
3.650e+01	3.973e-05
3.656e+01	3.881e-05
3.662e+01	3.754e-05
3.668e+01	3.343e-05
3.674e+01	2.893e-05
3.680e+01	2.688e-05
3.687e+01	2.707e-05
3.693e+01	4.073e-05
3.699e+01	5.286e-05
3.705e+01	5.349e-05
3.711e+01	5.326e-05
3.717e+01	5.436e-05
3.723e+01	5.568e-05
3.729e+01	5.727e-05
3.735e+01	5.742e-05
3.741e+01	5.398e-05
3.748e+01	3.805e-05
3.754e+01	2.522e-05
3.760e+01	2.402e-05
3.766e+01	2.252e-05
3.772e+01	1.967e-05
3.778e+01	1.846e-05
3.784e+01	1.759e-05
3.790e+01	1.732e-05
3.796e+01	1.776e-05
3.802e+01	1.770e-05
3.809e+01	1.778e-05
3.815e+01	1.798e-05
3.821e+01	1.846e-05
3.827e+01	1.960e-05
3.833e+01	2.032e-05
3.839e+01	2.058e-05
3.845e+01	2.063e-05
3.851e+01	2.042e-05
3.857e+01	2.051e-05
3.864e+01	2.077e-05
3.870e+01	2.111e-05
3.876e+01	2.227e-05
3.882e+01	2.226e-05
3.888e+01	2.196e-05
3.894e+01	2.245e-05
3.900e+01	2.487e-05
3.906e+01	2.934e-05
3.912e+01	3.383e-05
3.918e+01	3.525e-05
3.925e+01	3.577e-05
3.931e+01	3.519e-05
3.937e+01	3.543e-05
3.943e+01	3.556e-05
3.949e+01	3.591e-05
3.955e+01	3.524e-05
3.961e+01	3.204e-05
3.967e+01	2.833e-05
3.973e+01	2.787e-05
3.979e+01	2.944e-05
3.986e+01	3.110e-05
3.992e+01	3.092e-05
3.998e+01	3.024e-05
4.004e+01	2.904e-05
4.010e+01	2.742e-05
4.016e+01	2.689e-05
4.022e+01	2.626e-05
4.028e+01	2.525e-05
4.034e+01	2.291e-05
4.041e+01	2.100e-05
4.047e+01	2.113e-05
4.053e+01	1.914e-05
4.059e+01	2.424e-05
4.065e+01	1.630e-04
4.071e+01	3.599e-04
4.077e+01	1.640e-04
4.083e+01	3.528e-05
4.089e+01	1.766e-05
4.095e+01	1.873e-05
4.102e+01	2.129e-05
4.108e+01	2.890e-05
4.114e+01	2.773e-05
4.120e+01	2.545e-05
4.126e+01	2.306e-05
4.132e+01	2.071e-05
4.138e+01	1.831e-05
4.144e+01	1.566e-05
4.150e+01	1.347e-05
4.156e+01	1.035e-05
4.163e+01	7.667e-06
4.169e+01	6.692e-06
4.175e+01	6.522e-06
4.181e+01	6.471e-06
4.187e+01	6.413e-06
4.193e+01	6.579e-06
4.199e+01	6.864e-06
4.205e+01	6.835e-06
4.211e+01	6.751e-06
4.218e+01	6.742e-06
4.224e+01	6.731e-06
4.230e+01	6.894e-06
4.236e+01	7.017e-06
4.242e+01	6.828e-06
4.248e+01	6.328e-06
4.254e+01	6.080e-06
4.260e+01	5.983e-06
4.266e+01	5.782e-06
4.272e+01	5.803e-06
4.279e+01	6.087e-06
4.285e+01	6.191e-06
4.291e+01	6.021e-06
4.297e+01	6.068e-06
4.303e+01	6.025e-06
4.309e+01	5.658e-06
4.315e+01	5.476e-06
4.321e+01	5.331e-06
4.327e+01	5.075e-06
4.333e+01	4.753e-06
4.340e+01	4.425e-06
4.346e+01	4.304e-06
4.352e+01	4.226e-06
4.358e+01	4.264e-06
4.364e+01	4.527e-06
4.370e+01	5.103e-06
4.376e+01	5.745e-06
4.382e+01	6.194e-06
4.388e+01	6.343e-06
4.395e+01	6.380e-06
4.401e+01	6.352e-06
4.407e+01	6.360e-06
4.413e+01	6.397e-06
4.419e+01	6.194e-06
4.425e+01	5.619e-06
4.431e+01	5.287e-06
4.437e+01	5.809e-06
4.443e+01	6.415e-06
4.449e+01	6.790e-06
4.456e+01	7.458e-06
4.462e+01	7.928e-06
4.468e+01	7.884e-06
4.474e+01	7.824e-06
4.480e+01	7.825e-06
4.486e+01	7.466e-06
4.492e+01	6.448e-06
4.498e+01	5.582e-06
4.504e+01	4.983e-06
4.510e+01	4.272e-06
4.517e+01	3.709e-06
4.523e+01	3.637e-06
4.529e+01	3.718e-06
4.535e+01	3.677e-06
4.541e+01	3.684e-06
4.547e+01	3.848e-06
4.553e+01	4.129e-06
4.559e+01	4.495e-06
4.565e+01	4.888e-06
4.572e+01	4.981e-06
4.578e+01	4.825e-06
4.584e+01	4.622e-06
4.590e+01	4.544e-06
4.596e+01	4.492e-06
4.602e+01	4.246e-06
4.608e+01	3.812e-06
4.614e+01	3.400e-06
4.620e+01	2.903e-06
4.626e+01	2.836e-06
4.633e+01	2.981e-06
4.639e+01	3.035e-06
4.645e+01	3.355e-06
4.651e+01	3.873e-06
4.657e+01	4.834e-06
4.663e+01	5.578e-06
4.669e+01	5.974e-06
4.675e+01	6.448e-06
4.681e+01	6.680e-06
4.688e+01	6.754e-06
4.694e+01	6.785e-06
4.700e+01	6.348e-06
4.706e+01	5.818e-06
4.712e+01	5.027e-06
4.718e+01	4.507e-06
4.724e+01	4.145e-06
4.730e+01	3.580e-06
4.736e+01	3.113e-06
4.742e+01	2.874e-06
4.749e+01	2.882e-06
4.755e+01	3.078e-06
4.761e+01	3.142e-06
4.767e+01	3.107e-06
4.773e+01	3.086e-06
4.779e+01	3.221e-06
4.785e+01	3.410e-06
4.791e+01	3.206e-06
4.797e+01	5.158e-06
4.803e+01	1.119e-04
4.810e+01	4.660e-04
4.816e+01	2.601e-04
4.822e+01	2.170e-05
4.828e+01	2.361e-05
4.834e+01	2.492e-05
4.840e+01	9.714e-06
4.846e+01	3.453e-06
4.852e+01	9.158e-06
4.858e+01	1.049e-05
4.865e+01	1.166e-05
4.871e+01	2.102e-05
4.877e+01	1.687e-05
4.883e+01	2.499e-04
4.889e+01	6.630e-04
4.895e+01	2.661e-04
4.901e+01	1.448e-05
4.907e+01	7.150e-06
4.913e+01	1.175e-05
4.919e+01	5.502e-06
4.926e+01	4.282e-06
4.932e+01	1.111e-05
4.938e+01	1.084e-05
4.944e+01	1.054e-05
4.950e+01	1.038e-05
4.956e+01	1.047e-05
4.962e+01	1.073e-05
4.968e+01	1.106e-05
4.974e+01	1.151e-05
4.980e+01	9.543e-06
4.987e+01	8.669e-06
4.993e+01	8.704e-06
4.999e+01	8.893e-06
5.005e+01	9.094e-06
5.011e+01	8.883e-06
5.017e+01	8.591e-06
5.023e+01	8.364e-06
5.029e+01	7.323e-06
5.035e+01	6.638e-06
5.042e+01	6.261e-06
5.048e+01	5.910e-06
5.054e+01	5.755e-06
5.060e+01	5.849e-06
5.066e+01	6.340e-06
5.072e+01	6.739e-06
5.078e+01	7.489e-06
5.084e+01	8.190e-06
5.090e+01	8.421e-06
5.096e+01	8.551e-06
5.103e+01	8.626e-06
5.109e+01	8.415e-06
5.115e+01	8.127e-06
5.121e+01	7.882e-06
5.127e+01	7.554e-06
5.133e+01	6.866e-06
5.139e+01	6.351e-06
5.145e+01	6.314e-06
5.151e+01	6.532e-06
5.157e+01	7.197e-06
5.164e+01	7.935e-06
5.170e+01	8.453e-06
5.176e+01	9.572e-06
5.182e+01	1.083e-05
5.188e+01	1.138e-05
5.194e+01	1.196e-05
5.200e+01	1.224e-05
5.206e+01	1.227e-05
5.212e+01	1.199e-05
5.219e+01	1.162e-05
5.225e+01	1.129e-05
5.231e+01	1.012e-05
5.237e+01	8.665e-06
5.243e+01	7.890e-06
5.249e+01	7.342e-06
5.255e+01	7.288e-06
5.261e+01	7.340e-06
5.267e+01	7.326e-06
5.273e+01	7.632e-06
5.280e+01	8.984e-06
5.286e+01	1.044e-05
5.292e+01	1.153e-05
5.298e+01	1.270e-05
5.304e+01	1.335e-05
5.310e+01	1.311e-05
5.316e+01	1.290e-05
5.322e+01	1.301e-05
5.328e+01	1.259e-05
5.334e+01	1.093e-05
5.341e+01	9.234e-06
5.347e+01	8.201e-06
5.353e+01	7.234e-06
5.359e+01	6.423e-06
5.365e+01	6.233e-06
5.371e+01	5.986e-06
5.377e+01	5.461e-06
5.383e+01	5.273e-06
5.389e+01	5.351e-06
5.396e+01	5.553e-06
5.402e+01	5.714e-06
5.408e+01	5.465e-06
5.414e+01	5.283e-06
5.420e+01	5.240e-06
5.426e+01	5.067e-06
5.432e+01	4.912e-06
5.438e+01	4.851e-06
5.444e+01	4.582e-06
5.450e+01	4.241e-06
5.457e+01	4.232e-06
5.463e+01	4.535e-06
5.469e+01	4.937e-06
5.475e+01	6.162e-06
5.481e+01	7.203e-06
5.487e+01	7.284e-06
5.493e+01	7.211e-06
5.499e+01	7.283e-06
5.505e+01	7.416e-06
5.511e+01	7.161e-06
5.518e+01	6.690e-06
5.524e+01	6.096e-06
5.530e+01	4.706e-06
5.536e+01	3.616e-06
5.542e+01	3.414e-06
5.548e+01	3.286e-06
5.554e+01	3.207e-06
5.560e+01	3.133e-06
5.566e+01	3.172e-06
5.573e+01	3.364e-06
5.579e+01	3.689e-06
5.585e+01	3.842e-06
5.591e+01	3.992e-06
5.597e+01	4.232e-06
5.603e+01	4.420e-06
5.609e+01	4.382e-06
5.615e+01	4.251e-06
5.621e+01	4.186e-06
5.627e+01	4.310e-06
5.634e+01	4.395e-06
5.640e+01	4.548e-06
5.646e+01	4.809e-06
5.652e+01	4.952e-06
5.658e+01	5.240e-06
5.664e+01	5.545e-06
5.670e+01	5.685e-06
5.676e+01	5.904e-06
5.682e+01	6.067e-06
5.688e+01	6.103e-06
5.695e+01	6.155e-06
5.701e+01	6.052e-06
5.707e+01	5.952e-06
5.713e+01	5.794e-06
5.719e+01	5.802e-06
5.725e+01	6.121e-06
5.731e+01	6.346e-06
5.737e+01	6.332e-06
5.743e+01	6.341e-06
5.750e+01	6.341e-06
5.756e+01	6.324e-06
5.762e+01	6.304e-06
5.768e+01	6.231e-06
5.774e+01	6.214e-06
5.780e+01	6.165e-06
5.786e+01	6.023e-06
5.792e+01	6.145e-06
5.798e+01	6.363e-06
5.804e+01	6.446e-06
5.811e+01	6.539e-06
5.817e+01	6.616e-06
5.823e+01	6.579e-06
5.829e+01	6.674e-06
5.835e+01	6.761e-06
5.841e+01	6.936e-06
5.847e+01	6.994e-06
5.853e+01	6.954e-06
5.859e+01	7.294e-06
5.865e+01	7.734e-06
5.872e+01	8.259e-06
5.878e+01	8.863e-06
5.884e+01	9.212e-06
5.890e+01	9.635e-06
5.896e+01	9.987e-06
5.902e+01	1.013e-05
5.908e+01	9.936e-06
5.914e+01	9.310e-06
5.920e+01	8.513e-06
5.927e+01	7.605e-06
5.933e+01	6.736e-06
5.939e+01	5.866e-06
5.945e+01	4.999e-06
5.951e+01	4.232e-06
5.957e+01	3.470e-06
5.963e+01	2.993e-06
5.969e+01	2.766e-06
5.975e+01	2.732e-06
5.981e+01	2.763e-06
5.988e+01	2.817e-06
5.994e+01	2.891e-06
6.000e+01	2.800e-06
6.006e+01	2.695e-06
6.012e+01	2.714e-06
6.018e+01	2.783e-06
6.024e+01	2.820e-06
6.030e+01	2.770e-06
6.036e+01	2.947e-06
6.042e+01	3.311e-06
6.049e+01	3.808e-06
6.055e+01	4.629e-06
6.061e+01	5.836e-06
6.067e+01	6.986e-06
6.073e+01	8.376e-06
6.079e+01	1.005e-05
6.085e+01	1.192e-05
6.091e+01	1.358e-05
6.097e+01	1.557e-05
6.104e+01	1.801e-05
6.110e+01	2.025e-05
6.116e+01	2.360e-05
6.122e+01	2.984e-05
6.128e+01	3.651e-05
6.134e+01	4.052e-05
6.140e+01	4.399e-05
6.146e+01	4.655e-05
6.152e+01	4.889e-05
6.158e+01	5.049e-05
6.165e+01	5.273e-05
6.171e+01	5.400e-05
6.177e+01	5.144e-05
6.183e+01	4.779e-05
6.189e+01	4.544e-05
6.195e+01	4.394e-05
6.201e+01	4.302e-05
6.207e+01	3.971e-05
6.213e+01	3.598e-05
6.219e+01	3.148e-05
6.226e+01	2.640e-05
6.232e+01	2.226e-05
6.238e+01	1.878e-05
6.244e+01	1.643e-05
6.250e+01	1.339e-05
6.256e+01	1.077e-05
6.262e+01	1.018e-05
6.268e+01	1.035e-05
6.274e+01	1.044e-05
6.281e+01	1.037e-05
6.287e+01	1.040e-05
6.293e+01	1.010e-05
6.299e+01	9.553e-06
6.305e+01	9.355e-06
6.311e+01	9.307e-06
6.317e+01	9.077e-06
6.323e+01	8.691e-06
6.329e+01	8.440e-06
6.335e+01	8.254e-06
6.342e+01	8.220e-06
6.348e+01	8.454e-06
6.354e+01	8.523e-06
6.360e+01	8.228e-06
6.366e+01	7.904e-06
6.372e+01	7.852e-06
6.378e+01	8.072e-06
6.384e+01	8.330e-06
6.390e+01	8.618e-06
6.396e+01	8.664e-06
6.403e+01	8.350e-06
6.409e+01	8.285e-06
6.415e+01	8.321e-06
6.421e+01	8.130e-06
6.427e+01	8.156e-06
6.433e+01	8.281e-06
6.439e+01	8.268e-06
6.445e+01	8.323e-06
6.451e+01	8.606e-06
6.458e+01	8.839e-06
6.464e+01	8.871e-06
6.470e+01	8.810e-06
6.476e+01	8.897e-06
6.482e+01	8.777e-06
6.488e+01	8.267e-06
6.494e+01	7.692e-06
6.500e+01	7.038e-06
6.506e+01	6.181e-06
6.512e+01	5.623e-06
6.519e+01	5.387e-06
6.525e+01	5.366e-06
6.531e+01	5.139e-06
6.537e+01	4.934e-06
6.543e+01	4.681e-06
6.549e+01	4.468e-06
6.555e+01	4.312e-06
6.561e+01	4.183e-06
6.567e+01	4.148e-06
6.573e+01	4.118e-06
6.580e+01	3.926e-06
6.586e+01	3.887e-06
6.592e+01	3.962e-06
6.598e+01	4.186e-06
6.604e+01	4.284e-06
6.610e+01	4.240e-06
6.616e+01	4.321e-06
6.622e+01	4.665e-06
6.628e+01	5.126e-06
6.635e+01	5.300e-06
6.641e+01	5.112e-06
6.647e+01	4.756e-06
6.653e+01	4.376e-06
6.659e+01	4.174e-06
6.665e+01	4.230e-06
6.671e+01	4.346e-06
6.677e+01	4.155e-06
6.683e+01	3.898e-06
6.689e+01	3.994e-06
6.696e+01	4.254e-06
6.702e+01	4.425e-06
6.708e+01	4.585e-06
6.714e+01	4.760e-06
6.720e+01	4.887e-06
6.726e+01	5.061e-06
6.732e+01	5.151e-06
6.738e+01	5.101e-06
6.744e+01	4.892e-06
6.750e+01	4.775e-06
6.757e+01	4.892e-06
6.763e+01	4.994e-06
6.769e+01	5.247e-06
6.775e+01	5.382e-06
6.781e+01	5.170e-06
6.787e+01	5.115e-06
6.793e+01	5.263e-06
6.799e+01	5.933e-06
6.805e+01	6.963e-06
6.812e+01	7.605e-06
6.818e+01	8.153e-06
6.824e+01	8.537e-06
6.830e+01	9.296e-06
6.836e+01	1.003e-05
6.842e+01	1.035e-05
6.848e+01	1.064e-05
6.854e+01	1.078e-05
6.860e+01	1.056e-05
6.866e+01	1.079e-05
6.873e+01	1.161e-05
6.879e+01	1.239e-05
6.885e+01	1.230e-05
6.891e+01	1.223e-05
6.897e+01	1.272e-05
6.903e+01	1.295e-05
6.909e+01	1.296e-05
6.915e+01	1.281e-05
6.921e+01	1.256e-05
6.927e+01	1.279e-05
6.934e+01	1.260e-05
6.940e+01	1.216e-05
6.946e+01	1.172e-05
6.952e+01	1.080e-05
6.958e+01	9.992e-06
6.964e+01	9.178e-06
6.970e+01	8.696e-06
6.976e+01	8.109e-06
6.982e+01	6.350e-06
6.989e+01	5.123e-06
6.995e+01	4.643e-06
7.001e+01	4.363e-06
7.007e+01	4.278e-06
7.013e+01	4.169e-06
7.019e+01	4.080e-06
7.025e+01	3.826e-06
7.031e+01	3.476e-06
7.037e+01	3.279e-06
7.043e+01	3.080e-06
7.050e+01	3.018e-06
7.056e+01	2.897e-06
7.062e+01	2.734e-06
7.068e+01	2.741e-06
7.074e+01	2.730e-06
7.080e+01	2.925e-06
7.086e+01	3.277e-06
7.092e+01	3.364e-06
7.098e+01	3.369e-06
7.104e+01	3.443e-06
7.111e+01	3.459e-06
7.117e+01	3.417e-06
7.123e+01	3.319e-06
7.129e+01	3.288e-06
7.135e+01	3.030e-06
7.141e+01	2.632e-06
7.147e+01	2.499e-06
7.153e+01	2.454e-06
7.159e+01	2.252e-06
7.166e+01	2.189e-06
7.172e+01	2.210e-06
7.178e+01	2.234e-06
7.184e+01	2.298e-06
7.190e+01	2.331e-06
7.196e+01	2.328e-06
7.202e+01	2.320e-06
7.208e+01	2.345e-06
7.214e+01	2.662e-06
7.220e+01	3.203e-06
7.227e+01	3.659e-06
7.233e+01	4.006e-06
7.239e+01	4.218e-06
7.245e+01	4.456e-06
7.251e+01	3.075e-06
7.257e+01	1.666e-05
7.263e+01	7.612e-05
7.269e+01	5.087e-05
7.275e+01	6.303e-06
7.281e+01	3.565e-06
7.288e+01	2.336e-06
7.294e+01	2.108e-06
7.300e+01	2.228e-06
7.306e+01	2.662e-06
7.312e+01	2.459e-06
7.318e+01	2.275e-06
7.324e+01	2.138e-06
7.330e+01	2.061e-06
7.336e+01	2.083e-06
7.343e+01	2.173e-06
7.349e+01	2.236e-06
7.355e+01	2.254e-06
7.361e+01	2.232e-06
7.367e+01	2.263e-06
7.373e+01	2.717e-06
7.379e+01	3.436e-06
7.385e+01	3.535e-06
7.391e+01	3.405e-06
7.397e+01	3.253e-06
7.404e+01	3.123e-06
7.410e+01	3.012e-06
7.416e+01	2.913e-06
7.422e+01	2.800e-06
7.428e+01	2.333e-06
7.434e+01	1.640e-06
7.440e+01	1.618e-06
7.446e+01	1.773e-06
7.452e+01	1.784e-06
7.458e+01	1.826e-06
7.465e+01	1.965e-06
7.471e+01	2.065e-06
7.477e+01	2.104e-06
7.483e+01	2.132e-06
7.489e+01	2.178e-06
7.495e+01	2.258e-06
7.501e+01	2.413e-06
7.507e+01	2.671e-06
7.513e+01	2.762e-06
7.520e+01	2.767e-06
7.526e+01	2.824e-06
7.532e+01	2.959e-06
7.538e+01	3.174e-06
7.544e+01	3.503e-06
7.550e+01	3.865e-06
7.556e+01	4.054e-06
7.562e+01	4.180e-06
7.568e+01	4.456e-06
7.574e+01	4.785e-06
7.581e+01	5.055e-06
7.587e+01	5.201e-06
7.593e+01	5.336e-06
7.599e+01	5.262e-06
7.605e+01	5.010e-06
7.611e+01	4.996e-06
7.617e+01	5.056e-06
7.623e+01	4.935e-06
7.629e+01	4.916e-06
7.635e+01	5.106e-06
7.642e+01	5.411e-06
7.648e+01	5.521e-06
7.654e+01	5.650e-06
7.660e+01	5.617e-06
7.666e+01	5.375e-06
7.672e+01	5.205e-06
7.678e+01	5.172e-06
7.684e+01	5.107e-06
7.690e+01	4.880e-06
7.697e+01	4.701e-06
7.703e+01	4.512e-06
7.709e+01	4.203e-06
7.715e+01	4.141e-06
7.721e+01	4.062e-06
7.727e+01	3.883e-06
7.733e+01	3.682e-06
7.739e+01	3.487e-06
7.745e+01	3.374e-06
7.751e+01	3.053e-06
7.758e+01	2.773e-06
7.764e+01	2.650e-06
7.770e+01	2.557e-06
7.776e+01	2.630e-06
7.782e+01	2.603e-06
7.788e+01	2.596e-06
7.794e+01	2.548e-06
7.800e+01	2.434e-06
7.806e+01	2.386e-06
7.812e+01	2.480e-06
7.819e+01	2.694e-06
7.825e+01	2.967e-06
7.831e+01	3.152e-06
7.837e+01	3.296e-06
7.843e+01	3.511e-06
7.849e+01	4.186e-06
7.855e+01	4.781e-06
7.861e+01	5.148e-06
7.867e+01	5.392e-06
7.874e+01	5.390e-06
7.880e+01	5.311e-06
7.886e+01	5.213e-06
7.892e+01	5.198e-06
7.898e+01	5.127e-06
7.904e+01	4.632e-06
7.910e+01	4.417e-06
7.916e+01	4.308e-06
7.922e+01	4.282e-06
7.928e+01	4.594e-06
7.935e+01	4.699e-06
7.941e+01	4.709e-06
7.947e+01	4.790e-06
7.953e+01	4.834e-06
7.959e+01	4.821e-06
7.965e+01	4.505e-06
7.971e+01	4.400e-06
7.977e+01	4.436e-06
7.983e+01	4.285e-06
7.990e+01	4.240e-06
7.996e+01	4.286e-06
8.002e+01	4.243e-06
8.008e+01	4.375e-06
8.014e+01	4.507e-06
8.020e+01	4.569e-06
8.026e+01	4.701e-06
8.032e+01	5.022e-06
8.038e+01	5.204e-06
8.044e+01	5.107e-06
8.051e+01	4.866e-06
8.057e+01	4.696e-06
8.063e+01	4.415e-06
8.069e+01	4.083e-06
8.075e+01	3.879e-06
8.081e+01	3.541e-06
8.087e+01	2.826e-06
8.093e+01	2.247e-06
8.099e+01	2.021e-06
8.105e+01	1.930e-06
8.112e+01	1.959e-06
8.118e+01	2.458e-06
8.124e+01	5.106e-06
8.130e+01	8.481e-06
8.136e+01	9.465e-06
8.142e+01	9.685e-06
8.148e+01	9.706e-06
8.154e+01	9.712e-06
8.160e+01	9.848e-06
8.167e+01	9.885e-06
8.173e+01	9.378e-06
8.179e+01	6.707e-06
8.185e+01	3.403e-06
8.191e+01	2.593e-06
8.197e+01	2.494e-06
8.203e+01	2.538e-06
8.209e+01	2.524e-06
8.215e+01	2.447e-06
8.221e+01	2.371e-06
8.228e+01	2.340e-06
8.234e+01	2.341e-06
8.240e+01	2.360e-06
8.246e+01	2.385e-06
8.252e+01	2.408e-06
8.258e+01	2.486e-06
8.264e+01	2.604e-06
8.270e+01	2.615e-06
8.276e+01	2.557e-06
8.282e+01	2.480e-06
8.289e+01	2.431e-06
8.295e+01	2.379e-06
8.301e+01	2.205e-06
8.307e+01	2.096e-06
8.313e+01	2.003e-06
8.319e+01	1.969e-06
8.325e+01	2.048e-06
8.331e+01	2.100e-06
8.337e+01	2.139e-06
8.344e+01	2.138e-06
8.350e+01	2.121e-06
8.356e+01	2.206e-06
8.362e+01	2.270e-06
8.368e+01	2.234e-06
8.374e+01	2.196e-06
8.380e+01	2.164e-06
8.386e+01	2.171e-06
8.392e+01	2.219e-06
8.398e+01	2.365e-06
8.405e+01	2.526e-06
8.411e+01	2.625e-06
8.417e+01	2.769e-06
8.423e+01	2.890e-06
8.429e+01	2.855e-06
8.435e+01	2.740e-06
8.441e+01	2.718e-06
8.447e+01	2.682e-06
8.453e+01	2.544e-06
8.459e+01	2.357e-06
8.466e+01	2.117e-06
8.472e+01	1.893e-06
8.478e+01	1.741e-06
8.484e+01	1.689e-06
8.490e+01	1.689e-06
8.496e+01	1.643e-06
8.502e+01	1.625e-06
8.508e+01	1.586e-06
8.514e+01	1.548e-06
8.521e+01	1.593e-06
8.527e+01	1.594e-06
8.533e+01	1.601e-06
8.539e+01	1.671e-06
8.545e+01	1.696e-06
8.551e+01	1.676e-06
8.557e+01	1.572e-06
8.563e+01	1.500e-06
8.569e+01	1.450e-06
8.575e+01	1.370e-06
8.582e+01	1.326e-06
8.588e+01	1.255e-06
8.594e+01	1.094e-06
8.600e+01	9.651e-07
8.606e+01	8.714e-07
8.612e+01	8.215e-07
8.618e+01	7.596e-07
8.624e+01	6.833e-07
8.630e+01	6.369e-07
8.636e+01	5.746e-07
8.643e+01	5.184e-07
8.649e+01	5.042e-07
8.655e+01	5.059e-07
8.661e+01	5.137e-07
8.667e+01	5.174e-07
8.673e+01	5.328e-07
8.679e+01	5.619e-07
8.685e+01	5.732e-07
8.691e+01	5.805e-07
8.698e+01	5.979e-07
8.704e+01	5.996e-07
8.710e+01	5.926e-07
8.716e+01	5.882e-07
8.722e+01	5.832e-07
8.728e+01	5.706e-07
8.734e+01	5.428e-07
8.740e+01	5.252e-07
8.746e+01	5.214e-07
8.752e+01	5.044e-07
8.759e+01	5.107e-07
8.765e+01	5.322e-07
8.771e+01	5.531e-07
8.777e+01	5.814e-07
8.783e+01	6.312e-07
8.789e+01	6.693e-07
8.795e+01	6.844e-07
8.801e+01	6.693e-07
8.807e+01	6.657e-07
8.813e+01	6.697e-07
8.820e+01	6.764e-07
8.826e+01	6.950e-07
8.832e+01	7.512e-07
8.838e+01	8.091e-07
8.844e+01	8.525e-07
8.850e+01	8.699e-07
8.856e+01	9.067e-07
8.862e+01	9.779e-07
8.868e+01	1.074e-06
8.875e+01	1.182e-06
8.881e+01	1.284e-06
8.887e+01	1.337e-06
8.893e+01	1.349e-06
8.899e+01	1.435e-06
8.905e+01	1.564e-06
8.911e+01	1.617e-06
8.917e+01	1.646e-06
8.923e+01	1.599e-06
8.929e+01	1.528e-06
8.936e+01	1.418e-06
8.942e+01	1.292e-06
8.948e+01	1.190e-06
8.954e+01	1.040e-06
8.960e+01	8.968e-07
8.966e+01	8.097e-07
8.972e+01	7.264e-07
8.978e+01	6.757e-07
8.984e+01	6.100e-07
8.990e+01	5.624e-07
8.997e+01	5.632e-07
9.003e+01	5.742e-07
9.009e+01	5.663e-07
9.015e+01	5.526e-07
9.021e+01	6.074e-07
9.027e+01	7.251e-07
9.033e+01	8.508e-07
9.039e+01	9.489e-07
9.045e+01	1.076e-06
9.052e+01	1.167e-06
9.058e+01	1.212e-06
9.064e+01	1.258e-06
9.070e+01	1.281e-06
9.076e+01	1.234e-06
9.082e+01	1.127e-06
9.088e+01	1.038e-06
9.094e+01	9.891e-07
9.100e+01	9.209e-07
9.106e+01	8.594e-07
9.113e+01	8.308e-07
9.119e+01	8.081e-07
9.125e+01	7.940e-07
9.131e+01	7.911e-07
9.137e+01	8.040e-07
9.143e+01	8.200e-07
9.149e+01	8.504e-07
9.155e+01	8.545e-07
9.161e+01	8.346e-07
9.167e+01	8.479e-07
9.174e+01	8.932e-07
9.180e+01	9.086e-07
9.186e+01	9.049e-07
9.192e+01	8.940e-07
9.198e+01	8.398e-07
9.204e+01	7.550e-07
9.210e+01	7.100e-07
9.216e+01	7.001e-07
9.222e+01	6.427e-07
9.229e+01	5.657e-07
9.235e+01	5.516e-07
9.241e+01	5.345e-07
9.247e+01	4.895e-07
9.253e+01	4.629e-07
9.259e+01	4.529e-07
9.265e+01	4.245e-07
9.271e+01	3.886e-07
9.277e+01	3.780e-07
9.283e+01	3.801e-07
9.290e+01	3.637e-07
9.296e+01	3.761e-07
9.302e+01	3.992e-07
9.308e+01	4.124e-07
9.314e+01	4.249e-07
9.320e+01	4.448e-07
9.326e+01	4.606e-07
9.332e+01	4.668e-07
9.338e+01	4.566e-07
9.344e+01	4.437e-07
9.351e+01	4.315e-07
9.357e+01	4.207e-07
9.363e+01	4.270e-07
9.369e+01	4.311e-07
9.375e+01	4.309e-07
9.381e+01	4.519e-07
9.387e+01	4.705e-07
9.393e+01	4.787e-07
9.399e+01	5.099e-07
9.406e+01	5.547e-07
9.412e+01	6.292e-07
9.418e+01	6.965e-07
9.424e+01	7.318e-07
9.430e+01	7.680e-07
9.436e+01	7.995e-07
9.442e+01	8.606e-07
9.448e+01	9.406e-07
9.454e+01	1.019e-06
9.460e+01	1.078e-06
9.467e+01	1.095e-06
9.473e+01	1.147e-06
9.479e+01	1.260e-06
9.485e+01	1.328e-06
9.491e+01	1.353e-06
9.497e+01	1.335e-06
9.503e+01	1.302e-06
9.509e+01	1.286e-06
9.515e+01	1.275e-06
9.521e+01	1.248e-06
9.528e+01	1.185e-06
9.534e+01	1.083e-06
9.540e+01	1.029e-06
9.546e+01	1.017e-06
9.552e+01	1.033e-06
9.558e+01	1.057e-06
9.564e+01	1.023e-06
9.570e+01	9.953e-07
9.576e+01	1.378e-06
9.583e+01	2.492e-06
9.589e+01	2.924e-06
9.595e+01	2.986e-06
9.601e+01	2.989e-06
9.607e+01	2.970e-06
9.613e+01	2.949e-06
9.619e+01	2.960e-06
9.625e+01	3.017e-06
9.631e+01	2.860e-06
9.637e+01	1.901e-06
9.644e+01	1.521e-06
9.650e+01	1.515e-06
9.656e+01	1.547e-06
9.662e+01	1.568e-06
9.668e+01	1.567e-06
9.674e+01	1.566e-06
9.680e+01	1.581e-06
9.686e+01	1.436e-06
9.692e+01	1.307e-06
9.698e+01	1.254e-06
9.705e+01	1.246e-06
9.711e+01	1.298e-06
9.717e+01	1.311e-06
9.723e+01	1.300e-06
9.729e+01	1.308e-06
9.735e+01	1.234e-06
9.741e+01	1.135e-06
9.747e+01	1.283e-06
9.753e+01	1.613e-06
9.760e+01	1.687e-06
9.766e+01	1.601e-06
9.772e+01	1.559e-06
9.778e+01	1.561e-06
9.784e+01	1.530e-06
9.790e+01	1.511e-06
9.796e+01	1.495e-06
9.802e+01	1.293e-06
9.808e+01	9.538e-07
9.814e+01	8.203e-07
9.821e+01	7.762e-07
9.827e+01	7.408e-07
9.833e+01	7.173e-07
9.839e+01	7.707e-07
9.845e+01	9.371e-07
9.851e+01	1.002e-06
9.857e+01	9.792e-07
9.863e+01	9.529e-07
9.869e+01	9.314e-07
9.875e+01	1.021e-06
9.882e+01	1.557e-06
9.888e+01	3.052e-06
9.949e+01	3.921e-05
1.001e+02	7.715e-05
1.007e+02	1.968e-05
1.013e+02	7.545e-07
1.019e+02	4.420e-07
1.025e+02	4.171e-07
1.031e+02	4.396e-07
1.038e+02	5.031e-07
1.044e+02	6.817e-07
1.050e+02	6.547e-07
1.056e+02	6.336e-07
1.062e+02	6.137e-07
1.068e+02	5.917e-07
1.074e+02	5.759e-07
1.080e+02	5.593e-07
1.086e+02	5.413e-07
1.093e+02	5.183e-07
1.099e+02	4.934e-07
1.105e+02	4.745e-07
1.111e+02	4.538e-07
1.117e+02	4.367e-07
1.123e+02	4.332e-07
1.129e+02	4.375e-07
1.135e+02	4.916e-07
1.141e+02	5.648e-07
1.147e+02	5.829e-07
1.154e+02	5.861e-07
1.160e+02	5.960e-07
1.166e+02	6.117e-07
1.172e+02	6.323e-07
1.178e+02	6.511e-07
1.184e+02	5.060e-07
1.190e+02	1.138e-06
1.196e+02	9.065e-06
1.202e+02	1.215e-05
1.208e+02	2.400e-06
1.215e+02	6.478e-07
1.221e+02	6.886e-07
1.227e+02	6.242e-07
1.233e+02	7.988e-07
1.239e+02	7.825e-07
1.245e+02	8.170e-07
1.251e+02	8.313e-07
1.257e+02	8.303e-07
1.263e+02	8.196e-07
1.270e+02	7.992e-07
1.276e+02	7.870e-07
1.282e+02	7.521e-07
1.288e+02	6.551e-07
1.294e+02	5.504e-07
1.300e+02	5.057e-07
1.306e+02	4.862e-07
1.312e+02	4.709e-07
1.318e+02	4.601e-07
1.324e+02	4.546e-07
1.331e+02	4.558e-07
1.337e+02	4.676e-07
1.343e+02	4.851e-07
1.349e+02	5.103e-07
1.355e+02	5.198e-07
1.361e+02	5.137e-07
1.367e+02	5.114e-07
1.373e+02	5.120e-07
1.379e+02	5.100e-07
1.385e+02	5.015e-07
1.392e+02	4.954e-07
1.398e+02	4.905e-07
1.404e+02	4.737e-07
1.410e+02	4.645e-07
1.416e+02	4.869e-07
1.422e+02	5.725e-07
1.428e+02	6.310e-07
1.434e+02	6.828e-07
1.440e+02	8.499e-07
1.447e+02	9.435e-07
1.453e+02	9.849e-07
1.459e+02	1.020e-06
1.465e+02	1.047e-06
1.471e+02	1.045e-06
1.477e+02	9.803e-07
1.483e+02	8.296e-07
1.489e+02	4.272e-07
1.495e+02	1.177e-06
1.501e+02	1.813e-06
1.508e+02	6.422e-07
1.514e+02	3.725e-07
1.520e+02	3.282e-07
1.526e+02	2.902e-07
1.532e+02	2.875e-07
1.538e+02	2.970e-07
1.544e+02	4.117e-07
1.550e+02	6.059e-07
1.556e+02	7.017e-07
1.562e+02	6.918e-07
1.569e+02	6.826e-07
1.575e+02	6.822e-07
1.581e+02	6.755e-07
1.587e+02	6.629e-07
1.593e+02	6.496e-07
1.599e+02	5.753e-07
1.605e+02	3.523e-07
1.611e+02	2.318e-07
1.617e+02	2.183e-07
1.624e+02	2.072e-07
1.630e+02	1.924e-07
1.636e+02	1.845e-07
1.642e+02	1.827e-07
1.648e+02	1.783e-07
1.654e+02	1.702e-07
1.660e+02	1.580e-07
1.666e+02	1.463e-07
1.672e+02	1.384e-07
1.678e+02	1.333e-07
1.685e+02	1.321e-07
1.691e+02	1.344e-07
1.697e+02	1.316e-07
1.703e+02	1.290e-07
1.709e+02	1.283e-07
1.715e+02	1.258e-07
1.721e+02	1.269e-07
1.727e+02	1.564e-07
1.733e+02	1.988e-07
1.740e+02	2.100e-07
1.746e+02	2.243e-07
1.752e+02	2.287e-07
1.758e+02	2.247e-07
1.764e+02	2.205e-07
1.770e+02	2.188e-07
1.776e+02	2.158e-07
1.782e+02	1.868e-07
1.788e+02	1.436e-07
1.794e+02	1.265e-07
1.801e+02	1.024e-07
1.807e+02	9.325e-08
1.813e+02	9.339e-08
1.819e+02	9.358e-08
1.825e+02	9.356e-08
1.831e+02	9.271e-08
1.837e+02	9.060e-08
1.843e+02	9.024e-08
1.849e+02	9.334e-08
1.855e+02	9.586e-08
1.862e+02	9.766e-08
1.868e+02	1.007e-07
1.874e+02	1.042e-07
1.880e+02	1.080e-07
1.886e+02	1.110e-07
1.892e+02	1.142e-07
1.898e+02	1.192e-07
1.904e+02	1.229e-07
1.910e+02	1.258e-07
1.917e+02	1.255e-07
1.923e+02	1.239e-07
1.929e+02	1.252e-07
1.935e+02	1.256e-07
1.941e+02	1.244e-07
1.947e+02	1.236e-07
1.953e+02	1.204e-07
1.959e+02	1.165e-07
1.965e+02	1.137e-07
1.971e+02	1.131e-07
1.978e+02	1.127e-07
1.984e+02	1.211e-07
1.990e+02	3.921e-07
1.996e+02	3.919e-06
2.002e+02	5.598e-06
2.008e+02	1.086e-06
2.014e+02	1.177e-07
2.020e+02	8.695e-08
2.026e+02	7.723e-08
2.032e+02	7.567e-08
2.039e+02	8.395e-08
2.045e+02	8.300e-08
2.051e+02	8.185e-08
2.057e+02	8.151e-08
2.063e+02	8.187e-08
2.069e+02	8.228e-08
2.075e+02	8.342e-08
2.081e+02	8.387e-08
2.087e+02	8.230e-08
2.094e+02	7.984e-08
2.100e+02	7.838e-08
2.106e+02	7.767e-08
2.112e+02	7.675e-08
2.118e+02	7.557e-08
2.124e+02	7.463e-08
2.130e+02	7.376e-08
2.136e+02	7.585e-08
2.142e+02	7.896e-08
2.148e+02	7.905e-08
2.155e+02	7.849e-08
2.161e+02	7.726e-08
2.167e+02	7.533e-08
2.173e+02	7.311e-08
2.179e+02	7.123e-08
2.185e+02	6.962e-08
2.191e+02	6.433e-08
2.197e+02	5.777e-08
2.203e+02	5.551e-08
2.209e+02	5.403e-08
2.216e+02	5.286e-08
2.222e+02	5.149e-08
2.228e+02	5.014e-08
2.234e+02	4.843e-08
2.240e+02	4.542e-08
2.246e+02	4.331e-08
2.252e+02	4.262e-08
2.258e+02	4.195e-08
2.264e+02	4.138e-08
2.271e+02	4.092e-08
2.277e+02	4.078e-08
2.283e+02	4.030e-08
2.289e+02	4.046e-08
2.295e+02	4.216e-08
2.301e+02	4.352e-08
2.307e+02	4.371e-08
2.313e+02	4.307e-08
2.319e+02	4.240e-08
2.325e+02	4.169e-08
2.332e+02	4.111e-08
2.338e+02	4.081e-08
2.344e+02	3.979e-08
2.350e+02	3.795e-08
2.356e+02	3.625e-08
2.362e+02	3.512e-08
2.368e+02	3.428e-08
2.374e+02	3.359e-08
2.380e+02	3.412e-08
2.386e+02	3.681e-08
2.393e+02	3.896e-08
2.399e+02	4.133e-08
2.405e+02	4.376e-08
2.411e+02	4.645e-08
2.417e+02	4.881e-08
2.423e+02	4.144e-08
2.429e+02	9.280e-08
2.435e+02	6.511e-07
2.441e+02	1.781e-06
2.448e+02	1.191e-06
2.454e+02	2.408e-07
2.460e+02	5.639e-08
2.466e+02	4.962e-08
2.472e+02	5.410e-08
2.478e+02	7.056e-08
2.484e+02	1.461e-07
2.490e+02	1.881e-07
2.496e+02	2.370e-07
2.502e+02	2.557e-07
2.509e+02	1.111e-07
2.515e+02	1.839e-07
2.521e+02	3.217e-07
2.527e+02	1.893e-07
2.533e+02	8.143e-08
2.539e+02	5.671e-08
2.545e+02	4.915e-08
2.551e+02	4.866e-08
2.557e+02	4.770e-08
2.563e+02	4.684e-08
2.570e+02	4.573e-08
2.576e+02	4.459e-08
2.582e+02	4.348e-08
2.588e+02	4.191e-08
2.594e+02	4.010e-08
2.600e+02	3.788e-08
2.606e+02	3.671e-08
2.612e+02	3.620e-08
2.618e+02	3.554e-08
2.625e+02	3.608e-08
2.631e+02	3.863e-08
2.637e+02	4.043e-08
2.643e+02	4.162e-08
2.649e+02	4.258e-08
2.655e+02	4.411e-08
2.661e+02	4.596e-08
2.667e+02	4.722e-08
2.673e+02	4.811e-08
2.679e+02	4.818e-08
2.686e+02	4.624e-08
2.692e+02	4.467e-08
2.698e+02	4.408e-08
2.704e+02	4.443e-08
2.710e+02	4.496e-08
2.716e+02	4.579e-08
2.722e+02	4.713e-08
2.728e+02	4.849e-08
2.734e+02	5.009e-08
2.740e+02	5.222e-08
2.747e+02	5.467e-08
2.753e+02	5.643e-08
2.759e+02	5.770e-08
2.765e+02	5.896e-08
2.771e+02	5.915e-08
2.777e+02	5.807e-08
2.783e+02	5.712e-08
2.789e+02	5.537e-08
2.795e+02	5.295e-08
2.802e+02	5.476e-08
2.808e+02	7.836e-08
2.814e+02	1.077e-07
2.820e+02	1.141e-07
2.826e+02	1.124e-07
2.832e+02	1.115e-07
2.838e+02	1.140e-07
2.844e+02	1.158e-07
2.850e+02	1.160e-07
2.856e+02	1.120e-07
2.863e+02	8.583e-08
2.869e+02	5.561e-08
2.875e+02	5.533e-08
2.881e+02	7.996e-08
2.887e+02	1.296e-07
2.893e+02	1.896e-07
2.899e+02	2.436e-07
2.905e+02	2.794e-07
2.911e+02	2.946e-07
2.917e+02	2.997e-07
2.924e+02	2.984e-07
2.930e+02	2.898e-07
2.936e+02	2.636e-07
2.942e+02	2.120e-07
2.948e+02	1.474e-07
2.954e+02	9.042e-08
2.960e+02	5.381e-08
2.966e+02	3.864e-08
2.972e+02	3.701e-08
2.979e+02	4.143e-08
2.985e+02	4.296e-08
2.991e+02	4.427e-08
2.997e+02	4.635e-08
3.003e+02	5.178e-08
3.009e+02	5.747e-08
3.015e+02	6.095e-08
3.021e+02	6.495e-08
3.027e+02	6.775e-08
3.033e+02	7.052e-08
3.040e+02	7.674e-08
3.046e+02	8.354e-08
3.052e+02	8.884e-08
3.058e+02	8.887e-08
3.064e+02	8.767e-08
3.070e+02	8.758e-08
3.076e+02	8.596e-08
3.082e+02	8.334e-08
3.088e+02	7.907e-08
3.094e+02	7.416e-08
3.101e+02	7.029e-08
3.107e+02	6.719e-08
3.113e+02	6.515e-08
3.119e+02	6.392e-08
3.125e+02	6.324e-08
3.131e+02	6.230e-08
3.137e+02	6.130e-08
3.143e+02	6.057e-08
3.149e+02	5.884e-08
3.156e+02	5.654e-08
3.162e+02	5.545e-08
3.168e+02	5.489e-08
3.174e+02	5.400e-08
3.180e+02	5.242e-08
3.186e+02	5.071e-08
3.192e+02	4.835e-08
3.198e+02	4.563e-08
3.204e+02	4.369e-08
3.210e+02	4.203e-08
3.217e+02	3.986e-08
3.223e+02	3.781e-08
3.229e+02	3.604e-08
3.235e+02	3.506e-08
3.241e+02	7.485e-08
3.247e+02	4.535e-07
3.253e+02	1.552e-06
3.259e+02	1.697e-06
3.265e+02	6.400e-07
3.271e+02	1.340e-07
3.278e+02	5.327e-08
3.284e+02	4.015e-08
3.290e+02	4.039e-08
3.296e+02	4.616e-08
3.302e+02	3.618e-08
3.308e+02	3.480e-08
3.314e+02	3.255e-08
3.320e+02	3.018e-08
3.326e+02	2.795e-08
3.333e+02	2.556e-08
3.339e+02	2.433e-08
3.345e+02	2.433e-08
3.351e+02	2.457e-08
3.357e+02	2.338e-08
3.363e+02	2.314e-08
3.369e+02	2.390e-08
3.375e+02	2.475e-08
3.381e+02	2.515e-08
3.387e+02	2.560e-08
3.394e+02	2.631e-08
3.400e+02	2.697e-08
3.406e+02	2.710e-08
3.412e+02	2.751e-08
3.418e+02	2.759e-08
3.424e+02	2.704e-08
3.430e+02	2.646e-08
3.436e+02	2.604e-08
3.442e+02	2.579e-08
3.448e+02	2.530e-08
3.455e+02	2.467e-08
3.461e+02	2.442e-08
3.467e+02	2.405e-08
3.473e+02	2.378e-08
3.479e+02	2.380e-08
3.485e+02	2.425e-08
3.491e+02	2.621e-08
3.497e+02	3.882e-08
3.503e+02	4.139e-08
3.510e+02	3.142e-08
3.516e+02	2.313e-08
3.522e+02	2.020e-08
3.528e+02	1.985e-08
3.534e+02	1.877e-08
3.540e+02	1.937e-08
3.546e+02	1.907e-08
3.552e+02	1.892e-08
3.558e+02	1.908e-08
3.564e+02	1.926e-08
3.571e+02	1.945e-08
3.577e+02	1.966e-08
3.583e+02	1.976e-08
3.589e+02	2.039e-08
3.595e+02	2.182e-08
3.601e+02	2.311e-08
3.607e+02	2.409e-08
3.613e+02	2.486e-08
3.619e+02	2.569e-08
3.625e+02	2.662e-08
3.632e+02	2.740e-08
3.638e+02	4.685e-08
3.644e+02	1.945e-07
3.650e+02	6.300e-07
3.656e+02	1.605e-06
3.662e+02	3.193e-06
3.668e+02	4.260e-06
3.674e+02	4.267e-06
3.680e+02	3.904e-06
3.687e+02	2.649e-06
3.693e+02	1.545e-06
3.699e+02	7.950e-07
3.705e+02	1.424e-07
3.711e+02	4.104e-08
3.717e+02	3.573e-08
3.723e+02	3.303e-08
3.729e+02	3.188e-08
3.735e+02	2.799e-08
3.741e+02	2.764e-08
3.748e+02	2.718e-08
3.754e+02	2.671e-08
3.760e+02	2.606e-08
3.766e+02	2.528e-08
3.772e+02	2.488e-08
3.778e+02	2.444e-08
3.784e+02	2.394e-08
3.790e+02	2.331e-08
3.796e+02	2.293e-08
3.802e+02	2.281e-08
3.809e+02	2.320e-08
3.815e+02	2.455e-08
3.821e+02	2.676e-08
3.827e+02	2.911e-08
3.833e+02	3.227e-08
3.839e+02	3.605e-08
3.845e+02	4.039e-08
3.851e+02	4.543e-08
3.857e+02	5.077e-08
3.864e+02	5.515e-08
3.870e+02	5.860e-08
3.876e+02	6.111e-08
3.882e+02	6.341e-08
3.888e+02	6.460e-08
3.894e+02	6.275e-08
3.900e+02	5.927e-08
3.906e+02	5.468e-08
3.912e+02	4.935e-08
3.918e+02	4.410e-08
3.925e+02	3.866e-08
3.931e+02	3.330e-08
3.937e+02	2.809e-08
3.943e+02	2.293e-08
3.949e+02	1.968e-08
3.955e+02	1.751e-08
3.961e+02	1.580e-08
3.967e+02	1.741e-08
3.973e+02	3.425e-08
3.979e+02	4.707e-08
3.986e+02	4.803e-08
3.992e+02	4.778e-08
3.998e+02	4.819e-08
4.004e+02	4.946e-08
4.010e+02	5.125e-08
4.016e+02	5.314e-08
4.022e+02	5.222e-08
4.028e+02	3.753e-08
4.034e+02	2.976e-08
4.041e+02	4.107e-08
4.047e+02	5.941e-08
4.053e+02	7.426e-08
4.059e+02	8.441e-08
4.065e+02	9.058e-08
4.071e+02	9.451e-08
4.077e+02	9.731e-08
4.083e+02	9.756e-08
4.089e+02	9.429e-08
4.095e+02	8.352e-08
4.102e+02	6.663e-08
4.108e+02	5.362e-08
4.114e+02	4.537e-08
4.120e+02	4.181e-08
4.126e+02	4.214e-08
4.132e+02	4.396e-08
4.138e+02	4.889e-08
4.144e+02	5.645e-08
4.150e+02	6.285e-08
4.156e+02	6.688e-08
4.163e+02	6.897e-08
4.169e+02	6.972e-08
4.175e+02	6.893e-08
4.181e+02	6.560e-08
4.187e+02	6.121e-08
4.193e+02	5.486e-08
4.199e+02	4.671e-08
4.205e+02	4.022e-08
4.211e+02	3.616e-08
4.218e+02	3.300e-08
4.224e+02	3.053e-08
4.230e+02	2.850e-08
4.236e+02	2.753e-08
4.242e+02	2.705e-08
4.248e+02	2.650e-08
4.254e+02	2.570e-08
4.260e+02	2.483e-08
4.266e+02	2.400e-08
4.272e+02	2.369e-08
4.279e+02	2.461e-08
4.285e+02	2.920e-08
4.291e+02	4.077e-08
4.297e+02	5.910e-08
4.303e+02	8.290e-08
4.309e+02	1.097e-07
4.315e+02	1.330e-07
4.321e+02	1.475e-07
4.327e+02	1.534e-07
4.333e+02	1.554e-07
4.340e+02	1.519e-07
4.346e+02	1.398e-07
4.352e+02	1.203e-07
4.358e+02	9.549e-08
4.364e+02	6.803e-08
4.370e+02	4.412e-08
4.376e+02	2.911e-08
4.382e+02	2.244e-08
4.388e+02	1.856e-08
4.395e+02	1.648e-08
4.401e+02	1.589e-08
4.407e+02	1.580e-08
4.413e+02	1.596e-08
4.419e+02	1.589e-08
4.425e+02	1.559e-08
4.431e+02	1.532e-08
4.437e+02	1.521e-08
4.443e+02	1.538e-08
4.449e+02	1.601e-08
4.456e+02	1.669e-08
4.462e+02	1.706e-08
4.468e+02	1.715e-08
4.474e+02	1.738e-08
4.480e+02	1.792e-08
4.486e+02	1.845e-08
4.492e+02	1.858e-08
4.498e+02	1.824e-08
4.504e+02	1.725e-08
4.510e+02	1.609e-08
4.517e+02	1.520e-08
4.523e+02	1.462e-08
4.529e+02	1.420e-08
4.535e+02	1.347e-08
4.541e+02	1.260e-08
4.547e+02	1.217e-08
4.553e+02	1.213e-08
4.559e+02	1.260e-08
4.565e+02	1.373e-08
4.572e+02	1.542e-08
4.578e+02	1.724e-08
4.584e+02	1.893e-08
4.590e+02	2.028e-08
4.596e+02	2.095e-08
4.602e+02	2.124e-08
4.608e+02	2.117e-08
4.614e+02	2.037e-08
4.620e+02	1.878e-08
4.626e+02	1.675e-08
4.633e+02	1.458e-08
4.639e+02	1.239e-08
4.645e+02	1.066e-08
4.651e+02	9.669e-09
4.657e+02	8.993e-09
4.663e+02	8.500e-09
4.669e+02	8.378e-09
4.675e+02	8.418e-09
4.681e+02	8.376e-09
4.688e+02	8.291e-09
4.694e+02	8.371e-09
4.700e+02	8.573e-09
4.706e+02	8.826e-09
4.712e+02	8.994e-09
4.718e+02	9.057e-09
4.724e+02	9.210e-09
4.730e+02	9.538e-09
4.736e+02	1.008e-08
4.742e+02	1.123e-08
4.749e+02	1.280e-08
4.755e+02	1.418e-08
4.761e+02	1.519e-08
4.767e+02	1.596e-08
4.773e+02	1.694e-08
4.779e+02	1.810e-08
4.785e+02	1.859e-08
4.791e+02	1.856e-08
4.797e+02	1.774e-08
4.803e+02	1.656e-08
4.810e+02	1.572e-08
4.816e+02	1.531e-08
4.822e+02	1.553e-08
4.828e+02	1.623e-08
4.834e+02	1.797e-08
4.840e+02	2.181e-08
4.846e+02	2.696e-08
4.852e+02	3.355e-08
4.858e+02	3.996e-08
4.865e+02	4.405e-08
4.871e+02	4.566e-08
4.877e+02	4.540e-08
4.883e+02	4.376e-08
4.889e+02	4.063e-08
4.895e+02	3.588e-08
4.901e+02	3.035e-08
4.907e+02	2.363e-08
4.913e+02	1.671e-08
4.919e+02	1.178e-08
4.926e+02	9.250e-09
4.932e+02	8.203e-09
4.938e+02	7.939e-09
4.944e+02	7.867e-09
4.950e+02	7.784e-09
4.956e+02	7.600e-09
4.962e+02	7.410e-09
4.968e+02	8.894e-09
4.974e+02	1.545e-08
4.980e+02	1.913e-08
4.987e+02	1.930e-08
4.993e+02	1.923e-08
4.999e+02	1.926e-08
5.005e+02	1.929e-08
5.011e+02	1.921e-08
5.017e+02	1.917e-08
5.023e+02	1.777e-08
5.029e+02	1.152e-08
5.035e+02	8.508e-09
5.042e+02	9.560e-09
5.048e+02	1.115e-08
5.054e+02	1.280e-08
5.060e+02	1.465e-08
5.066e+02	1.650e-08
5.072e+02	1.836e-08
5.078e+02	2.002e-08
5.084e+02	2.111e-08
5.090e+02	2.146e-08
5.096e+02	2.089e-08
5.103e+02	1.986e-08
5.109e+02	1.862e-08
5.115e+02	1.732e-08
5.121e+02	1.613e-08
5.127e+02	1.479e-08
5.133e+02	1.332e-08
5.139e+02	1.218e-08
5.145e+02	1.138e-08
5.151e+02	1.086e-08
5.157e+02	1.053e-08
5.164e+02	1.027e-08
5.170e+02	9.915e-09
5.176e+02	9.488e-09
5.182e+02	9.167e-09
5.188e+02	9.039e-09
5.194e+02	9.072e-09
5.200e+02	9.267e-09
5.206e+02	9.699e-09
5.212e+02	1.017e-08
5.219e+02	1.056e-08
5.225e+02	1.083e-08
5.231e+02	1.110e-08
5.237e+02	1.131e-08
5.243e+02	1.149e-08
5.249e+02	1.160e-08
5.255e+02	1.156e-08
5.261e+02	1.143e-08
5.267e+02	1.123e-08
5.273e+02	1.105e-08
5.280e+02	1.095e-08
5.286e+02	1.084e-08
5.292e+02	1.079e-08
5.298e+02	1.089e-08
5.304e+02	1.098e-08
5.310e+02	1.088e-08
5.316e+02	1.051e-08
5.322e+02	1.009e-08
5.328e+02	9.683e-09
5.334e+02	9.306e-09
5.341e+02	8.903e-09
5.347e+02	8.605e-09
5.353e+02	8.393e-09
5.359e+02	8.164e-09
5.365e+02	7.963e-09
5.371e+02	7.868e-09
5.377e+02	7.779e-09
5.383e+02	7.735e-09
5.389e+02	7.741e-09
5.396e+02	7.748e-09
5.402e+02	7.630e-09
5.408e+02	7.326e-09
5.414e+02	7.069e-09
5.420e+02	6.970e-09
5.426e+02	6.952e-09
5.432e+02	6.982e-09
5.438e+02	7.029e-09
5.444e+02	7.127e-09
5.450e+02	7.285e-09
5.457e+02	7.463e-09
5.463e+02	7.608e-09
5.469e+02	7.738e-09
5.475e+02	7.823e-09
5.481e+02	7.860e-09
5.487e+02	8.900e-09
5.493e+02	1.007e-08
5.499e+02	1.291e-08
5.505e+02	1.171e-08
5.511e+02	7.259e-09
5.518e+02	5.711e-09
5.524e+02	5.560e-09
5.530e+02	5.846e-09
5.536e+02	5.785e-09
5.542e+02	5.786e-09
5.548e+02	5.653e-09
5.554e+02	5.517e-09
5.560e+02	5.488e-09
5.566e+02	5.553e-09
5.573e+02	5.711e-09
5.579e+02	5.858e-09
5.585e+02	5.969e-09
5.591e+02	6.036e-09
5.597e+02	6.058e-09
5.603e+02	6.142e-09
5.609e+02	6.291e-09
5.615e+02	6.350e-09
5.621e+02	6.353e-09
5.627e+02	6.228e-09
5.634e+02	6.085e-09
5.640e+02	6.023e-09
5.646e+02	6.029e-09
5.652e+02	6.100e-09
5.658e+02	6.209e-09
5.664e+02	6.298e-09
5.670e+02	6.508e-09
5.676e+02	6.755e-09
5.682e+02	7.138e-09
5.688e+02	7.579e-09
5.695e+02	8.044e-09
5.701e+02	8.786e-09
5.707e+02	9.566e-09
5.713e+02	9.958e-09
5.719e+02	1.028e-08
5.725e+02	1.077e-08
5.731e+02	1.165e-08
5.737e+02	1.374e-08
5.743e+02	1.602e-08
5.750e+02	1.729e-08
5.756e+02	1.734e-08
5.762e+02	1.689e-08
5.768e+02	1.691e-08
5.774e+02	1.692e-08
5.780e+02	1.651e-08
5.786e+02	1.577e-08
5.792e+02	1.375e-08
5.798e+02	1.150e-08
5.804e+02	1.021e-08
5.811e+02	9.792e-09
5.817e+02	1.218e-08
5.823e+02	2.810e-08
5.829e+02	9.969e-08
5.835e+02	1.296e-07
5.841e+02	5.187e-08
5.847e+02	1.379e-08
5.853e+02	9.547e-09
5.859e+02	9.433e-09
5.865e+02	9.073e-09
5.872e+02	8.497e-09
5.878e+02	8.292e-09
5.884e+02	8.120e-09
5.890e+02	7.899e-09
5.896e+02	7.626e-09
5.902e+02	7.368e-09
5.908e+02	7.203e-09
5.914e+02	7.031e-09
5.920e+02	6.828e-09
5.927e+02	6.704e-09
5.933e+02	6.487e-09
5.939e+02	6.189e-09
5.945e+02	5.918e-09
5.951e+02	5.666e-09
5.957e+02	5.450e-09
5.963e+02	5.202e-09
5.969e+02	5.072e-09
5.975e+02	5.045e-09
5.981e+02	5.012e-09
5.988e+02	5.921e-09
5.994e+02	1.866e-08
6.000e+02	3.939e-08
6.006e+02	2.099e-08
6.012e+02	6.964e-09
6.018e+02	5.472e-09
6.024e+02	5.496e-09
6.030e+02	6.121e-09
6.036e+02	7.809e-09
6.042e+02	8.409e-09
6.049e+02	8.710e-09
6.055e+02	8.843e-09
6.061e+02	8.869e-09
6.067e+02	8.699e-09
6.073e+02	8.376e-09
6.079e+02	7.939e-09
6.085e+02	7.321e-09
6.091e+02	6.528e-09
6.097e+02	5.718e-09
6.104e+02	5.143e-09
6.110e+02	4.757e-09
6.116e+02	4.487e-09
6.122e+02	4.348e-09
6.128e+02	4.275e-09
6.134e+02	4.129e-09
6.140e+02	4.010e-09
6.146e+02	3.906e-09
6.152e+02	3.903e-09
6.158e+02	3.958e-09
6.165e+02	4.012e-09
6.171e+02	4.092e-09
6.177e+02	4.276e-09
6.183e+02	4.511e-09
6.189e+02	4.713e-09
6.195e+02	4.806e-09
6.201e+02	4.842e-09
6.207e+02	4.846e-09
6.213e+02	4.839e-09
6.219e+02	4.813e-09
6.226e+02	4.720e-09
6.232e+02	4.521e-09
6.238e+02	4.306e-09
6.244e+02	4.130e-09
6.250e+02	4.110e-09
6.256e+02	4.164e-09
6.262e+02	4.232e-09
6.268e+02	4.267e-09
6.274e+02	4.234e-09
6.281e+02	4.251e-09
6.287e+02	4.281e-09
6.293e+02	4.218e-09
6.299e+02	4.140e-09
6.305e+02	4.052e-09
6.311e+02	3.947e-09
6.317e+02	3.835e-09
6.323e+02	3.723e-09
6.329e+02	3.652e-09
6.335e+02	3.565e-09
6.342e+02	3.518e-09
6.348e+02	3.560e-09
6.354e+02	3.632e-09
6.360e+02	3.693e-09
6.366e+02	3.738e-09
6.372e+02	3.777e-09
6.378e+02	3.843e-09
6.384e+02	3.941e-09
6.390e+02	4.017e-09
6.396e+02	4.058e-09
6.403e+02	4.102e-09
6.409e+02	4.117e-09
6.415e+02	4.147e-09
6.421e+02	4.200e-09
6.427e+02	4.254e-09
6.433e+02	4.297e-09
6.439e+02	4.225e-09
6.445e+02	4.125e-09
6.451e+02	4.041e-09
6.458e+02	3.951e-09
6.464e+02	3.888e-09
6.470e+02	3.826e-09
6.476e+02	3.761e-09
6.482e+02	3.388e-09
6.488e+02	4.236e-09
6.494e+02	7.244e-09
6.500e+02	1.227e-08
6.506e+02	1.430e-08
6.512e+02	1.641e-08
6.519e+02	1.444e-08
6.525e+02	1.007e-08
6.531e+02	7.205e-09
6.537e+02	5.532e-09
6.543e+02	4.494e-09
6.549e+02	4.504e-09
6.555e+02	4.511e-09
6.561e+02	4.511e-09
6.567e+02	4.482e-09
6.573e+02	4.455e-09
6.580e+02	4.393e-09
6.586e+02	4.288e-09
6.592e+02	4.182e-09
6.598e+02	4.092e-09
6.604e+02	4.052e-09
6.610e+02	4.007e-09
6.616e+02	3.960e-09
6.622e+02	3.938e-09
6.628e+02	3.940e-09
6.635e+02	4.005e-09
6.641e+02	4.066e-09
6.647e+02	4.022e-09
6.653e+02	3.955e-09
6.659e+02	3.929e-09
6.665e+02	3.960e-09
6.671e+02	4.008e-09
6.677e+02	4.051e-09
6.683e+02	4.005e-09
6.689e+02	3.907e-09
6.696e+02	3.957e-09
6.702e+02	4.185e-09
6.708e+02	4.307e-09
6.714e+02	4.329e-09
6.720e+02	4.313e-09
6.726e+02	4.315e-09
6.732e+02	4.294e-09
6.738e+02	4.308e-09
6.744e+02	4.342e-09
6.750e+02	4.284e-09
6.757e+02	4.255e-09
6.763e+02	4.354e-09
6.769e+02	4.437e-09
6.775e+02	4.554e-09
6.781e+02	4.682e-09
6.787e+02	4.862e-09
6.793e+02	5.094e-09
6.799e+02	5.332e-09
6.805e+02	5.620e-09
6.812e+02	6.108e-09
6.818e+02	7.696e-09
6.824e+02	9.172e-09
6.830e+02	1.041e-08
6.836e+02	1.141e-08
6.842e+02	1.220e-08
6.848e+02	3.562e-08
6.854e+02	4.677e-08
6.860e+02	4.909e-08
6.866e+02	3.454e-08
6.873e+02	2.027e-08
6.879e+02	1.210e-08
6.885e+02	7.120e-09
6.891e+02	5.457e-09
6.897e+02	6.354e-09
6.903e+02	5.781e-09
6.909e+02	5.503e-09
6.915e+02	5.188e-09
6.921e+02	4.937e-09
6.927e+02	4.958e-09
6.934e+02	5.156e-09
6.940e+02	5.292e-09
6.946e+02	5.431e-09
6.952e+02	6.227e-09
6.958e+02	7.678e-09
6.964e+02	8.272e-09
6.970e+02	8.618e-09
6.976e+02	9.188e-09
6.982e+02	9.403e-09
6.989e+02	9.328e-09
6.995e+02	9.341e-09
7.001e+02	9.525e-09
7.007e+02	8.927e-09
7.013e+02	7.419e-09
7.019e+02	6.745e-09
7.025e+02	6.471e-09
7.031e+02	6.025e-09
7.037e+02	5.860e-09
7.043e+02	5.815e-09
7.050e+02	5.734e-09
7.056e+02	5.408e-09
7.062e+02	5.108e-09
7.068e+02	4.929e-09
7.074e+02	4.691e-09
7.080e+02	4.505e-09
7.086e+02	4.393e-09
7.092e+02	4.261e-09
7.098e+02	4.127e-09
7.104e+02	3.980e-09
7.111e+02	3.875e-09
7.117e+02	3.864e-09
7.123e+02	3.832e-09
7.129e+02	3.737e-09
7.135e+02	3.664e-09
7.141e+02	3.585e-09
7.147e+02	3.508e-09
7.153e+02	3.420e-09
7.159e+02	3.362e-09
7.166e+02	3.341e-09
7.172e+02	3.277e-09
7.178e+02	3.239e-09
7.184e+02	3.240e-09
7.190e+02	3.192e-09
7.196e+02	3.151e-09
7.202e+02	3.133e-09
7.208e+02	3.204e-09
7.214e+02	3.284e-09
7.220e+02	3.275e-09
7.227e+02	3.282e-09
7.233e+02	3.335e-09
7.239e+02	3.412e-09
7.245e+02	3.495e-09
7.251e+02	3.550e-09
7.257e+02	3.571e-09
7.263e+02	3.559e-09
7.269e+02	3.547e-09
7.275e+02	3.585e-09
7.281e+02	3.609e-09
7.288e+02	3.583e-09
7.294e+02	3.577e-09
7.300e+02	3.683e-09
7.306e+02	3.778e-09
7.312e+02	3.810e-09
7.318e+02	3.824e-09
7.324e+02	3.855e-09
7.330e+02	3.887e-09
7.336e+02	3.881e-09
7.343e+02	3.837e-09
7.349e+02	3.766e-09
7.355e+02	3.605e-09
7.361e+02	3.431e-09
7.367e+02	3.357e-09
7.373e+02	3.292e-09
7.379e+02	3.175e-09
7.385e+02	3.082e-09
7.391e+02	3.027e-09
7.397e+02	2.961e-09
7.404e+02	2.871e-09
7.410e+02	2.800e-09
7.416e+02	2.793e-09
7.422e+02	2.771e-09
7.428e+02	2.771e-09
7.434e+02	2.789e-09
7.440e+02	2.777e-09
7.446e+02	2.786e-09
7.452e+02	2.843e-09
7.458e+02	2.909e-09
7.465e+02	2.971e-09
7.471e+02	3.056e-09
7.477e+02	3.174e-09
7.483e+02	3.256e-09
7.489e+02	3.324e-09
7.495e+02	3.407e-09
7.501e+02	3.436e-09
7.507e+02	3.426e-09
7.513e+02	3.424e-09
7.520e+02	3.391e-09
7.526e+02	3.284e-09
7.532e+02	3.136e-09
7.538e+02	3.022e-09
7.544e+02	2.972e-09
7.550e+02	2.933e-09
7.556e+02	2.924e-09
7.562e+02	2.904e-09
7.568e+02	2.886e-09
7.574e+02	3.022e-09
7.581e+02	3.184e-09
7.587e+02	3.257e-09
7.593e+02	3.287e-09
7.599e+02	3.278e-09
7.605e+02	3.268e-09
7.611e+02	3.261e-09
7.617e+02	3.286e-09
7.623e+02	3.307e-09
7.629e+02	3.205e-09
7.635e+02	3.098e-09
7.642e+02	3.042e-09
7.648e+02	3.018e-09
7.654e+02	3.059e-09
7.660e+02	3.110e-09
7.666e+02	3.118e-09
7.672e+02	3.114e-09
7.678e+02	3.116e-09
7.684e+02	3.152e-09
7.690e+02	3.183e-09
7.697e+02	3.233e-09
7.703e+02	3.296e-09
7.709e+02	3.333e-09
7.715e+02	3.363e-09
7.721e+02	3.389e-09
7.727e+02	3.400e-09
7.733e+02	3.387e-09
7.739e+02	3.373e-09
7.745e+02	3.415e-09
7.751e+02	3.412e-09
7.758e+02	3.349e-09
7.764e+02	3.267e-09
7.770e+02	3.209e-09
7.776e+02	3.151e-09
7.782e+02	3.081e-09
7.788e+02	3.022e-09
7.794e+02	2.936e-09
7.800e+02	2.805e-09
7.806e+02	2.751e-09
7.812e+02	2.768e-09
7.819e+02	2.773e-09
7.825e+02	2.732e-09
7.831e+02	2.731e-09
7.837e+02	2.751e-09
7.843e+02	2.768e-09
7.849e+02	2.789e-09
7.855e+02	2.817e-09
7.861e+02	2.828e-09
7.867e+02	2.813e-09
7.874e+02	2.800e-09
7.880e+02	2.816e-09
7.886e+02	2.833e-09
7.892e+02	2.855e-09
7.898e+02	3.090e-09
7.904e+02	3.199e-09
7.910e+02	3.285e-09
7.916e+02	4.893e-09
7.922e+02	9.799e-09
7.928e+02	1.053e-08
7.935e+02	5.638e-09
7.941e+02	3.712e-09
7.947e+02	3.361e-09
7.953e+02	3.407e-09
7.959e+02	3.413e-09
7.965e+02	2.996e-09
7.971e+02	2.822e-09
7.977e+02	3.156e-09
7.983e+02	3.238e-09
7.990e+02	3.531e-09
7.996e+02	3.897e-09
8.002e+02	3.957e-09
8.008e+02	3.935e-09
8.014e+02	3.936e-09
8.020e+02	4.047e-09
8.026e+02	4.085e-09
8.032e+02	4.028e-09
8.038e+02	3.949e-09
8.044e+02	3.691e-09
8.051e+02	3.324e-09
8.057e+02	3.252e-09
8.063e+02	3.239e-09
8.069e+02	3.198e-09
8.075e+02	3.066e-09
8.081e+02	2.953e-09
8.087e+02	2.897e-09
8.093e+02	2.863e-09
8.099e+02	2.792e-09
8.105e+02	2.730e-09
8.112e+02	2.680e-09
8.118e+02	2.680e-09
8.124e+02	2.663e-09
8.130e+02	2.646e-09
8.136e+02	2.685e-09
8.142e+02	2.731e-09
8.148e+02	2.775e-09
8.154e+02	2.831e-09
8.160e+02	2.880e-09
8.167e+02	2.880e-09
8.173e+02	2.842e-09
8.179e+02	2.805e-09
8.185e+02	2.773e-09
8.191e+02	2.738e-09
8.197e+02	2.697e-09
8.203e+02	2.623e-09
8.209e+02	2.574e-09
8.215e+02	2.595e-09
8.221e+02	2.634e-09
8.228e+02	2.649e-09
8.234e+02	2.674e-09
8.240e+02	2.757e-09
8.246e+02	3.391e-09
8.252e+02	4.122e-09
8.258e+02	4.271e-09
8.264e+02	4.311e-09
8.270e+02	4.304e-09
8.276e+02	4.333e-09
8.282e+02	4.372e-09
8.289e+02	4.383e-09
8.295e+02	4.368e-09
8.301e+02	3.799e-09
8.307e+02	3.108e-09
8.313e+02	3.002e-09
8.319e+02	2.971e-09
8.325e+02	2.960e-09
8.331e+02	2.933e-09
8.337e+02	2.936e-09
8.344e+02	2.962e-09
8.350e+02	2.917e-09
8.356e+02	2.857e-09
8.362e+02	2.821e-09
8.368e+02	2.796e-09
8.374e+02	2.768e-09
8.380e+02	2.719e-09
8.386e+02	2.713e-09
8.392e+02	2.781e-09
8.398e+02	2.875e-09
8.405e+02	2.918e-09
8.411e+02	2.893e-09
8.417e+02	2.872e-09
8.423e+02	2.903e-09
8.429e+02	2.954e-09
8.435e+02	2.999e-09
8.441e+02	3.020e-09
8.447e+02	2.983e-09
8.453e+02	2.897e-09
8.459e+02	2.840e-09
8.466e+02	2.880e-09
8.472e+02	2.962e-09
8.478e+02	3.048e-09
8.484e+02	3.076e-09
8.490e+02	3.069e-09
8.496e+02	3.032e-09
8.502e+02	2.997e-09
8.508e+02	2.964e-09
8.514e+02	2.965e-09
8.521e+02	2.937e-09
8.527e+02	2.903e-09
8.533e+02	2.855e-09
8.539e+02	2.886e-09
8.545e+02	2.954e-09
8.551e+02	3.021e-09
8.557e+02	3.072e-09
8.563e+02	3.139e-09
8.569e+02	3.211e-09
8.575e+02	3.280e-09
8.582e+02	3.266e-09
8.588e+02	3.195e-09
8.594e+02	3.088e-09
8.600e+02	2.982e-09
8.606e+02	2.889e-09
8.612e+02	2.808e-09
8.618e+02	2.759e-09
8.624e+02	2.707e-09
8.630e+02	2.654e-09
8.636e+02	2.666e-09
8.643e+02	2.703e-09
8.649e+02	2.713e-09
8.655e+02	2.741e-09
8.661e+02	2.801e-09
8.667e+02	2.866e-09
8.673e+02	2.871e-09
8.679e+02	2.903e-09
8.685e+02	2.962e-09
8.691e+02	2.969e-09
8.698e+02	2.939e-09
8.704e+02	2.931e-09
8.710e+02	2.910e-09
8.716e+02	2.868e-09
8.722e+02	2.815e-09
8.728e+02	2.735e-09
8.734e+02	2.634e-09
8.740e+02	2.550e-09
8.746e+02	2.506e-09
8.752e+02	2.486e-09
8.759e+02	2.476e-09
8.765e+02	2.472e-09
8.771e+02	2.453e-09
8.777e+02	2.425e-09
8.783e+02	2.476e-09
8.789e+02	2.558e-09
8.795e+02	2.605e-09
8.801e+02	2.608e-09
8.807e+02	2.607e-09
8.813e+02	2.636e-09
8.820e+02	2.654e-09
8.826e+02	2.657e-09
8.832e+02	2.662e-09
8.838e+02	2.652e-09
8.844e+02	2.587e-09
8.850e+02	2.532e-09
8.856e+02	2.526e-09
8.862e+02	2.513e-09
8.868e+02	2.475e-09
8.875e+02	2.461e-09
8.881e+02	2.501e-09
8.887e+02	2.716e-09
8.893e+02	2.881e-09
8.899e+02	2.952e-09
8.905e+02	2.986e-09
8.911e+02	3.037e-09
8.917e+02	3.080e-09
8.923e+02	3.120e-09
8.929e+02	3.182e-09
8.936e+02	3.221e-09
8.942e+02	3.079e-09
8.948e+02	2.963e-09
8.954e+02	2.964e-09
8.960e+02	3.001e-09
8.966e+02	3.022e-09
8.972e+02	3.089e-09
8.978e+02	3.922e-09
8.984e+02	5.901e-09
8.990e+02	6.535e-09
8.997e+02	6.498e-09
9.003e+02	6.439e-09
9.009e+02	6.398e-09
9.015e+02	6.401e-09
9.021e+02	6.387e-09
9.027e+02	6.326e-09
9.033e+02	5.507e-09
9.039e+02	3.551e-09
9.045e+02	2.918e-09
9.052e+02	2.949e-09
9.058e+02	2.978e-09
9.064e+02	2.985e-09
9.070e+02	2.951e-09
9.076e+02	2.955e-09
9.082e+02	2.991e-09
9.088e+02	2.992e-09
9.094e+02	2.955e-09
9.100e+02	2.935e-09
9.106e+02	2.955e-09
9.113e+02	2.985e-09
9.119e+02	2.985e-09
9.125e+02	3.004e-09
9.131e+02	3.056e-09
9.137e+02	3.073e-09
9.143e+02	3.098e-09
9.149e+02	3.119e-09
9.155e+02	3.107e-09
9.161e+02	3.053e-09
9.167e+02	3.008e-09
9.174e+02	3.002e-09
9.180e+02	3.004e-09
9.186e+02	2.967e-09
9.192e+02	2.973e-09
9.198e+02	2.979e-09
9.204e+02	3.011e-09
9.210e+02	3.097e-09
9.216e+02	3.152e-09
9.222e+02	3.201e-09
9.229e+02	3.258e-09
9.235e+02	3.292e-09
9.241e+02	3.271e-09
9.247e+02	3.271e-09
9.253e+02	3.321e-09
9.259e+02	3.354e-09
9.265e+02	3.355e-09
9.271e+02	3.376e-09
9.277e+02	3.416e-09
9.283e+02	3.439e-09
9.290e+02	3.454e-09
9.296e+02	3.498e-09
9.302e+02	3.433e-09
9.308e+02	3.318e-09
9.314e+02	3.257e-09
9.320e+02	3.250e-09
9.326e+02	3.242e-09
9.332e+02	3.219e-09
9.338e+02	3.273e-09
9.344e+02	3.356e-09
9.351e+02	3.467e-09
9.357e+02	3.641e-09
9.363e+02	3.809e-09
9.369e+02	3.930e-09
9.375e+02	3.990e-09
9.381e+02	4.131e-09
9.387e+02	4.382e-09
9.393e+02	4.471e-09
9.399e+02	4.478e-09
9.406e+02	4.458e-09
9.412e+02	4.407e-09
9.418e+02	4.420e-09
9.424e+02	4.394e-09
9.430e+02	4.397e-09
9.436e+02	4.338e-09
9.442e+02	4.143e-09
9.448e+02	4.060e-09
9.454e+02	4.047e-09
9.460e+02	4.078e-09
9.467e+02	4.203e-09
9.473e+02	4.404e-09
9.479e+02	4.691e-09
9.485e+02	4.800e-09
9.491e+02	4.844e-09
9.497e+02	4.908e-09
9.503e+02	4.946e-09
9.509e+02	4.978e-09
9.515e+02	4.971e-09
9.521e+02	4.872e-09
9.528e+02	4.659e-09
9.534e+02	4.369e-09
9.540e+02	4.216e-09
9.546e+02	4.090e-09
9.552e+02	3.997e-09
9.558e+02	3.923e-09
9.564e+02	3.842e-09
9.570e+02	3.772e-09
9.576e+02	3.767e-09
9.583e+02	3.772e-09
9.589e+02	3.779e-09
9.595e+02	3.796e-09
9.601e+02	3.875e-09
9.607e+02	3.907e-09
9.613e+02	3.934e-09
9.619e+02	3.994e-09
9.625e+02	4.050e-09
9.631e+02	4.299e-09
9.637e+02	4.770e-09
9.644e+02	5.021e-09
9.650e+02	5.093e-09
9.656e+02	5.103e-09
9.662e+02	5.122e-09
9.668e+02	5.085e-09
9.674e+02	5.018e-09
9.680e+02	4.955e-09
9.686e+02	4.645e-09
9.692e+02	4.121e-09
9.698e+02	3.906e-09
9.705e+02	4.089e-09
9.711e+02	4.553e-09
9.717e+02	4.992e-09
9.723e+02	5.424e-09
9.729e+02	5.795e-09
9.735e+02	6.103e-09
9.741e+02	9.581e-09
9.747e+02	4.412e-08
9.753e+02	6.584e-08
9.760e+02	1.598e-08
9.766e+02	3.779e-09
9.772e+02	3.496e-09
9.778e+02	3.522e-09
9.784e+02	3.825e-09
9.790e+02	4.693e-09
9.796e+02	4.461e-09
9.802e+02	4.286e-09
9.808e+02	4.198e-09
9.814e+02	4.215e-09
9.821e+02	4.292e-09
9.827e+02	4.336e-09
9.833e+02	4.290e-09
9.839e+02	4.282e-09
9.845e+02	4.315e-09
9.851e+02	4.456e-09
9.857e+02	6.649e-09
9.863e+02	1.054e-08
9.869e+02	1.180e-08
9.875e+02	1.278e-08
9.882e+02	1.441e-08
9.888e+02	8.303e-09
9.949e+02	9.457e-09
1.001e+03	9.806e-09
1.007e+03	9.441e-09
1.013e+03	9.295e-09
1.019e+03	8.722e-09
1.025e+03	8.404e-09
1.031e+03	8.254e-09
1.038e+03	8.439e-09
1.044e+03	8.200e-09
1.050e+03	7.235e-09
1.056e+03	6.491e-09
1.062e+03	6.092e-09
1.068e+03	5.834e-09
1.074e+03	5.678e-09
1.080e+03	5.562e-09
1.086e+03	5.407e-09
1.093e+03	5.046e-09
1.099e+03	4.569e-09
1.105e+03	4.238e-09
1.111e+03	4.042e-09
1.117e+03	3.945e-09
1.123e+03	3.874e-09
1.129e+03	3.740e-09
1.135e+03	3.555e-09
1.141e+03	3.389e-09
1.147e+03	3.263e-09
1.154e+03	3.139e-09
1.160e+03	3.019e-09
1.166e+03	2.910e-09
1.172e+03	2.798e-09
1.178e+03	2.670e-09
1.184e+03	2.541e-09
1.190e+03	2.404e-09
1.196e+03	2.256e-09
1.202e+03	2.123e-09
1.208e+03	2.043e-09
1.215e+03	1.987e-09
1.221e+03	1.987e-09
1.227e+03	2.710e-09
1.233e+03	3.829e-09
1.239e+03	4.019e-09
1.245e+03	4.010e-09
1.251e+03	4.119e-09
1.257e+03	4.242e-09
1.263e+03	4.246e-09
1.270e+03	4.233e-09
1.276e+03	4.177e-09
1.282e+03	3.381e-09
1.288e+03	2.191e-09
1.294e+03	1.965e-09
1.300e+03	1.943e-09
1.306e+03	1.789e-09
1.312e+03	1.627e-09
1.318e+03	1.599e-09
1.324e+03	1.587e-09
1.331e+03	1.561e-09
1.337e+03	1.549e-09
1.343e+03	1.554e-09
1.349e+03	1.556e-09
1.355e+03	1.544e-09
1.361e+03	1.521e-09
1.367e+03	1.508e-09
1.373e+03	1.509e-09
1.379e+03	1.501e-09
1.385e+03	1.497e-09
1.392e+03	1.488e-09
1.398e+03	1.481e-09
1.404e+03	1.472e-09
1.410e+03	1.464e-09
1.416e+03	1.464e-09
1.422e+03	1.449e-09
1.428e+03	1.423e-09
1.434e+03	1.407e-09
1.440e+03	1.403e-09
1.447e+03	1.406e-09
1.453e+03	1.401e-09
1.459e+03	1.389e-09
1.465e+03	1.381e-09
1.471e+03	1.385e-09
1.477e+03	1.402e-09
1.483e+03	1.405e-09
1.489e+03	1.407e-09
1.495e+03	1.411e-09
1.501e+03	1.398e-09
1.508e+03	1.384e-09
1.514e+03	1.383e-09
1.520e+03	1.388e-09
1.526e+03	1.380e-09
1.532e+03	1.360e-09
1.538e+03	1.355e-09
1.544e+03	1.347e-09
1.550e+03	1.332e-09
1.556e+03	1.327e-09
1.562e+03	1.321e-09
1.569e+03	1.321e-09
1.575e+03	1.324e-09
1.581e+03	1.321e-09
1.587e+03	1.320e-09
1.593e+03	1.313e-09
1.599e+03	1.307e-09
1.605e+03	1.311e-09
1.611e+03	1.322e-09
1.617e+03	1.330e-09
1.624e+03	1.323e-09
1.630e+03	1.308e-09
1.636e+03	1.304e-09
1.642e+03	1.301e-09
1.648e+03	1.299e-09
1.654e+03	1.296e-09
1.660e+03	1.282e-09
1.666e+03	1.265e-09
1.672e+03	1.263e-09
1.678e+03	1.269e-09
1.685e+03	1.287e-09
1.691e+03	1.292e-09
1.697e+03	1.286e-09
1.703e+03	1.281e-09
1.709e+03	1.279e-09
1.715e+03	1.284e-09
1.721e+03	1.277e-09
1.727e+03	1.260e-09
1.733e+03	1.251e-09
1.740e+03	1.228e-09
1.746e+03	1.223e-09
1.752e+03	1.238e-09
1.758e+03	1.249e-09
1.764e+03	1.252e-09
1.770e+03	1.246e-09
1.776e+03	1.244e-09
1.782e+03	1.245e-09
1.788e+03	1.249e-09
1.794e+03	1.258e-09
1.801e+03	1.252e-09
1.807e+03	1.228e-09
1.813e+03	1.213e-09
1.819e+03	1.214e-09
1.825e+03	1.223e-09
1.831e+03	1.229e-09
1.837e+03	1.232e-09
1.843e+03	1.231e-09
1.849e+03	1.239e-09
1.855e+03	1.264e-09
1.862e+03	1.289e-09
1.868e+03	1.299e-09
1.874e+03	1.292e-09
1.880e+03	1.280e-09
1.886e+03	1.271e-09
1.892e+03	1.260e-09
1.898e+03	1.257e-09
1.904e+03	1.248e-09
1.910e+03	1.222e-09
1.917e+03	1.198e-09
1.923e+03	1.184e-09
1.929e+03	1.181e-09
1.935e+03	1.176e-09
1.941e+03	1.174e-09
1.947e+03	1.179e-09
1.953e+03	1.172e-09
1.959e+03	1.160e-09
1.965e+03	1.153e-09
1.971e+03	1.156e-09
1.978e+03	1.160e-09
1.984e+03	1.155e-09
1.990e+03	1.163e-09
1.996e+03	1.182e-09
2.002e+03	1.199e-09
2.008e+03	1.212e-09
2.014e+03	1.212e-09
2.020e+03	1.229e-09
2.026e+03	1.425e-09
2.032e+03	1.857e-09
2.039e+03	2.084e-09
2.045e+03	2.110e-09
2.051e+03	2.095e-09
2.057e+03	2.070e-09
2.063e+03	2.043e-09
2.069e+03	2.030e-09
2.075e+03	2.006e-09
2.081e+03	1.795e-09
2.087e+03	1.348e-09
2.094e+03	1.122e-09
2.100e+03	1.097e-09
2.106e+03	1.092e-09
2.112e+03	1.086e-09
2.118e+03	1.091e-09
2.124e+03	1.101e-09
2.130e+03	1.104e-09
2.136e+03	1.106e-09
2.142e+03	1.124e-09
2.148e+03	1.132e-09
2.155e+03	1.123e-09
2.161e+03	1.122e-09
2.167e+03	1.124e-09
2.173e+03	1.120e-09
2.179e+03	1.107e-09
2.185e+03	1.096e-09
2.191e+03	1.099e-09
2.197e+03	1.096e-09
2.203e+03	1.078e-09
2.209e+03	1.068e-09
2.216e+03	1.057e-09
2.222e+03	1.051e-09
2.228e+03	1.054e-09
2.234e+03	1.055e-09
2.240e+03	1.066e-09
2.246e+03	1.095e-09
2.252e+03	1.095e-09
2.258e+03	1.090e-09
2.264e+03	1.089e-09
2.271e+03	1.092e-09
2.277e+03	1.088e-09
2.283e+03	1.079e-09
2.289e+03	1.094e-09
2.295e+03	1.134e-09
2.301e+03	1.125e-09
2.307e+03	1.111e-09
2.313e+03	1.108e-09
2.319e+03	1.109e-09
2.325e+03	1.103e-09
2.332e+03	1.100e-09
2.338e+03	1.109e-09
2.344e+03	1.127e-09
2.350e+03	1.097e-09
2.356e+03	1.071e-09
2.362e+03	1.067e-09
2.368e+03	1.069e-09
2.374e+03	1.074e-09
2.380e+03	1.078e-09
2.386e+03	1.081e-09
2.393e+03	1.092e-09
2.399e+03	1.075e-09
2.405e+03	1.056e-09
2.411e+03	1.052e-09
2.417e+03	1.048e-09
2.423e+03	1.048e-09
2.429e+03	1.045e-09
2.435e+03	1.043e-09
2.441e+03	1.046e-09
2.448e+03	1.031e-09
2.454e+03	1.015e-09
2.460e+03	1.008e-09
2.466e+03	1.005e-09
2.472e+03	1.005e-09
2.478e+03	1.006e-09
2.484e+03	1.002e-09
2.490e+03	9.996e-10
2.496e+03	9.984e-10
2.502e+03	9.977e-10
2.509e+03	9.973e-10
2.515e+03	1.001e-09
2.521e+03	1.008e-09
2.527e+03	1.034e-09
2.533e+03	1.084e-09
2.539e+03	1.101e-09
2.545e+03	1.109e-09
2.551e+03	1.119e-09
2.557e+03	1.120e-09
2.563e+03	1.119e-09
2.570e+03	1.112e-09
2.576e+03	1.099e-09
2.582e+03	1.075e-09
2.588e+03	1.033e-09
2.594e+03	1.033e-09
2.600e+03	1.038e-09
2.606e+03	1.037e-09
2.612e+03	1.040e-09
2.618e+03	1.039e-09
2.625e+03	1.035e-09
2.631e+03	1.035e-09
2.637e+03	1.034e-09
2.643e+03	1.042e-09
2.649e+03	1.045e-09
2.655e+03	1.041e-09
2.661e+03	1.029e-09
2.667e+03	1.019e-09
2.673e+03	1.020e-09
2.679e+03	1.031e-09
2.686e+03	1.037e-09
2.692e+03	1.041e-09
2.698e+03	1.040e-09
2.704e+03	1.034e-09
2.710e+03	1.023e-09
2.716e+03	1.019e-09
2.722e+03	1.013e-09
2.728e+03	1.006e-09
2.734e+03	9.949e-10
2.740e+03	9.917e-10
2.747e+03	9.945e-10
2.753e+03	9.952e-10
2.759e+03	9.927e-10
2.765e+03	9.982e-10
2.771e+03	1.002e-09
2.777e+03	1.001e-09
2.783e+03	9.975e-10
2.789e+03	1.001e-09
2.795e+03	1.009e-09
2.802e+03	1.011e-09
2.808e+03	9.887e-10
2.814e+03	9.697e-10
2.820e+03	9.530e-10
2.826e+03	9.494e-10
2.832e+03	9.548e-10
2.838e+03	9.577e-10
2.844e+03	9.586e-10
2.850e+03	9.563e-10
2.856e+03	9.434e-10
2.863e+03	9.428e-10
2.869e+03	9.492e-10
2.875e+03	9.628e-10
2.881e+03	9.624e-10
2.887e+03	9.598e-10
2.893e+03	9.608e-10
2.899e+03	9.561e-10
2.905e+03	9.503e-10
2.911e+03	9.467e-10
2.917e+03	9.439e-10
2.924e+03	9.382e-10
2.930e+03	9.337e-10
2.936e+03	9.355e-10
2.942e+03	9.384e-10
2.948e+03	9.409e-10
2.954e+03	9.456e-10
2.960e+03	9.447e-10
2.966e+03	9.430e-10
2.972e+03	9.444e-10
2.979e+03	9.454e-10
2.985e+03	9.410e-10
2.991e+03	9.396e-10
2.997e+03	9.417e-10
3.003e+03	9.442e-10
3.009e+03	9.420e-10
3.015e+03	9.374e-10
3.021e+03	9.360e-10
3.027e+03	9.351e-10
3.033e+03	9.338e-10
3.040e+03	9.371e-10
3.046e+03	9.394e-10
3.052e+03	9.363e-10
3.058e+03	9.294e-10
3.064e+03	9.316e-10
3.070e+03	9.405e-10
3.076e+03	9.482e-10
3.082e+03	9.536e-10
3.088e+03	9.600e-10
3.094e+03	9.672e-10
3.101e+03	9.775e-10
3.107e+03	9.811e-10
3.113e+03	9.866e-10
3.119e+03	9.856e-10
3.125e+03	9.847e-10
3.131e+03	9.864e-10
3.137e+03	9.838e-10
3.143e+03	9.837e-10
3.149e+03	9.808e-10
3.156e+03	9.746e-10
3.162e+03	9.734e-10
3.168e+03	9.641e-10
3.174e+03	9.516e-10
3.180e+03	9.351e-10
3.186e+03	9.164e-10
3.192e+03	9.030e-10
3.198e+03	8.839e-10
3.204e+03	8.626e-10
3.210e+03	8.395e-10
3.217e+03	8.169e-10
3.223e+03	7.990e-10
3.229e+03	7.891e-10
3.235e+03	7.872e-10
3.241e+03	7.871e-10
3.247e+03	7.758e-10
3.253e+03	7.634e-10
3.259e+03	7.527e-10
3.265e+03	7.459e-10
3.271e+03	7.440e-10
3.278e+03	7.472e-10
3.284e+03	7.465e-10
3.290e+03	7.355e-10
3.296e+03	7.200e-10
3.302e+03	7.134e-10
3.308e+03	7.134e-10
3.314e+03	7.175e-10
3.320e+03	7.178e-10
3.326e+03	7.152e-10
3.333e+03	7.124e-10
3.339e+03	7.103e-10
3.345e+03	7.118e-10
3.351e+03	7.174e-10
3.357e+03	7.236e-10
3.363e+03	7.232e-10
3.369e+03	7.206e-10
3.375e+03	7.248e-10
3.381e+03	7.305e-10
3.387e+03	7.365e-10
3.394e+03	7.598e-10
3.400e+03	8.368e-10
3.406e+03	9.339e-10
3.412e+03	9.816e-10
3.418e+03	9.950e-10
3.424e+03	9.997e-10
3.430e+03	1.003e-09
3.436e+03	1.003e-09
3.442e+03	9.999e-10
3.448e+03	9.832e-10
3.455e+03	9.157e-10
3.461e+03	8.276e-10
3.467e+03	7.827e-10
3.473e+03	7.730e-10
3.479e+03	7.731e-10
3.485e+03	7.720e-10
3.491e+03	7.733e-10
3.497e+03	7.788e-10
3.503e+03	7.822e-10
3.510e+03	7.810e-10
3.516e+03	7.758e-10
3.522e+03	7.759e-10
3.528e+03	7.809e-10
3.534e+03	7.837e-10
3.540e+03	7.845e-10
3.546e+03	7.870e-10
3.552e+03	7.871e-10
3.558e+03	7.834e-10
3.564e+03	7.844e-10
3.571e+03	7.937e-10
3.577e+03	8.021e-10
3.583e+03	7.994e-10
3.589e+03	7.979e-10
3.595e+03	7.957e-10
3.601e+03	7.868e-10
3.607e+03	7.800e-10
3.613e+03	7.790e-10
3.619e+03	7.805e-10
3.625e+03	7.768e-10
3.632e+03	7.721e-10
3.638e+03	7.762e-10
3.644e+03	7.777e-10
3.650e+03	7.783e-10
3.656e+03	7.853e-10
3.662e+03	7.938e-10
3.668e+03	7.967e-10
3.674e+03	7.935e-10
3.680e+03	7.929e-10
3.687e+03	7.903e-10
3.693e+03	7.897e-10
3.699e+03	7.896e-10
3.705e+03	7.844e-10
3.711e+03	7.805e-10
3.717e+03	7.768e-10
3.723e+03	7.790e-10
3.729e+03	7.841e-10
3.735e+03	7.862e-10
3.741e+03	7.897e-10
3.748e+03	7.921e-10
3.754e+03	7.908e-10
3.760e+03	7.932e-10
3.766e+03	7.977e-10
3.772e+03	7.987e-10
3.778e+03	7.943e-10
3.784e+03	7.896e-10
3.790e+03	7.866e-10
3.796e+03	7.864e-10
3.802e+03	7.864e-10
3.809e+03	8.066e-10
3.815e+03	8.274e-10
3.821e+03	8.269e-10
3.827e+03	8.282e-10
3.833e+03	8.310e-10
3.839e+03	8.300e-10
3.845e+03	8.278e-10
3.851e+03	8.226e-10
3.857e+03	8.165e-10
3.864e+03	7.970e-10
3.870e+03	7.809e-10
3.876e+03	7.802e-10
3.882e+03	7.795e-10
3.888e+03	7.832e-10
3.894e+03	7.883e-10
3.900e+03	7.981e-10
3.906e+03	8.101e-10
3.912e+03	8.143e-10
3.918e+03	8.190e-10
3.925e+03	8.204e-10
3.931e+03	8.186e-10
3.937e+03	8.167e-10
3.943e+03	8.087e-10
3.949e+03	8.011e-10
3.955e+03	7.930e-10
3.961e+03	7.831e-10
3.967e+03	7.823e-10
3.973e+03	7.792e-10
3.979e+03	7.773e-10
3.986e+03	7.798e-10
3.992e+03	7.795e-10
3.998e+03	7.794e-10
4.004e+03	7.782e-10
4.010e+03	7.782e-10
4.016e+03	7.842e-10
4.022e+03	7.934e-10
4.028e+03	8.029e-10
4.034e+03	8.131e-10
4.041e+03	8.199e-10
4.047e+03	8.261e-10
4.053e+03	8.293e-10
4.059e+03	8.298e-10
4.065e+03	8.267e-10
4.071e+03	8.224e-10
4.077e+03	8.134e-10
4.083e+03	8.044e-10
4.089e+03	7.955e-10
4.095e+03	7.956e-10
4.102e+03	7.973e-10
4.108e+03	7.992e-10
4.114e+03	8.045e-10
4.120e+03	8.075e-10
4.126e+03	8.071e-10
4.132e+03	8.114e-10
4.138e+03	8.170e-10
4.144e+03	8.211e-10
4.150e+03	8.173e-10
4.156e+03	8.122e-10
4.163e+03	8.138e-10
4.169e+03	8.200e-10
4.175e+03	8.303e-10
4.181e+03	8.357e-10
4.187e+03	8.336e-10
4.193e+03	8.336e-10
4.199e+03	8.344e-10
4.205e+03	8.326e-10
4.211e+03	8.311e-10
4.218e+03	8.298e-10
4.224e+03	8.277e-10
4.230e+03	8.259e-10
4.236e+03	8.281e-10
4.242e+03	8.289e-10
4.248e+03	8.289e-10
4.254e+03	8.309e-10
4.260e+03	8.380e-10
4.266e+03	8.437e-10
4.272e+03	8.479e-10
4.279e+03	8.482e-10
4.285e+03	8.440e-10
4.291e+03	8.413e-10
4.297e+03	8.442e-10
4.303e+03	8.487e-10
4.309e+03	8.519e-10
4.315e+03	8.520e-10
4.321e+03	8.518e-10
4.327e+03	8.532e-10
4.333e+03	8.563e-10
4.340e+03	8.572e-10
4.346e+03	8.599e-10
4.352e+03	8.614e-10
4.358e+03	8.567e-10
4.364e+03	8.534e-10
4.370e+03	8.542e-10
4.376e+03	8.539e-10
4.382e+03	8.506e-10
4.388e+03	8.479e-10
4.395e+03	8.525e-10
4.401e+03	8.582e-10
4.407e+03	8.604e-10
4.413e+03	8.606e-10
4.419e+03	8.630e-10
4.425e+03	8.628e-10
4.431e+03	8.698e-10
4.437e+03	8.795e-10
4.443e+03	8.821e-10
4.449e+03	8.762e-10
4.456e+03	8.680e-10
4.462e+03	8.662e-10
4.468e+03	8.705e-10
4.474e+03	8.775e-10
4.480e+03	8.838e-10
4.486e+03	8.818e-10
4.492e+03	8.770e-10
4.498e+03	8.726e-10
4.504e+03	8.712e-10
4.510e+03	8.749e-10
4.517e+03	8.754e-10
4.523e+03	8.748e-10
4.529e+03	8.653e-10
4.535e+03	8.565e-10
4.541e+03	8.577e-10
4.547e+03	8.567e-10
4.553e+03	8.601e-10
4.559e+03	8.645e-10
4.565e+03	8.592e-10
4.572e+03	8.553e-10
4.578e+03	8.477e-10
4.584e+03	8.416e-10
4.590e+03	8.333e-10
4.596e+03	8.195e-10
4.602e+03	8.146e-10
4.608e+03	8.123e-10
4.614e+03	8.111e-10
4.620e+03	8.110e-10
4.626e+03	8.018e-10
4.633e+03	8.001e-10
4.639e+03	8.167e-10
4.645e+03	8.274e-10
4.651e+03	8.282e-10
4.657e+03	8.207e-10
4.663e+03	8.132e-10
4.669e+03	8.081e-10
4.675e+03	8.083e-10
4.681e+03	8.134e-10
4.688e+03	8.112e-10
4.694e+03	7.925e-10
4.700e+03	7.818e-10
4.706e+03	7.815e-10
4.712e+03	7.861e-10
4.718e+03	7.849e-10
4.724e+03	7.814e-10
4.730e+03	7.814e-10
4.736e+03	7.863e-10
4.742e+03	7.879e-10
4.749e+03	7.876e-10
4.755e+03	7.909e-10
4.761e+03	7.979e-10
4.767e+03	8.141e-10
4.773e+03	8.516e-10
4.779e+03	8.896e-10
4.785e+03	9.086e-10
4.791e+03	9.088e-10
4.797e+03	9.036e-10
4.803e+03	8.989e-10
4.810e+03	8.931e-10
4.816e+03	8.830e-10
4.822e+03	8.627e-10
4.828e+03	8.231e-10
4.834e+03	7.832e-10
4.840e+03	7.572e-10
4.846e+03	7.470e-10
4.852e+03	7.506e-10
4.858e+03	7.548e-10
4.865e+03	7.537e-10
4.871e+03	7.542e-10
4.877e+03	7.546e-10
4.883e+03	7.573e-10
4.889e+03	7.611e-10
4.895e+03	7.638e-10
4.901e+03	7.649e-10
4.907e+03	7.634e-10
4.913e+03	7.643e-10
4.919e+03	7.666e-10
4.926e+03	7.646e-10
4.932e+03	7.612e-10
4.938e+03	7.598e-10
4.944e+03	7.611e-10
4.950e+03	7.622e-10
4.956e+03	7.647e-10
4.962e+03	7.647e-10
4.968e+03	7.723e-10
4.974e+03	8.420e-10
4.980e+03	8.988e-10
4.987e+03	9.089e-10
4.993e+03	9.123e-10
4.999e+03	9.082e-10
5.005e+03	9.065e-10
5.011e+03	9.054e-10
5.017e+03	9.076e-10
5.023e+03	9.000e-10
5.029e+03	8.303e-10
5.035e+03	7.777e-10
5.042e+03	7.726e-10
5.048e+03	7.713e-10
5.054e+03	7.767e-10
5.060e+03	7.809e-10
5.066e+03	7.854e-10
5.072e+03	7.893e-10
5.078e+03	7.936e-10
5.084e+03	8.066e-10
5.090e+03	8.191e-10
5.096e+03	8.219e-10
5.103e+03	8.260e-10
5.109e+03	8.256e-10
5.115e+03	8.224e-10
5.121e+03	8.169e-10
5.127e+03	8.120e-10
5.133e+03	8.106e-10
5.139e+03	7.994e-10
5.145e+03	7.863e-10
5.151e+03	7.828e-10
5.157e+03	7.798e-10
5.164e+03	7.793e-10
5.170e+03	7.820e-10
5.176e+03	7.874e-10
5.182e+03	7.903e-10
5.188e+03	7.884e-10
5.194e+03	7.883e-10
5.200e+03	7.882e-10
5.206e+03	7.886e-10
5.212e+03	7.915e-10
5.219e+03	7.927e-10
5.225e+03	7.950e-10
5.231e+03	7.933e-10
5.237e+03	7.904e-10
5.243e+03	7.914e-10
5.249e+03	7.983e-10
5.255e+03	8.030e-10
5.261e+03	8.063e-10
5.267e+03	8.060e-10
5.273e+03	8.230e-10
5.280e+03	8.552e-10
5.286e+03	8.816e-10
5.292e+03	8.839e-10
5.298e+03	8.796e-10
5.304e+03	8.759e-10
5.310e+03	8.782e-10
5.316e+03	8.780e-10
5.322e+03	8.771e-10
5.328e+03	8.621e-10
5.334e+03	8.277e-10
5.341e+03	8.001e-10
5.347e+03	7.988e-10
5.353e+03	7.975e-10
5.359e+03	7.962e-10
5.365e+03	7.931e-10
5.371e+03	7.931e-10
5.377e+03	8.493e-10
5.383e+03	1.002e-09
5.389e+03	1.059e-09
5.396e+03	1.062e-09
5.402e+03	1.065e-09
5.408e+03	1.069e-09
5.414e+03	1.068e-09
5.420e+03	1.065e-09
5.426e+03	1.062e-09
5.432e+03	1.002e-09
5.438e+03	8.451e-10
5.444e+03	7.868e-10
5.450e+03	7.811e-10
5.457e+03	7.791e-10
5.463e+03	7.833e-10
5.469e+03	7.883e-10
5.475e+03	7.949e-10
5.481e+03	7.990e-10
5.487e+03	8.009e-10
5.493e+03	8.019e-10
5.499e+03	8.071e-10
5.505e+03	8.171e-10
5.511e+03	8.184e-10
5.518e+03	8.173e-10
5.524e+03	8.196e-10
5.530e+03	8.162e-10
5.536e+03	8.121e-10
5.542e+03	8.112e-10
5.548e+03	8.119e-10
5.554e+03	8.092e-10
5.560e+03	8.074e-10
5.566e+03	8.086e-10
5.573e+03	8.050e-10
5.579e+03	7.999e-10
5.585e+03	8.019e-10
5.591e+03	8.052e-10
5.597e+03	8.091e-10
5.603e+03	8.169e-10
5.609e+03	8.263e-10
5.615e+03	8.325e-10
5.621e+03	8.380e-10
5.627e+03	8.422e-10
5.634e+03	8.434e-10
5.640e+03	8.418e-10
5.646e+03	8.414e-10
5.652e+03	8.360e-10
5.658e+03	8.267e-10
5.664e+03	8.183e-10
5.670e+03	8.147e-10
5.676e+03	8.121e-10
5.682e+03	8.145e-10
5.688e+03	8.201e-10
5.695e+03	8.269e-10
5.701e+03	8.297e-10
5.707e+03	8.351e-10
5.713e+03	8.398e-10
5.719e+03	8.423e-10
5.725e+03	8.409e-10
5.731e+03	8.366e-10
5.737e+03	8.357e-10
5.743e+03	8.349e-10
5.750e+03	8.293e-10
5.756e+03	8.281e-10
5.762e+03	8.288e-10
5.768e+03	8.283e-10
5.774e+03	8.264e-10
5.780e+03	8.241e-10
5.786e+03	8.274e-10
5.792e+03	8.281e-10
5.798e+03	8.354e-10
5.804e+03	8.471e-10
5.811e+03	8.477e-10
5.817e+03	8.483e-10
5.823e+03	8.544e-10
5.829e+03	8.593e-10
5.835e+03	8.624e-10
5.841e+03	8.612e-10
5.847e+03	8.582e-10
5.853e+03	8.485e-10
5.859e+03	8.395e-10
5.865e+03	8.440e-10
5.872e+03	8.497e-10
5.878e+03	8.518e-10
5.884e+03	8.547e-10
5.890e+03	8.554e-10
5.896e+03	8.562e-10
5.902e+03	8.563e-10
5.908e+03	8.593e-10
5.914e+03	8.652e-10
5.920e+03	8.646e-10
5.927e+03	8.629e-10
5.933e+03	8.587e-10
5.939e+03	8.503e-10
5.945e+03	8.449e-10
5.951e+03	8.474e-10
5.957e+03	8.543e-10
5.963e+03	8.557e-10
5.969e+03	8.565e-10
5.975e+03	8.586e-10
5.981e+03	8.552e-10
5.988e+03	8.514e-10
5.994e+03	8.530e-10
6.000e+03	8.599e-10
6.006e+03	8.675e-10
6.012e+03	8.693e-10
6.018e+03	8.706e-10
6.024e+03	8.672e-10
6.030e+03	8.620e-10
6.036e+03	8.601e-10
6.042e+03	8.597e-10
6.049e+03	8.534e-10
6.055e+03	8.413e-10
6.061e+03	8.276e-10
6.067e+03	8.230e-10
6.073e+03	8.186e-10
6.079e+03	8.197e-10
6.085e+03	8.301e-10
6.091e+03	8.400e-10
6.097e+03	8.477e-10
6.104e+03	8.618e-10
6.110e+03	8.786e-10
6.116e+03	8.925e-10
6.122e+03	9.013e-10
6.128e+03	9.149e-10
6.134e+03	9.268e-10
6.140e+03	9.427e-10
6.146e+03	9.588e-10
6.152e+03	9.736e-10
6.158e+03	9.773e-10
6.165e+03	9.765e-10
6.171e+03	9.747e-10
6.177e+03	9.710e-10
6.183e+03	9.629e-10
6.189e+03	9.497e-10
6.195e+03	9.310e-10
6.201e+03	9.162e-10
6.207e+03	9.015e-10
6.213e+03	8.992e-10
6.219e+03	9.050e-10
6.226e+03	9.125e-10
6.232e+03	9.093e-10
6.238e+03	9.032e-10
6.244e+03	9.103e-10
6.250e+03	9.133e-10
6.256e+03	9.099e-10
6.262e+03	9.089e-10
6.268e+03	9.017e-10
6.274e+03	8.945e-10
6.281e+03	8.851e-10
6.287e+03	8.801e-10
6.293e+03	8.826e-10
6.299e+03	8.787e-10
6.305e+03	8.774e-10
6.311e+03	8.819e-10
6.317e+03	8.873e-10
6.323e+03	8.920e-10
6.329e+03	8.924e-10
6.335e+03	8.922e-10
6.342e+03	8.930e-10
6.348e+03	8.902e-10
6.354e+03	8.898e-10
6.360e+03	8.937e-10
6.366e+03	8.919e-10
6.372e+03	8.882e-10
6.378e+03	8.870e-10
6.384e+03	8.849e-10
6.390e+03	8.836e-10
6.396e+03	8.856e-10
6.403e+03	8.934e-10
6.409e+03	8.969e-10
6.415e+03	8.909e-10
6.421e+03	8.890e-10
6.427e+03	8.865e-10
6.433e+03	8.841e-10
6.439e+03	8.835e-10
6.445e+03	8.848e-10
6.451e+03	8.841e-10
6.458e+03	8.777e-10
6.464e+03	8.718e-10
6.470e+03	8.746e-10
6.476e+03	8.777e-10
6.482e+03	8.795e-10
6.488e+03	8.792e-10
6.494e+03	8.767e-10
6.500e+03	8.773e-10
6.506e+03	8.811e-10
6.512e+03	8.866e-10
6.519e+03	8.862e-10
6.525e+03	8.840e-10
6.531e+03	8.804e-10
6.537e+03	8.736e-10
6.543e+03	8.702e-10
6.549e+03	8.744e-10
6.555e+03	8.730e-10
6.561e+03	8.638e-10
6.567e+03	8.529e-10
6.573e+03	8.442e-10
6.580e+03	8.330e-10
6.586e+03	8.257e-10
6.592e+03	8.284e-10
6.598e+03	8.293e-10
6.604e+03	8.191e-10
6.610e+03	8.126e-10
6.616e+03	8.120e-10
6.622e+03	8.118e-10
6.628e+03	8.192e-10
6.635e+03	8.240e-10
6.641e+03	8.216e-10
6.647e+03	8.134e-10
6.653e+03	8.100e-10
6.659e+03	8.136e-10
6.665e+03	8.131e-10
6.671e+03	8.152e-10
6.677e+03	8.178e-10
6.683e+03	8.132e-10
6.689e+03	8.145e-10
6.696e+03	8.211e-10
6.702e+03	8.245e-10
6.708e+03	8.284e-10
6.714e+03	8.353e-10
6.720e+03	8.384e-10
6.726e+03	8.416e-10
6.732e+03	8.426e-10
6.738e+03	8.471e-10
6.744e+03	8.460e-10
6.750e+03	8.493e-10
6.757e+03	8.617e-10
6.763e+03	8.669e-10
6.769e+03	8.699e-10
6.775e+03	8.805e-10
6.781e+03	8.847e-10
6.787e+03	8.878e-10
6.793e+03	8.975e-10
6.799e+03	9.116e-10
6.805e+03	9.116e-10
6.812e+03	9.082e-10
6.818e+03	9.114e-10
6.824e+03	9.076e-10
6.830e+03	8.982e-10
6.836e+03	8.981e-10
6.842e+03	9.081e-10
6.848e+03	9.114e-10
6.854e+03	9.039e-10
6.860e+03	9.060e-10
6.866e+03	9.089e-10
6.873e+03	9.078e-10
6.879e+03	9.113e-10
6.885e+03	9.193e-10
6.891e+03	9.281e-10
6.897e+03	9.315e-10
6.903e+03	9.293e-10
6.909e+03	9.313e-10
6.915e+03	9.277e-10
6.921e+03	9.213e-10
6.927e+03	9.222e-10
6.934e+03	9.206e-10
6.940e+03	9.127e-10
6.946e+03	9.081e-10
6.952e+03	9.034e-10
6.958e+03	8.951e-10
6.964e+03	8.918e-10
6.970e+03	8.977e-10
6.976e+03	9.019e-10
6.982e+03	8.931e-10
6.989e+03	8.850e-10
6.995e+03	8.925e-10
7.001e+03	9.013e-10
7.007e+03	9.034e-10
7.013e+03	9.098e-10
7.019e+03	9.179e-10
7.025e+03	9.221e-10
7.031e+03	9.285e-10
7.037e+03	9.393e-10
7.043e+03	9.507e-10
7.050e+03	9.574e-10
7.056e+03	9.510e-10
7.062e+03	9.472e-10
7.068e+03	9.461e-10
7.074e+03	9.425e-10
7.080e+03	9.385e-10
7.086e+03	9.367e-10
7.092e+03	9.471e-10
7.098e+03	9.625e-10
7.104e+03	9.638e-10
7.111e+03	9.626e-10
7.117e+03	9.646e-10
7.123e+03	9.721e-10
7.129e+03	9.746e-10
7.135e+03	9.703e-10
7.141e+03	9.703e-10
7.147e+03	9.725e-10
7.153e+03	9.688e-10
7.159e+03	9.593e-10
7.166e+03	9.596e-10
7.172e+03	9.610e-10
7.178e+03	9.583e-10
7.184e+03	9.576e-10
7.190e+03	9.675e-10
7.196e+03	9.973e-10
7.202e+03	1.015e-09
7.208e+03	1.007e-09
7.214e+03	1.004e-09
7.220e+03	1.000e-09
7.227e+03	9.935e-10
7.233e+03	9.854e-10
7.239e+03	9.831e-10
7.245e+03	1.001e-09
7.251e+03	1.007e-09
7.257e+03	9.890e-10
7.263e+03	9.845e-10
7.269e+03	9.888e-10
7.275e+03	9.947e-10
7.281e+03	1.002e-09
7.288e+03	1.011e-09
7.294e+03	1.045e-09
7.300e+03	1.084e-09
7.306e+03	1.074e-09
7.312e+03	1.070e-09
7.318e+03	1.075e-09
7.324e+03	1.080e-09
7.330e+03	1.086e-09
7.336e+03	1.090e-09
7.343e+03	1.090e-09
7.349e+03	1.087e-09
7.355e+03	1.068e-09
7.361e+03	1.047e-09
7.367e+03	1.040e-09
7.373e+03	1.040e-09
7.379e+03	1.038e-09
7.385e+03	1.026e-09
7.391e+03	1.024e-09
7.397e+03	1.069e-09
7.404e+03	1.112e-09
7.410e+03	1.087e-09
7.416e+03	1.082e-09
7.422e+03	1.086e-09
7.428e+03	1.087e-09
7.434e+03	1.082e-09
7.440e+03	1.084e-09
7.446e+03	1.123e-09
7.452e+03	1.187e-09
7.458e+03	1.170e-09
7.465e+03	1.167e-09
7.471e+03	1.173e-09
7.477e+03	1.175e-09
7.483e+03	1.178e-09
7.489e+03	1.189e-09
7.495e+03	1.222e-09
7.501e+03	1.289e-09
7.507e+03	1.279e-09
7.513e+03	1.316e-09
7.520e+03	1.385e-09
7.526e+03	1.450e-09
7.532e+03	1.508e-09
7.538e+03	1.556e-09
7.544e+03	1.595e-09
7.550e+03	1.601e-09
7.556e+03	1.517e-09
7.562e+03	1.432e-09
7.568e+03	1.343e-09
7.574e+03	1.260e-09
7.581e+03	1.180e-09
7.587e+03	1.111e-09
7.593e+03	1.059e-09
7.599e+03	1.044e-09
7.605e+03	1.047e-09
7.611e+03	1.025e-09
7.617e+03	1.002e-09
7.623e+03	9.905e-10
7.629e+03	9.798e-10
7.635e+03	9.832e-10
7.642e+03	9.884e-10
7.648e+03	1.117e-09
7.654e+03	1.390e-09
7.660e+03	1.430e-09
7.666e+03	1.416e-09
7.672e+03	1.409e-09
7.678e+03	1.406e-09
7.684e+03	1.412e-09
7.690e+03	1.415e-09
7.697e+03	1.490e-09
7.703e+03	1.588e-09
7.709e+03	1.369e-09
7.715e+03	1.286e-09
7.721e+03	1.288e-09
7.727e+03	1.291e-09
7.733e+03	1.295e-09
7.739e+03	1.293e-09
7.745e+03	1.316e-09
7.751e+03	1.410e-09
7.758e+03	1.289e-09
7.764e+03	1.198e-09
7.770e+03	1.190e-09
7.776e+03	1.189e-09
7.782e+03	1.185e-09
7.788e+03	1.184e-09
7.794e+03	1.191e-09
7.800e+03	1.243e-09
7.806e+03	1.143e-09
7.812e+03	1.030e-09
7.819e+03	1.023e-09
7.825e+03	1.022e-09
7.831e+03	1.018e-09
7.837e+03	1.023e-09
7.843e+03	1.033e-09
7.849e+03	1.071e-09
7.855e+03	1.034e-09
7.861e+03	9.594e-10
7.867e+03	9.522e-10
7.874e+03	9.507e-10
7.880e+03	9.496e-10
7.886e+03	9.496e-10
7.892e+03	9.465e-10
7.898e+03	9.576e-10
7.904e+03	9.449e-10
7.910e+03	9.064e-10
7.916e+03	9.088e-10
7.922e+03	9.175e-10
7.928e+03	9.282e-10
7.935e+03	9.358e-10
7.941e+03	9.413e-10
7.947e+03	9.582e-10
7.953e+03	9.742e-10
7.959e+03	9.545e-10
7.965e+03	9.453e-10
7.971e+03	9.455e-10
7.977e+03	9.517e-10
7.983e+03	9.531e-10
7.990e+03	9.586e-10
7.996e+03	9.807e-10
8.002e+03	1.027e-09
8.008e+03	1.029e-09
8.014e+03	1.024e-09
8.020e+03	1.032e-09
8.026e+03	1.035e-09
8.032e+03	1.031e-09
8.038e+03	1.033e-09
8.044e+03	1.043e-09
8.051e+03	1.090e-09
8.057e+03	1.094e-09
8.063e+03	1.076e-09
8.069e+03	1.077e-09
8.075e+03	1.079e-09
8.081e+03	1.081e-09
8.087e+03	1.091e-09
8.093e+03	1.105e-09
8.099e+03	1.116e-09
8.105e+03	1.077e-09
8.112e+03	1.034e-09
8.118e+03	1.024e-09
8.124e+03	1.024e-09
8.130e+03	1.028e-09
8.136e+03	1.041e-09
8.142e+03	1.049e-09
8.148e+03	1.064e-09
8.154e+03	1.083e-09
8.160e+03	1.079e-09
8.167e+03	1.075e-09
8.173e+03	1.082e-09
8.179e+03	1.095e-09
8.185e+03	1.102e-09
8.191e+03	1.105e-09
8.197e+03	1.116e-09
8.203e+03	1.129e-09
8.209e+03	1.123e-09
8.215e+03	1.124e-09
8.221e+03	1.137e-09
8.228e+03	1.152e-09
8.234e+03	1.163e-09
8.240e+03	1.172e-09
8.246e+03	1.190e-09
8.252e+03	1.227e-09
8.258e+03	1.237e-09
8.264e+03	1.245e-09
8.270e+03	1.270e-09
8.276e+03	1.301e-09
8.282e+03	1.326e-09
8.289e+03	1.344e-09
8.295e+03	1.375e-09
8.301e+03	1.407e-09
8.307e+03	1.417e-09
8.313e+03	1.444e-09
8.319e+03	1.486e-09
8.325e+03	1.518e-09
8.331e+03	1.549e-09
8.337e+03	1.588e-09
8.344e+03	1.635e-09
8.350e+03	1.704e-09
8.356e+03	1.780e-09
8.362e+03	1.812e-09
8.368e+03	1.839e-09
8.374e+03	1.881e-09
8.380e+03	1.937e-09
8.386e+03	1.995e-09
8.392e+03	2.052e-09
8.398e+03	2.127e-09
8.405e+03	2.181e-09
8.411e+03	2.193e-09
8.417e+03	2.260e-09
8.423e+03	2.343e-09
8.429e+03	2.406e-09
8.435e+03	2.445e-09
8.441e+03	2.476e-09
8.447e+03	2.535e-09
8.453e+03	2.623e-09
8.459e+03	2.663e-09
8.466e+03	2.702e-09
8.472e+03	2.736e-09
8.478e+03	2.752e-09
8.484e+03	2.752e-09
8.490e+03	2.756e-09
8.496e+03	2.762e-09
8.502e+03	2.734e-09
8.508e+03	2.645e-09
8.514e+03	2.589e-09
8.521e+03	2.544e-09
8.527e+03	2.493e-09
8.533e+03	2.434e-09
8.539e+03	2.378e-09
8.545e+03	2.337e-09
8.551e+03	2.299e-09
8.557e+03	2.251e-09
8.563e+03	2.202e-09
8.569e+03	2.146e-09
8.575e+03	2.093e-09
8.582e+03	2.025e-09
8.588e+03	1.953e-09
8.594e+03	1.888e-09
8.600e+03	1.813e-09
8.606e+03	1.738e-09
8.612e+03	1.664e-09
8.618e+03	1.593e-09
8.624e+03	1.539e-09
8.630e+03	1.493e-09
8.636e+03	1.450e-09
8.643e+03	1.418e-09
8.649e+03	1.388e-09
8.655e+03	1.359e-09
8.661e+03	1.329e-09
8.667e+03	1.308e-09
8.673e+03	1.290e-09
8.679e+03	1.266e-09
8.685e+03	1.247e-09
8.691e+03	1.235e-09
8.698e+03	1.232e-09
8.704e+03	1.246e-09
8.710e+03	1.270e-09
8.716e+03	1.282e-09
8.722e+03	1.278e-09
8.728e+03	1.279e-09
8.734e+03	1.275e-09
8.740e+03	1.261e-09
8.746e+03	1.249e-09
8.752e+03	1.231e-09
8.759e+03	1.195e-09
8.765e+03	1.154e-09
8.771e+03	1.128e-09
8.777e+03	1.115e-09
8.783e+03	1.107e-09
8.789e+03	1.107e-09
8.795e+03	1.118e-09
8.801e+03	1.127e-09
8.807e+03	1.129e-09
8.813e+03	1.140e-09
8.820e+03	1.149e-09
8.826e+03	1.155e-09
8.832e+03	1.166e-09
8.838e+03	1.171e-09
8.844e+03	1.166e-09
8.850e+03	1.151e-09
8.856e+03	1.135e-09
8.862e+03	1.124e-09
8.868e+03	1.106e-09
8.875e+03	1.086e-09
8.881e+03	1.067e-09
8.887e+03	1.047e-09
8.893e+03	1.032e-09
8.899e+03	1.021e-09
8.905e+03	1.008e-09
8.911e+03	9.968e-10
8.917e+03	9.833e-10
8.923e+03	9.754e-10
8.929e+03	9.753e-10
8.936e+03	9.772e-10
8.942e+03	9.744e-10
8.948e+03	9.688e-10
8.954e+03	9.650e-10
8.960e+03	9.633e-10
8.966e+03	9.637e-10
8.972e+03	9.650e-10
8.978e+03	9.664e-10
8.984e+03	9.643e-10
8.990e+03	9.571e-10
8.997e+03	9.589e-10
9.003e+03	9.614e-10
9.009e+03	9.618e-10
9.015e+03	9.583e-10
9.021e+03	9.542e-10
9.027e+03	9.535e-10
9.033e+03	9.545e-10
9.039e+03	9.519e-10
9.045e+03	9.491e-10
9.052e+03	9.405e-10
9.058e+03	9.300e-10
9.064e+03	9.199e-10
9.070e+03	9.164e-10
9.076e+03	9.141e-10
9.082e+03	9.093e-10
9.088e+03	9.056e-10
9.094e+03	9.065e-10
9.100e+03	9.111e-10
9.106e+03	9.169e-10
9.113e+03	9.177e-10
9.119e+03	9.267e-10
9.125e+03	9.396e-10
9.131e+03	9.440e-10
9.137e+03	9.500e-10
9.143e+03	9.556e-10
9.149e+03	9.562e-10
9.155e+03	9.531e-10
9.161e+03	9.512e-10
9.167e+03	9.551e-10
9.174e+03	9.600e-10
9.180e+03	9.658e-10
9.186e+03	9.768e-10
9.192e+03	9.837e-10
9.198e+03	9.818e-10
9.204e+03	9.860e-10
9.210e+03	9.949e-10
9.216e+03	1.002e-09
9.222e+03	1.013e-09
9.229e+03	1.011e-09
9.235e+03	1.003e-09
9.241e+03	9.985e-10
9.247e+03	9.937e-10
9.253e+03	1.001e-09
9.259e+03	1.004e-09
9.265e+03	1.003e-09
9.271e+03	1.002e-09
9.277e+03	9.989e-10
9.283e+03	9.985e-10
9.290e+03	1.002e-09
9.296e+03	1.005e-09
9.302e+03	1.012e-09
9.308e+03	1.014e-09
9.314e+03	1.014e-09
9.320e+03	1.013e-09
9.326e+03	1.016e-09
9.332e+03	1.019e-09
9.338e+03	1.023e-09
9.344e+03	1.023e-09
9.351e+03	1.026e-09
9.357e+03	1.024e-09
9.363e+03	1.016e-09
9.369e+03	1.016e-09
9.375e+03	1.020e-09
9.381e+03	1.024e-09
9.387e+03	1.021e-09
9.393e+03	1.017e-09
9.399e+03	1.016e-09
9.406e+03	1.008e-09
9.412e+03	1.010e-09
9.418e+03	1.016e-09
9.424e+03	1.012e-09
9.430e+03	1.007e-09
9.436e+03	1.005e-09
9.442e+03	1.008e-09
9.448e+03	1.018e-09
9.454e+03	1.029e-09
9.460e+03	1.041e-09
9.467e+03	1.048e-09
9.473e+03	1.053e-09
9.479e+03	1.060e-09
9.485e+03	1.063e-09
9.491e+03	1.059e-09
9.497e+03	1.059e-09
9.503e+03	1.057e-09
9.509e+03	1.056e-09
9.515e+03	1.057e-09
9.521e+03	1.057e-09
9.528e+03	1.050e-09
9.534e+03	1.044e-09
9.540e+03	1.041e-09
9.546e+03	1.047e-09
9.552e+03	1.058e-09
9.558e+03	1.065e-09
9.564e+03	1.071e-09
9.570e+03	1.076e-09
9.576e+03	1.076e-09
9.583e+03	1.085e-09
9.589e+03	1.099e-09
9.595e+03	1.102e-09
9.601e+03	1.101e-09
9.607e+03	1.096e-09
9.613e+03	1.088e-09
9.619e+03	1.080e-09
9.625e+03	1.073e-09
9.631e+03	1.075e-09
9.637e+03	1.077e-09
9.644e+03	1.080e-09
9.650e+03	1.086e-09
9.656e+03	1.085e-09
9.662e+03	1.081e-09
9.668e+03	1.085e-09
9.674e+03	1.087e-09
9.680e+03	1.085e-09
9.686e+03	1.085e-09
9.692e+03	1.087e-09
9.698e+03	1.086e-09
9.705e+03	1.092e-09
9.711e+03	1.102e-09
9.717e+03	1.112e-09
9.723e+03	1.119e-09
9.729e+03	1.127e-09
9.735e+03	1.140e-09
9.741e+03	1.147e-09
9.747e+03	1.153e-09
9.753e+03	1.159e-09
9.760e+03	1.164e-09
9.766e+03	1.163e-09
9.772e+03	1.149e-09
9.778e+03	1.134e-09
9.784e+03	1.123e-09
9.790e+03	1.116e-09
9.796e+03	1.112e-09
9.802e+03	1.103e-09
9.808e+03	1.092e-09
9.814e+03	1.079e-09
9.821e+03	1.081e-09
9.827e+03	1.099e-09
9.833e+03	1.118e-09
9.839e+03	1.129e-09
9.845e+03	1.131e-09
9.851e+03	1.130e-09
9.857e+03	1.140e-09
9.863e+03	1.147e-09
9.869e+03	1.154e-09
9.875e+03	1.156e-09
9.882e+03	1.155e-09
9.888e+03	1.158e-09
9.949e+03	1.177e-09
1.001e+04	1.197e-09
1.007e+04	1.211e-09
1.013e+04	1.229e-09
1.019e+04	1.244e-09
1.025e+04	1.257e-09
1.031e+04	1.267e-09
1.038e+04	1.281e-09
1.044e+04	1.297e-09
1.050e+04	1.312e-09
1.056e+04	1.324e-09
1.062e+04	1.340e-09
1.068e+04	1.358e-09
1.074e+04	1.377e-09
1.080e+04	1.395e-09
1.086e+04	1.414e-09
1.093e+04	1.427e-09
1.099e+04	1.434e-09
1.105e+04	1.441e-09
1.111e+04	1.446e-09
1.117e+04	1.448e-09
1.123e+04	1.442e-09
1.129e+04	1.435e-09
1.135e+04	1.433e-09
1.141e+04	1.428e-09
1.147e+04	1.427e-09
1.154e+04	1.436e-09
1.160e+04	1.456e-09
1.166e+04	1.486e-09
1.172e+04	1.523e-09
1.178e+04	1.569e-09
1.184e+04	1.608e-09
1.190e+04	1.647e-09
1.196e+04	1.700e-09
1.202e+04	1.756e-09
1.208e+04	1.804e-09
1.215e+04	1.846e-09
1.221e+04	1.883e-09
1.227e+04	1.933e-09
1.233e+04	1.991e-09
1.239e+04	2.030e-09
1.245e+04	2.072e-09
1.251e+04	2.107e-09
1.257e+04	2.146e-09
1.263e+04	2.198e-09
1.270e+04	2.237e-09
1.276e+04	2.267e-09
1.282e+04	2.276e-09
1.288e+04	2.285e-09
1.294e+04	2.322e-09
1.300e+04	2.350e-09
1.306e+04	2.369e-09
1.312e+04	2.382e-09
1.318e+04	2.374e-09
1.324e+04	2.383e-09
1.331e+04	2.413e-09
1.337e+04	2.466e-09
1.343e+04	2.529e-09
1.349e+04	2.591e-09
1.355e+04	2.655e-09
1.361e+04	2.719e-09
1.367e+04	2.809e-09
1.373e+04	2.921e-09
1.379e+04	3.035e-09
1.385e+04	3.164e-09
1.392e+04	3.284e-09
1.398e+04	3.405e-09
1.404e+04	3.554e-09
1.410e+04	3.724e-09
1.416e+04	3.884e-09
1.422e+04	3.982e-09
1.428e+04	4.041e-09
1.434e+04	4.072e-09
1.440e+04	4.117e-09
1.447e+04	4.219e-09
1.453e+04	4.248e-09
1.459e+04	4.244e-09
1.465e+04	4.360e-09
1.471e+04	6.765e-09
1.477e+04	1.088e-08
1.483e+04	1.174e-08
1.489e+04	1.180e-08
1.495e+04	1.181e-08
1.517e+04	6.572e-09
1.533e+04	5.230e-09
1.550e+04	5.323e-09
1.567e+04	6.737e-09
1.583e+04	7.493e-09
1.600e+04	7.663e-09
1.617e+04	5.116e-09
1.633e+04	4.934e-09
1.650e+04	5.767e-09
1.667e+04	6.156e-09
1.683e+04	6.674e-09
1.700e+04	7.788e-09
1.717e+04	3.604e-09
1.733e+04	4.376e-09
1.750e+04	3.828e-09
1.767e+04	4.002e-09
1.783e+04	4.698e-09
1.800e+04	5.808e-09
1.817e+04	5.203e-09
1.833e+04	5.090e-09
1.850e+04	4.937e-09
1.867e+04	3.397e-09
1.883e+04	3.349e-09
1.900e+04	3.440e-09
1.917e+04	3.781e-09
1.933e+04	4.176e-09
1.950e+04	3.860e-09
1.967e+04	5.426e-09
1.983e+04	2.022e-08
2.000e+04	6.145e-08
2.017e+04	1.865e-08
2.033e+04	3.321e-09
2.050e+04	3.049e-09
2.067e+04	3.850e-09
2.083e+04	3.073e-09
2.100e+04	3.030e-09
2.117e+04	3.310e-09
2.133e+04	2.646e-09
2.150e+04	3.287e-09
2.167e+04	4.017e-09
2.183e+04	2.808e-09
2.200e+04	2.673e-09
2.217e+04	3.804e-09
2.233e+04	2.760e-09
2.250e+04	3.757e-09
2.267e+04	4.072e-09
2.283e+04	3.030e-09
2.300e+04	2.015e-09
2.317e+04	2.495e-09
2.333e+04	3.564e-09
2.350e+04	2.569e-09
2.367e+04	2.893e-09
2.383e+04	4.662e-09
2.400e+04	5.065e-09
2.417e+04	4.280e-09
2.433e+04	3.730e-09
2.450e+04	3.026e-09
2.467e+04	3.908e-09
2.483e+04	2.937e-09
2.500e+04	2.161e-09
2.517e+04	1.171e-09
2.533e+04	3.159e-09
2.550e+04	3.464e-09
2.567e+04	3.329e-09
2.583e+04	3.252e-09
2.600e+04	4.054e-09
2.617e+04	3.384e-09
2.633e+04	2.638e-09
2.650e+04	3.418e-09
2.667e+04	4.235e-09
2.683e+04	3.077e-09
2.700e+04	1.662e-09
2.717e+04	1.640e-09
2.733e+04	1.448e-09
2.750e+04	2.467e-09
2.767e+04	3.169e-09
2.783e+04	2.811e-09
2.800e+04	4.074e-09
2.817e+04	6.056e-09
2.833e+04	7.439e-09
2.850e+04	9.216e-09
2.867e+04	1.166e-08
2.883e+04	4.325e-08
2.900e+04	5.966e-08
2.917e+04	4.834e-08
2.933e+04	3.318e-08
2.950e+04	2.171e-08
2.967e+04	1.640e-08
2.983e+04	8.044e-09
3.000e+04	3.044e-09
3.017e+04	3.789e-09
3.033e+04	5.008e-09
3.050e+04	4.031e-09
3.067e+04	3.559e-09
3.083e+04	3.336e-09
3.100e+04	2.268e-09
3.117e+04	2.593e-09
3.133e+04	2.909e-09
3.150e+04	2.449e-09
3.167e+04	1.631e-09
3.183e+04	2.255e-09
3.200e+04	5.520e-09
3.217e+04	3.867e-09
3.233e+04	6.443e-09
3.250e+04	4.718e-09
3.267e+04	2.274e-09
3.283e+04	2.015e-09
3.300e+04	2.264e-09
3.317e+04	1.644e-09
3.333e+04	1.620e-09
3.350e+04	2.174e-09
3.367e+04	3.116e-09
3.383e+04	2.855e-09
3.400e+04	2.268e-09
3.417e+04	2.169e-09
3.433e+04	1.395e-09
3.450e+04	1.584e-09
3.467e+04	2.246e-09
3.483e+04	2.898e-09
3.500e+04	2.840e-09
3.517e+04	1.934e-09
3.533e+04	1.572e-09
3.550e+04	1.898e-09
3.567e+04	2.494e-09
3.583e+04	1.884e-09
3.600e+04	1.541e-09
3.617e+04	1.759e-09
3.633e+04	1.883e-09
3.650e+04	1.653e-09
3.667e+04	1.452e-09
3.683e+04	1.785e-09
3.700e+04	1.804e-09
3.717e+04	1.551e-09
3.733e+04	1.568e-09
3.750e+04	1.361e-09
3.767e+04	1.777e-09
3.783e+04	2.047e-09
3.800e+04	1.739e-09
3.817e+04	1.490e-09
3.833e+04	1.509e-09
3.850e+04	2.430e-09
3.867e+04	2.176e-09
3.883e+04	2.036e-09
3.900e+04	1.547e-09
3.917e+04	2.091e-09
3.933e+04	2.765e-09
3.950e+04	2.038e-09
3.967e+04	1.935e-09
3.983e+04	3.132e-09
4.000e+04	6.024e-09
4.017e+04	3.352e-09
4.033e+04	1.900e-09
4.050e+04	1.841e-09
4.067e+04	1.584e-09
4.083e+04	2.724e-09
4.100e+04	2.524e-09
4.117e+04	1.613e-09
4.133e+04	1.820e-09
4.150e+04	2.725e-09
4.167e+04	2.432e-09
4.183e+04	1.767e-09
4.200e+04	2.267e-09
4.217e+04	2.365e-09
4.233e+04	2.391e-09
4.250e+04	2.691e-09
4.267e+04	2.630e-09
4.283e+04	2.500e-09
4.300e+04	2.008e-09
4.317e+04	1.716e-09
4.333e+04	1.693e-09
4.350e+04	2.069e-09
4.367e+04	2.319e-09
4.383e+04	2.351e-09
4.400e+04	2.566e-09
4.417e+04	2.580e-09
4.433e+04	2.623e-09
4.450e+04	3.045e-09
4.467e+04	2.070e-09
4.483e+04	2.283e-09
4.500e+04	1.499e-09
4.517e+04	1.099e-09
4.533e+04	1.559e-09
4.550e+04	3.028e-09
4.567e+04	2.666e-09
4.583e+04	2.142e-09
4.600e+04	2.323e-09
4.617e+04	2.019e-09
4.633e+04	1.972e-09
4.650e+04	2.234e-09
4.667e+04	1.889e-09
4.683e+04	2.017e-09
4.700e+04	2.282e-09
4.717e+04	2.788e-09
4.733e+04	2.235e-09
4.750e+04	2.144e-09
4.767e+04	1.841e-09
4.783e+04	3.162e-09
4.800e+04	4.485e-09
4.817e+04	2.594e-09
4.833e+04	3.245e-09
4.850e+04	2.637e-09
4.867e+04	1.706e-09
4.883e+04	2.096e-09
4.900e+04	2.239e-09
4.917e+04	1.782e-09
4.933e+04	2.249e-09
4.950e+04	3.543e-09
4.967e+04	2.735e-09
4.983e+04	2.444e-09
5.000e+04	2.315e-09
5.017e+04	2.419e-09
5.033e+04	2.810e-09
5.050e+04	1.801e-09
5.067e+04	2.341e-09
5.083e+04	2.082e-09
5.100e+04	1.459e-09
5.117e+04	1.922e-09
5.133e+04	1.984e-09
5.150e+04	2.815e-09
5.167e+04	2.530e-09
5.183e+04	2.036e-09
5.200e+04	2.357e-09
5.217e+04	2.490e-09
5.233e+04	2.863e-09
5.250e+04	2.379e-09
5.267e+04	2.697e-09
5.283e+04	2.948e-09
5.300e+04	3.931e-09
5.317e+04	3.535e-09
5.333e+04	4.028e-09
5.350e+04	7.203e-09
5.367e+04	6.166e-09
5.383e+04	5.660e-09
5.400e+04	5.888e-09
5.417e+04	4.684e-09
5.433e+04	4.119e-09
5.450e+04	3.273e-09
5.467e+04	3.985e-09
5.483e+04	3.338e-09
5.500e+04	4.696e-09
5.517e+04	6.228e-09
5.533e+04	4.874e-09
5.550e+04	3.335e-09
5.567e+04	4.380e-09
5.583e+04	3.733e-09
5.600e+04	3.305e-09
5.617e+04	1.889e-09
5.633e+04	2.055e-09
5.650e+04	2.734e-09
5.667e+04	2.943e-09
5.683e+04	4.077e-09
5.700e+04	4.852e-09
5.717e+04	4.006e-09
5.733e+04	4.000e-09
5.750e+04	3.554e-09
5.767e+04	2.593e-09
5.783e+04	2.923e-09
5.800e+04	3.108e-09
5.817e+04	3.292e-09
5.833e+04	3.635e-09
5.850e+04	4.992e-09
5.867e+04	3.835e-09
5.883e+04	3.259e-09
5.900e+04	2.661e-09
5.917e+04	3.399e-09
5.933e+04	3.889e-09
5.950e+04	3.582e-09
5.967e+04	3.522e-09
5.983e+04	4.128e-09
6.000e+04	4.126e-09
6.017e+04	2.260e-09
6.033e+04	3.100e-09
6.050e+04	3.614e-09
6.067e+04	3.556e-09
6.083e+04	2.510e-09
6.100e+04	1.543e-09
6.117e+04	2.963e-09
6.133e+04	3.123e-09
6.150e+04	2.264e-09
6.167e+04	3.234e-09
6.183e+04	2.743e-09
6.200e+04	2.110e-09
6.217e+04	1.858e-09
6.233e+04	1.836e-09
6.250e+04	1.999e-09
6.267e+04	2.183e-09
6.283e+04	2.345e-09
6.300e+04	3.240e-09
6.317e+04	2.925e-09
6.333e+04	3.270e-09
6.350e+04	3.831e-09
6.367e+04	2.128e-09
6.383e+04	2.336e-09
6.400e+04	3.831e-09
6.417e+04	4.417e-09
6.433e+04	3.581e-09
6.450e+04	3.661e-09
6.467e+04	2.561e-09
6.483e+04	3.532e-09
6.500e+04	2.578e-09
6.517e+04	1.667e-09
6.533e+04	2.048e-09
6.550e+04	3.374e-09
6.567e+04	4.410e-09
6.583e+04	3.973e-09
6.600e+04	3.190e-09
6.617e+04	2.263e-09
6.633e+04	2.990e-09
6.650e+04	3.439e-09
6.667e+04	4.024e-09
6.683e+04	3.231e-09
6.700e+04	2.752e-09
6.717e+04	3.316e-09
6.733e+04	3.494e-09
6.750e+04	3.460e-09
6.767e+04	3.127e-09
6.783e+04	3.904e-09
6.800e+04	3.853e-09
6.817e+04	3.042e-09
6.833e+04	3.475e-09
6.850e+04	3.360e-09
6.867e+04	3.365e-09
6.883e+04	2.512e-09
6.900e+04	3.303e-09
6.917e+04	3.571e-09
6.933e+04	3.645e-09
6.950e+04	3.191e-09
6.967e+04	4.239e-09
6.983e+04	5.137e-09
7.000e+04	4.423e-09
7.017e+04	2.781e-09
7.033e+04	3.876e-09
7.050e+04	5.205e-09
7.067e+04	4.441e-09
7.083e+04	3.111e-09
7.100e+04	3.713e-09
7.117e+04	3.935e-09
7.133e+04	5.112e-09
7.150e+04	3.452e-09
7.167e+04	3.103e-09
7.183e+04	4.086e-09
7.200e+04	3.925e-09
7.217e+04	4.423e-09
7.233e+04	4.189e-09
7.250e+04	3.632e-09
7.267e+04	5.829e-09
7.283e+04	7.204e-09
7.300e+04	5.534e-09
7.317e+04	5.249e-09
7.333e+04	4.519e-09
7.350e+04	4.623e-09
7.367e+04	4.066e-09
7.383e+04	4.920e-09
7.400e+04	4.866e-09
7.417e+04	2.833e-09
7.433e+04	2.691e-09
7.450e+04	2.695e-09
7.467e+04	3.731e-09
7.483e+04	4.329e-09
7.500e+04	3.869e-09
7.517e+04	2.700e-09
7.533e+04	3.343e-09
7.550e+04	3.241e-09
7.567e+04	4.132e-09
7.583e+04	5.061e-09
7.600e+04	4.835e-09
7.617e+04	4.289e-09
7.633e+04	4.583e-09
7.650e+04	5.843e-09
7.667e+04	5.458e-09
7.683e+04	3.186e-09
7.700e+04	3.389e-09
7.717e+04	4.083e-09
7.733e+04	6.232e-09
7.750e+04	6.735e-09
7.767e+04	5.071e-09
7.783e+04	3.106e-09
7.800e+04	5.284e-09
7.817e+04	4.378e-09
7.833e+04	3.771e-09
7.850e+04	6.021e-09
7.867e+04	6.194e-09
7.883e+04	6.620e-09
7.900e+04	7.475e-09
7.917e+04	5.731e-09
7.933e+04	4.768e-09
7.950e+04	4.018e-09
7.967e+04	3.765e-09
7.983e+04	4.966e-09
8.000e+04	6.359e-09
8.017e+04	4.806e-09
8.033e+04	5.903e-09
8.050e+04	7.208e-09
8.067e+04	7.090e-09
8.083e+04	5.663e-09
8.100e+04	3.784e-09
8.117e+04	4.126e-09
8.133e+04	4.609e-09
8.150e+04	4.387e-09
8.167e+04	4.422e-09
8.183e+04	4.237e-09
8.200e+04	5.545e-09
8.217e+04	3.743e-09
8.233e+04	5.101e-09
8.250e+04	6.130e-09
8.267e+04	4.281e-09
8.283e+04	4.955e-09
8.300e+04	5.658e-09
8.317e+04	3.041e-09
8.333e+04	5.113e-09
8.350e+04	7.019e-09
8.367e+04	5.147e-09
8.383e+04	5.106e-09
8.400e+04	5.384e-09
8.417e+04	3.886e-09
8.433e+04	5.027e-09
8.450e+04	5.010e-09
8.467e+04	5.123e-09
8.483e+04	6.650e-09
8.500e+04	3.686e-09
8.517e+04	4.330e-09
8.533e+04	5.388e-09
8.550e+04	4.513e-09
8.567e+04	4.601e-09
8.583e+04	2.975e-09
8.600e+04	4.267e-09
8.617e+04	4.421e-09
8.633e+04	3.348e-09
8.650e+04	3.543e-09
8.667e+04	5.399e-09
8.683e+04	4.689e-09
8.700e+04	5.205e-09
8.717e+04	6.036e-09
8.733e+04	5.559e-09
8.750e+04	5.020e-09
8.767e+04	5.481e-09
8.783e+04	6.073e-09
8.800e+04	4.547e-09
8.817e+04	4.517e-09
8.833e+04	5.955e-09
8.850e+04	5.912e-09
8.867e+04	3.793e-09
8.883e+04	2.632e-09
8.900e+04	4.486e-09
8.917e+04	7.713e-09
8.933e+04	6.689e-09
8.950e+04	5.394e-09
8.967e+04	6.477e-09
8.983e+04	5.929e-09
9.000e+04	4.929e-09
9.017e+04	4.347e-09
9.033e+04	5.588e-09
9.050e+04	5.356e-09
9.067e+04	6.166e-09
9.083e+04	3.408e-09
9.100e+04	5.408e-09
9.117e+04	7.278e-09
9.133e+04	4.710e-09
9.150e+04	5.891e-09
9.167e+04	5.985e-09
9.183e+04	3.699e-09
9.200e+04	4.670e-09
9.217e+04	4.270e-09
9.233e+04	5.874e-09
9.250e+04	5.485e-09
9.267e+04	5.983e-09
9.283e+04	8.584e-09
9.300e+04	6.441e-09
9.317e+04	5.846e-09
9.333e+04	6.915e-09
9.350e+04	7.740e-09
9.367e+04	5.898e-09
9.383e+04	5.355e-09
9.400e+04	4.705e-09
9.417e+04	4.590e-09
9.433e+04	5.347e-09
9.450e+04	4.192e-09
9.467e+04	6.677e-09
9.483e+04	5.952e-09
9.500e+04	5.306e-09
9.517e+04	5.200e-09
9.533e+04	5.570e-09
9.550e+04	5.338e-09
9.567e+04	6.382e-09
9.583e+04	5.874e-09
9.600e+04	4.492e-09
9.617e+04	5.881e-09
9.633e+04	8.227e-09
9.650e+04	5.934e-09
9.667e+04	4.793e-09
9.683e+04	6.597e-09
9.700e+04	7.148e-09
9.717e+04	8.843e-09
9.733e+04	6.012e-09
9.750e+04	5.766e-09
9.767e+04	5.904e-09
9.783e+04	2.976e-09
9.800e+04	4.282e-09
9.817e+04	5.333e-09
9.833e+04	4.767e-09
9.850e+04	5.260e-09
9.867e+04	9.290e-09
9.883e+04	8.065e-09
9.900e+04	4.001e-09
9.917e+04	5.302e-09
9.933e+04	7.358e-09
9.950e+04	6.652e-09
9.967e+04	5.930e-09
9.983e+04	5.313e-09
1.000e+05	7.003e-09
1.002e+05	6.736e-09
1.003e+05	6.318e-09
1.005e+05	8.289e-09
1.007e+05	8.347e-09
1.008e+05	7.516e-09
1.010e+05	6.030e-09
1.012e+05	5.181e-09
1.013e+05	9.138e-09
1.015e+05	1.000e-08
1.017e+05	9.587e-09
1.018e+05	6.057e-09
1.020e+05	6.573e-09
1.022e+05	5.270e-09
1.023e+05	5.394e-09
1.025e+05	8.657e-09
1.027e+05	6.448e-09
1.028e+05	4.667e-09
1.030e+05	8.112e-09
1.032e+05	9.624e-09
1.033e+05	6.541e-09
1.035e+05	6.805e-09
1.037e+05	8.205e-09
1.038e+05	1.212e-08
1.040e+05	8.375e-09
1.042e+05	3.999e-09
1.043e+05	6.356e-09
1.045e+05	8.368e-09
1.047e+05	8.725e-09
1.048e+05	6.858e-09
1.050e+05	5.135e-09
1.052e+05	5.275e-09
1.053e+05	5.818e-09
1.055e+05	4.496e-09
1.057e+05	6.258e-09
1.058e+05	6.182e-09
1.060e+05	3.684e-09
1.062e+05	4.661e-09
1.063e+05	5.912e-09
1.065e+05	5.337e-09
1.067e+05	6.850e-09
1.068e+05	7.137e-09
1.070e+05	4.896e-09
1.072e+05	5.972e-09
1.073e+05	7.739e-09
1.075e+05	7.787e-09
1.077e+05	7.500e-09
1.078e+05	6.399e-09
1.080e+05	6.797e-09
1.082e+05	6.412e-09
1.083e+05	8.402e-09
1.085e+05	8.570e-09
1.087e+05	7.551e-09
1.088e+05	5.564e-09
1.090e+05	5.725e-09
1.092e+05	4.642e-09
1.093e+05	6.048e-09
1.095e+05	4.719e-09
1.097e+05	4.117e-09
1.098e+05	5.934e-09
1.100e+05	7.460e-09
1.102e+05	8.494e-09
1.103e+05	6.754e-09
1.105e+05	5.480e-09
1.107e+05	4.864e-09
1.108e+05	1.011e-08
1.110e+05	9.120e-09
1.112e+05	4.296e-09
1.113e+05	4.335e-09
1.115e+05	5.709e-09
1.117e+05	5.397e-09
1.118e+05	4.108e-09
1.120e+05	5.711e-09
1.122e+05	6.815e-09
1.123e+05	5.761e-09
1.125e+05	6.358e-09
1.127e+05	5.603e-09
1.128e+05	5.691e-09
1.130e+05	8.048e-09
1.132e+05	1.136e-08
1.133e+05	8.010e-09
1.135e+05	5.947e-09
1.137e+05	8.459e-09
1.138e+05	6.171e-09
1.140e+05	5.926e-09
1.142e+05	7.492e-09
1.143e+05	7.906e-09
1.145e+05	8.001e-09
1.147e+05	8.111e-09
1.148e+05	7.903e-09
1.150e+05	7.808e-09
1.152e+05	7.143e-09
1.153e+05	8.539e-09
1.155e+05	9.740e-09
1.157e+05	9.533e-09
1.158e+05	8.664e-09
1.160e+05	8.414e-09
1.162e+05	8.169e-09
1.163e+05	6.298e-09
1.165e+05	6.445e-09
1.167e+05	6.953e-09
1.168e+05	5.793e-09
1.170e+05	8.375e-09
1.172e+05	9.211e-09
1.173e+05	8.349e-09
1.175e+05	1.111e-08
1.177e+05	8.964e-09
1.178e+05	4.984e-09
1.180e+05	7.007e-09
1.182e+05	7.688e-09
1.183e+05	8.404e-09
1.185e+05	7.872e-09
1.187e+05	5.867e-09
1.188e+05	7.856e-09
1.190e+05	9.635e-09
1.192e+05	9.309e-09
1.193e+05	8.758e-09
1.195e+05	5.680e-09
1.197e+05	6.507e-09
1.198e+05	5.623e-09
1.200e+05	4.868e-09
1.202e+05	4.765e-09
1.203e+05	8.801e-09
1.205e+05	8.970e-09
1.207e+05	9.202e-09
1.208e+05	9.600e-09
1.210e+05	6.893e-09
1.212e+05	6.311e-09
1.213e+05	4.663e-09
1.215e+05	3.120e-09
1.217e+05	6.654e-09
1.218e+05	6.900e-09
1.220e+05	7.011e-09
1.222e+05	7.976e-09
1.223e+05	5.898e-09
1.225e+05	5.753e-09
1.227e+05	8.726e-09
1.228e+05	8.181e-09
1.230e+05	6.110e-09
1.232e+05	7.463e-09
1.233e+05	6.448e-09
1.235e+05	7.785e-09
1.237e+05	8.079e-09
1.238e+05	9.306e-09
1.240e+05	5.789e-09
1.242e+05	4.872e-09
1.243e+05	6.495e-09
1.245e+05	7.253e-09
1.247e+05	9.496e-09
1.248e+05	6.065e-09
1.250e+05	4.283e-09
1.252e+05	5.879e-09
1.253e+05	7.851e-09
1.255e+05	8.402e-09
1.257e+05	6.256e-09
1.258e+05	5.572e-09
1.260e+05	5.363e-09
1.262e+05	7.072e-09
1.263e+05	7.020e-09
1.265e+05	6.384e-09
1.267e+05	6.702e-09
1.268e+05	7.834e-09
1.270e+05	5.684e-09
1.272e+05	5.773e-09
1.273e+05	6.656e-09
1.275e+05	6.745e-09
1.277e+05	6.260e-09
1.278e+05	5.806e-09
1.280e+05	7.830e-09
1.282e+05	8.292e-09
1.283e+05	7.776e-09
1.285e+05	9.482e-09
1.287e+05	7.249e-09
1.288e+05	4.247e-09
1.290e+05	6.682e-09
1.292e+05	7.961e-09
1.293e+05	7.115e-09
1.295e+05	7.781e-09
1.297e+05	7.135e-09
1.298e+05	7.067e-09
1.300e+05	6.131e-09
1.302e+05	6.429e-09
1.303e+05	6.793e-09
1.305e+05	7.048e-09
1.307e+05	5.359e-09
1.308e+05	9.991e-09
1.310e+05	1.036e-08
1.312e+05	8.676e-09
1.313e+05	9.505e-09
1.315e+05	7.248e-09
1.317e+05	7.423e-09
1.318e+05	8.540e-09
1.320e+05	5.087e-09
1.322e+05	6.946e-09
1.323e+05	6.333e-09
1.325e+05	6.784e-09
1.327e+05	1.019e-08
1.328e+05	7.539e-09
1.330e+05	9.296e-09
1.332e+05	1.099e-08
1.333e+05	5.994e-09
1.335e+05	4.805e-09
1.337e+05	6.309e-09
1.338e+05	7.617e-09
1.340e+05	7.360e-09
1.342e+05	5.266e-09
1.343e+05	4.359e-09
1.345e+05	6.198e-09
1.347e+05	6.946e-09
1.348e+05	6.887e-09
1.350e+05	5.186e-09
1.352e+05	7.694e-09
1.353e+05	8.421e-09
1.355e+05	7.550e-09
1.357e+05	8.269e-09
1.358e+05	7.942e-09
1.360e+05	5.511e-09
1.362e+05	4.864e-09
1.363e+05	5.186e-09
1.365e+05	6.923e-09
1.367e+05	7.035e-09
1.368e+05	9.548e-09
1.370e+05	1.217e-08
1.372e+05	1.136e-08
1.373e+05	9.079e-09
1.375e+05	6.815e-09
1.377e+05	5.913e-09
1.378e+05	6.630e-09
1.380e+05	5.297e-09
1.382e+05	7.137e-09
1.383e+05	5.135e-09
1.385e+05	4.948e-09
1.387e+05	4.919e-09
1.388e+05	5.845e-09
1.390e+05	8.245e-09
1.392e+05	1.052e-08
1.393e+05	8.369e-09
1.395e+05	6.836e-09
1.397e+05	7.851e-09
1.398e+05	5.696e-09
1.400e+05	4.747e-09
1.402e+05	6.560e-09
1.403e+05	8.278e-09
1.405e+05	5.734e-09
1.407e+05	5.763e-09
1.408e+05	8.577e-09
1.410e+05	9.435e-09
1.412e+05	6.558e-09
1.413e+05	6.551e-09
1.415e+05	6.020e-09
1.417e+05	7.828e-09
1.418e+05	7.625e-09
1.420e+05	8.442e-09
1.422e+05	8.853e-09
1.423e+05	5.362e-09
1.425e+05	5.733e-09
1.427e+05	5.928e-09
1.428e+05	5.292e-09
1.430e+05	7.662e-09
1.432e+05	9.549e-09
1.433e+05	5.607e-09
1.435e+05	8.789e-09
1.437e+05	9.828e-09
1.438e+05	9.295e-09
1.440e+05	9.064e-09
1.442e+05	5.732e-09
1.443e+05	9.815e-09
1.445e+05	8.488e-09
1.447e+05	8.179e-09
1.448e+05	6.600e-09
1.450e+05	5.093e-09
1.452e+05	9.445e-09
1.453e+05	9.993e-09
1.455e+05	7.694e-09
1.457e+05	1.215e-08
1.458e+05	1.087e-08
1.460e+05	1.119e-08
1.462e+05	7.869e-09
1.463e+05	3.770e-09
1.465e+05	6.894e-09
1.467e+05	6.832e-09
1.468e+05	5.583e-09
1.470e+05	7.773e-09
1.472e+05	7.936e-09
1.473e+05	7.563e-09
1.475e+05	1.240e-08
1.477e+05	1.262e-08
1.478e+05	9.987e-09
1.480e+05	9.393e-09
1.482e+05	8.980e-09
1.483e+05	9.534e-09
1.485e+05	7.493e-09
1.487e+05	5.158e-09
1.488e+05	5.987e-09
1.490e+05	9.546e-09
1.492e+05	1.018e-08
1.493e+05	6.547e-09
1.495e+05	5.941e-09
1.497e+05	6.179e-09
1.498e+05	7.465e-09
1.500e+05	6.016e-09
1.502e+05	7.130e-09
1.503e+05	1.019e-08
1.505e+05	9.285e-09
1.507e+05	7.034e-09
1.508e+05	5.797e-09
1.510e+05	7.016e-09
1.512e+05	9.764e-09
1.513e+05	7.312e-09
1.515e+05	6.035e-09
1.517e+05	4.351e-09
1.518e+05	6.572e-09
1.520e+05	9.515e-09
1.522e+05	9.710e-09
1.523e+05	8.278e-09
1.525e+05	4.374e-09
1.527e+05	5.600e-09
1.528e+05	5.305e-09
1.530e+05	8.115e-09
1.532e+05	9.360e-09
1.533e+05	7.041e-09
1.535e+05	8.302e-09
1.537e+05	8.946e-09
1.538e+05	7.594e-09
1.540e+05	8.112e-09
1.542e+05	9.079e-09
1.543e+05	1.069e-08
1.545e+05	9.899e-09
1.547e+05	8.358e-09
1.548e+05	5.844e-09
1.550e+05	6.408e-09
1.552e+05	6.664e-09
1.553e+05	5.926e-09
1.555e+05	7.076e-09
1.557e+05	6.698e-09
1.558e+05	6.900e-09
1.560e+05	7.884e-09
1.562e+05	7.822e-09
1.563e+05	6.705e-09
1.565e+05	6.304e-09
1.567e+05	5.698e-09
1.568e+05	8.037e-09
1.570e+05	8.813e-09
1.572e+05	6.475e-09
1.573e+05	4.801e-09
1.575e+05	4.820e-09
1.577e+05	5.543e-09
1.578e+05	5.101e-09
1.580e+05	6.294e-09
1.582e+05	8.465e-09
1.583e+05	8.184e-09
1.585e+05	9.078e-09
1.587e+05	8.299e-09
1.588e+05	5.569e-09
1.590e+05	4.982e-09
1.592e+05	6.462e-09
1.593e+05	6.127e-09
1.595e+05	8.121e-09
1.597e+05	9.895e-09
1.598e+05	8.399e-09
1.600e+05	7.037e-09
1.602e+05	8.305e-09
1.603e+05	7.835e-09
1.605e+05	6.459e-09
1.607e+05	7.883e-09
1.608e+05	8.229e-09
1.610e+05	8.144e-09
1.612e+05	9.234e-09
1.613e+05	7.957e-09
1.615e+05	6.483e-09
1.617e+05	9.368e-09
1.618e+05	7.734e-09
1.620e+05	5.625e-09
1.622e+05	4.197e-09
1.623e+05	6.520e-09
1.625e+05	7.353e-09
1.627e+05	8.356e-09
1.628e+05	5.480e-09
1.630e+05	5.799e-09
1.632e+05	5.395e-09
1.633e+05	6.035e-09
1.635e+05	4.256e-09
1.637e+05	7.806e-09
1.638e+05	6.265e-09
1.640e+05	8.774e-09
1.642e+05	7.882e-09
1.643e+05	4.772e-09
1.645e+05	4.848e-09
1.647e+05	5.491e-09
1.648e+05	5.394e-09
1.650e+05	6.106e-09
1.652e+05	5.548e-09
1.653e+05	4.635e-09
1.655e+05	5.191e-09
1.657e+05	5.666e-09
1.658e+05	7.182e-09
1.660e+05	7.876e-09
1.662e+05	9.551e-09
1.663e+05	8.629e-09
1.665e+05	4.833e-09
1.667e+05	4.449e-09
1.668e+05	6.099e-09
1.670e+05	6.123e-09
1.672e+05	6.626e-09
1.673e+05	8.375e-09
1.675e+05	1.098e-08
1.677e+05	7.490e-09
1.678e+05	8.157e-09
1.680e+05	7.013e-09
1.682e+05	6.276e-09
1.683e+05	5.334e-09
1.685e+05	4.112e-09
1.687e+05	3.942e-09
1.688e+05	5.101e-09
1.690e+05	6.075e-09
1.692e+05	4.820e-09
1.693e+05	6.954e-09
1.695e+05	9.796e-09
1.697e+05	8.568e-09
1.698e+05	5.561e-09
1.700e+05	5.494e-09
1.702e+05	5.805e-09
1.703e+05	6.096e-09
1.705e+05	7.072e-09
1.707e+05	7.902e-09
1.708e+05	6.170e-09
1.710e+05	5.498e-09
1.712e+05	5.777e-09
1.713e+05	5.527e-09
1.715e+05	7.017e-09
1.717e+05	7.601e-09
1.718e+05	6.232e-09
1.720e+05	5.404e-09
1.722e+05	4.214e-09
1.723e+05	5.580e-09
1.725e+05	5.548e-09
1.727e+05	5.724e-09
1.728e+05	6.513e-09
1.730e+05	6.803e-09
1.732e+05	6.988e-09
1.733e+05	4.445e-09
1.735e+05	7.619e-09
1.737e+05	6.786e-09
1.738e+05	4.252e-09
1.740e+05	6.155e-09
1.742e+05	6.054e-09
1.743e+05	3.834e-09
1.745e+05	5.656e-09
1.747e+05	4.451e-09
1.748e+05	2.880e-09
1.750e+05	5.092e-09
1.752e+05	6.464e-09
1.753e+05	6.824e-09
1.755e+05	5.220e-09
1.757e+05	5.832e-09
1.758e+05	5.524e-09
1.760e+05	4.381e-09
1.762e+05	5.298e-09
1.763e+05	6.479e-09
1.765e+05	6.968e-09
1.767e+05	5.905e-09
1.768e+05	3.861e-09
1.770e+05	6.368e-09
1.772e+05	7.796e-09
1.773e+05	7.374e-09
1.775e+05	5.106e-09
1.777e+05	4.445e-09
1.778e+05	4.231e-09
1.780e+05	4.187e-09
1.782e+05	3.909e-09
1.783e+05	4.874e-09
1.785e+05	6.574e-09
1.787e+05	5.673e-09
1.788e+05	5.949e-09
1.790e+05	5.023e-09
1.792e+05	4.533e-09
1.793e+05	5.253e-09
1.795e+05	4.552e-09
1.797e+05	6.572e-09
1.798e+05	7.182e-09
1.800e+05	7.107e-09
1.802e+05	4.894e-09
1.803e+05	5.418e-09
1.805e+05	7.782e-09
1.807e+05	5.446e-09
1.808e+05	5.086e-09
1.810e+05	5.407e-09
1.812e+05	5.968e-09
1.813e+05	4.399e-09
1.815e+05	4.078e-09
1.817e+05	5.003e-09
1.818e+05	5.897e-09
1.820e+05	4.742e-09
1.822e+05	4.953e-09
1.823e+05	5.523e-09
1.825e+05	6.345e-09
1.827e+05	4.952e-09
1.828e+05	5.693e-09
1.830e+05	9.093e-09
1.832e+05	8.477e-09
1.833e+05	7.545e-09
1.835e+05	6.595e-09
1.837e+05	5.149e-09
1.838e+05	4.490e-09
1.840e+05	6.883e-09
1.842e+05	4.216e-09
1.843e+05	3.717e-09
1.845e+05	5.917e-09
1.847e+05	8.335e-09
1.848e+05	6.540e-09
1.850e+05	6.184e-09
1.852e+05	4.601e-09
1.853e+05	6.139e-09
1.855e+05	5.224e-09
1.857e+05	4.990e-09
1.858e+05	6.235e-09
1.860e+05	7.237e-09
1.862e+05	9.284e-09
1.863e+05	5.998e-09
1.865e+05	5.814e-09
1.867e+05	5.342e-09
1.868e+05	6.134e-09
1.870e+05	4.804e-09
1.872e+05	6.250e-09
1.873e+05	6.092e-09
1.875e+05	5.216e-09
1.877e+05	3.956e-09
1.878e+05	6.851e-09
1.880e+05	7.178e-09
1.882e+05	6.045e-09
1.883e+05	3.626e-09
1.885e+05	4.922e-09
1.887e+05	4.979e-09
1.888e+05	4.803e-09
1.890e+05	5.117e-09
1.892e+05	4.982e-09
1.893e+05	3.896e-09
1.895e+05	4.667e-09
1.897e+05	5.069e-09
1.898e+05	6.651e-09
1.900e+05	6.850e-09
1.902e+05	6.670e-09
1.903e+05	5.930e-09
1.905e+05	5.745e-09
1.907e+05	5.739e-09
1.908e+05	5.483e-09
1.910e+05	6.625e-09
1.912e+05	5.639e-09
1.913e+05	6.652e-09
1.915e+05	6.217e-09
1.917e+05	5.486e-09
1.918e+05	5.111e-09
1.920e+05	4.032e-09
1.922e+05	4.746e-09
1.923e+05	6.739e-09
1.925e+05	8.142e-09
1.927e+05	8.053e-09
1.928e+05	5.450e-09
1.930e+05	6.516e-09
1.932e+05	7.071e-09
1.933e+05	6.760e-09
1.935e+05	4.165e-09
1.937e+05	5.279e-09
1.938e+05	4.229e-09
1.940e+05	2.596e-09
1.942e+05	4.006e-09
1.943e+05	5.719e-09
1.945e+05	4.787e-09
1.947e+05	4.651e-09
1.948e+05	4.495e-09
1.950e+05	4.379e-09
1.952e+05	5.235e-09
1.953e+05	6.625e-09
1.955e+05	6.898e-09
1.957e+05	5.600e-09
1.958e+05	5.581e-09
1.960e+05	5.306e-09
1.962e+05	6.021e-09
1.963e+05	4.633e-09
1.965e+05	5.320e-09
1.967e+05	6.092e-09
1.968e+05	4.579e-09
1.970e+05	3.407e-09
1.972e+05	5.573e-09
1.973e+05	7.940e-09
1.975e+05	7.861e-09
1.977e+05	7.612e-09
1.978e+05	7.358e-09
1.980e+05	6.487e-09
1.982e+05	5.694e-09
1.983e+05	5.266e-09
1.985e+05	4.033e-09
1.987e+05	4.423e-09
1.988e+05	4.552e-09
1.990e+05	4.676e-09
1.992e+05	4.162e-09
1.993e+05	6.068e-09
1.995e+05	6.851e-09
1.997e+05	6.238e-09
1.998e+05	4.464e-09
2.000e+05	6.791e-09
2.007e+05	4.298e-09
2.013e+05	5.286e-09
2.020e+05	6.109e-09
2.027e+05	5.143e-09
2.033e+05	4.673e-09
2.040e+05	5.338e-09
2.047e+05	4.521e-09
2.053e+05	5.116e-09
2.060e+05	5.374e-09
2.067e+05	4.668e-09
2.073e+05	5.753e-09
2.080e+05	7.142e-09
2.087e+05	5.833e-09
2.093e+05	3.512e-09
2.100e+05	4.702e-09
2.107e+05	4.530e-09
2.113e+05	3.779e-09
2.120e+05	5.087e-09
2.127e+05	6.006e-09
2.133e+05	6.290e-09
2.140e+05	6.088e-09
2.147e+05	5.360e-09
2.153e+05	4.406e-09
2.160e+05	6.103e-09
2.167e+05	4.507e-09
2.173e+05	4.212e-09
2.180e+05	4.169e-09
2.187e+05	3.878e-09
2.193e+05	3.621e-09
2.200e+05	4.788e-09
2.207e+05	3.893e-09
2.213e+05	4.442e-09
2.220e+05	3.866e-09
2.227e+05	3.884e-09
2.233e+05	3.295e-09
2.240e+05	2.576e-09
2.247e+05	2.881e-09
2.253e+05	3.649e-09
2.260e+05	4.361e-09
2.267e+05	3.623e-09
2.273e+05	3.801e-09
2.280e+05	3.276e-09
2.287e+05	4.054e-09
2.293e+05	5.242e-09
2.300e+05	4.977e-09
2.307e+05	3.847e-09
2.313e+05	2.756e-09
2.320e+05	2.029e-09
2.327e+05	3.352e-09
2.333e+05	4.508e-09
2.340e+05	2.566e-09
2.347e+05	4.716e-09
2.353e+05	4.995e-09
2.360e+05	3.840e-09
2.367e+05	5.184e-09
2.373e+05	3.651e-09
2.380e+05	4.320e-09
2.387e+05	5.378e-09
2.393e+05	6.967e-09
2.400e+05	7.438e-09
2.407e+05	7.276e-09
2.413e+05	5.127e-09
2.420e+05	4.164e-09
2.427e+05	3.709e-09
2.433e+05	3.276e-09
2.440e+05	3.761e-09
2.447e+05	3.425e-09
2.453e+05	3.082e-09
2.460e+05	3.767e-09
2.467e+05	4.688e-09
2.473e+05	2.931e-09
2.480e+05	2.715e-09
2.487e+05	3.025e-09
2.493e+05	2.758e-09
2.500e+05	2.911e-09
2.507e+05	3.153e-09
2.513e+05	3.649e-09
2.520e+05	3.634e-09
2.527e+05	3.651e-09
2.533e+05	3.062e-09
2.540e+05	3.456e-09
2.547e+05	2.426e-09
2.553e+05	2.504e-09
2.560e+05	3.775e-09
2.567e+05	4.123e-09
2.573e+05	3.495e-09
2.580e+05	3.485e-09
2.587e+05	2.473e-09
2.593e+05	2.001e-09
2.600e+05	3.318e-09
2.607e+05	4.583e-09
2.613e+05	5.781e-09
2.620e+05	3.535e-09
2.627e+05	2.963e-09
2.633e+05	3.026e-09
2.640e+05	3.734e-09
2.647e+05	4.265e-09
2.653e+05	2.919e-09
2.660e+05	2.034e-09
2.667e+05	2.113e-09
2.673e+05	2.450e-09
2.680e+05	3.413e-09
2.687e+05	4.446e-09
2.693e+05	3.608e-09
2.700e+05	2.885e-09
2.707e+05	2.526e-09
2.713e+05	2.880e-09
2.720e+05	2.435e-09
2.727e+05	2.867e-09
2.733e+05	4.335e-09
2.740e+05	4.629e-09
2.747e+05	3.017e-09
2.753e+05	2.716e-09
2.760e+05	2.166e-09
2.767e+05	2.550e-09
2.773e+05	2.577e-09
2.780e+05	3.263e-09
2.787e+05	3.089e-09
2.793e+05	2.899e-09
2.800e+05	2.703e-09
2.807e+05	3.298e-09
2.813e+05	2.462e-09
2.820e+05	3.019e-09
2.827e+05	3.132e-09
2.833e+05	3.281e-09
2.840e+05	3.752e-09
2.847e+05	3.021e-09
2.853e+05	2.555e-09
2.860e+05	3.073e-09
2.867e+05	4.257e-09
2.873e+05	4.009e-09
2.880e+05	2.727e-09
2.887e+05	2.301e-09
2.893e+05	3.586e-09
2.900e+05	3.053e-09
2.907e+05	3.928e-09
2.913e+05	4.039e-09
2.920e+05	3.069e-09
2.927e+05	2.411e-09
2.933e+05	2.447e-09
2.940e+05	2.910e-09
2.947e+05	2.328e-09
2.953e+05	3.874e-09
2.960e+05	3.920e-09
2.967e+05	3.086e-09
2.973e+05	3.351e-09
2.980e+05	2.644e-09
2.987e+05	1.965e-09
2.993e+05	2.296e-09
3.000e+05	2.812e-09
3.007e+05	2.589e-09
3.013e+05	2.091e-09
3.020e+05	2.763e-09
3.027e+05	3.617e-09
3.033e+05	2.720e-09
3.040e+05	2.902e-09
3.047e+05	2.866e-09
3.053e+05	2.956e-09
3.060e+05	2.961e-09
3.067e+05	3.511e-09
3.073e+05	3.588e-09
3.080e+05	2.925e-09
3.087e+05	2.568e-09
3.093e+05	2.308e-09
3.100e+05	2.682e-09
3.107e+05	2.699e-09
3.113e+05	1.764e-09
3.120e+05	1.814e-09
3.127e+05	2.387e-09
3.133e+05	2.945e-09
3.140e+05	2.059e-09
3.147e+05	3.001e-09
3.153e+05	2.783e-09
3.160e+05	3.057e-09
3.167e+05	2.679e-09
3.173e+05	2.764e-09
3.180e+05	2.995e-09
3.187e+05	2.561e-09
3.193e+05	1.956e-09
3.200e+05	1.908e-09
3.207e+05	1.965e-09
3.213e+05	1.885e-09
3.220e+05	1.695e-09
3.227e+05	2.311e-09
3.233e+05	2.101e-09
3.240e+05	2.637e-09
3.247e+05	2.757e-09
3.253e+05	1.689e-09
3.260e+05	1.659e-09
3.267e+05	2.373e-09
3.273e+05	1.790e-09
3.280e+05	2.671e-09
3.287e+05	3.108e-09
3.293e+05	3.943e-09
3.300e+05	3.613e-09
3.307e+05	2.703e-09
3.313e+05	2.185e-09
3.320e+05	2.875e-09
3.327e+05	1.573e-09
3.333e+05	1.836e-09
3.340e+05	2.765e-09
3.347e+05	2.823e-09
3.353e+05	2.950e-09
3.360e+05	3.020e-09
3.367e+05	2.732e-09
3.373e+05	2.241e-09
3.380e+05	1.868e-09
3.387e+05	1.733e-09
3.393e+05	1.813e-09
3.400e+05	2.097e-09
3.407e+05	2.135e-09
3.413e+05	2.712e-09
3.420e+05	3.330e-09
3.427e+05	3.119e-09
3.433e+05	2.765e-09
3.440e+05	2.882e-09
3.447e+05	2.293e-09
3.453e+05	2.158e-09
3.460e+05	2.459e-09
3.467e+05	1.638e-09
3.473e+05	1.746e-09
3.480e+05	2.201e-09
3.487e+05	2.217e-09
3.493e+05	1.458e-09
3.500e+05	1.617e-09
3.507e+05	1.685e-09
3.513e+05	2.810e-09
3.520e+05	3.351e-09
3.527e+05	3.104e-09
3.533e+05	3.373e-09
3.540e+05	2.298e-09
3.547e+05	2.868e-09
3.553e+05	2.040e-09
3.560e+05	2.094e-09
3.567e+05	2.289e-09
3.573e+05	1.963e-09
3.580e+05	1.471e-09
3.587e+05	1.360e-09
3.593e+05	1.670e-09
3.600e+05	1.530e-09
3.607e+05	1.147e-09
3.613e+05	2.745e-09
3.620e+05	2.307e-09
3.627e+05	1.869e-09
3.633e+05	2.230e-09
3.640e+05	2.561e-09
3.647e+05	2.763e-09
3.653e+05	1.993e-09
3.660e+05	1.990e-09
3.667e+05	1.743e-09
3.673e+05	1.818e-09
3.680e+05	2.110e-09
3.687e+05	1.130e-09
3.693e+05	1.535e-09
3.700e+05	2.566e-09
3.707e+05	2.864e-09
3.713e+05	2.674e-09
3.720e+05	2.708e-09
3.727e+05	2.000e-09
3.733e+05	1.897e-09
3.740e+05	2.086e-09
3.747e+05	2.039e-09
3.753e+05	2.486e-09
3.760e+05	2.750e-09
3.767e+05	2.370e-09
3.773e+05	1.566e-09
3.780e+05	1.223e-09
3.787e+05	1.915e-09
3.793e+05	1.960e-09
3.800e+05	2.079e-09
3.807e+05	1.756e-09
3.813e+05	2.182e-09
3.820e+05	1.925e-09
3.827e+05	1.336e-09
3.833e+05	1.574e-09
3.840e+05	2.076e-09
3.847e+05	2.371e-09
3.853e+05	2.350e-09
3.860e+05	2.514e-09
3.867e+05	2.223e-09
3.873e+05	1.297e-09
3.880e+05	1.481e-09
3.887e+05	1.901e-09
3.893e+05	1.875e-09
3.900e+05	2.018e-09
3.907e+05	2.474e-09
3.913e+05	1.985e-09
3.920e+05	1.312e-09
3.927e+05	1.259e-09
3.933e+05	1.912e-09
3.940e+05	2.433e-09
3.947e+05	2.098e-09
3.953e+05	2.093e-09
3.960e+05	1.690e-09
3.967e+05	1.626e-09
3.973e+05	1.857e-09
3.980e+05	1.995e-09
3.987e+05	2.801e-09
3.993e+05	2.972e-09
4.000e+05	1.876e-09
4.007e+05	2.143e-09
4.013e+05	2.083e-09
4.020e+05	2.130e-09
4.027e+05	2.068e-09
4.033e+05	2.120e-09
4.040e+05	1.868e-09
4.047e+05	1.871e-09
4.053e+05	1.472e-09
4.060e+05	1.685e-09
4.067e+05	1.602e-09
4.073e+05	1.952e-09
4.080e+05	1.797e-09
4.087e+05	1.558e-09
4.093e+05	1.487e-09
4.100e+05	1.714e-09
4.107e+05	1.181e-09
4.113e+05	1.296e-09
4.120e+05	2.192e-09
4.127e+05	1.645e-09
4.133e+05	1.818e-09
4.140e+05	1.696e-09
4.147e+05	1.966e-09
4.153e+05	2.434e-09
4.160e+05	1.682e-09
4.167e+05	1.302e-09
4.173e+05	1.464e-09
4.180e+05	1.930e-09
4.187e+05	1.401e-09
4.193e+05	2.128e-09
4.200e+05	1.855e-09
4.207e+05	1.443e-09
4.213e+05	1.638e-09
4.220e+05	2.279e-09
4.227e+05	2.047e-09
4.233e+05	2.114e-09
4.240e+05	2.512e-09
4.247e+05	1.754e-09
4.253e+05	9.355e-10
4.260e+05	1.166e-09
4.267e+05	1.388e-09
4.273e+05	1.745e-09
4.280e+05	2.241e-09
4.287e+05	1.329e-09
4.293e+05	1.146e-09
4.300e+05	1.100e-09
4.307e+05	1.702e-09
4.313e+05	1.719e-09
4.320e+05	1.475e-09
4.327e+05	1.471e-09
4.333e+05	1.959e-09
4.340e+05	1.626e-09
4.347e+05	1.930e-09
4.353e+05	1.953e-09
4.360e+05	1.436e-09
4.367e+05	1.345e-09
4.373e+05	1.618e-09
4.380e+05	2.140e-09
4.387e+05	1.486e-09
4.393e+05	2.151e-09
4.400e+05	2.225e-09
4.407e+05	1.711e-09
4.413e+05	1.797e-09
4.420e+05	1.414e-09
4.427e+05	2.105e-09
4.433e+05	2.394e-09
4.440e+05	1.121e-09
4.447e+05	8.027e-10
4.453e+05	1.104e-09
4.460e+05	1.520e-09
4.467e+05	1.630e-09
4.473e+05	1.749e-09
4.480e+05	2.017e-09
4.487e+05	1.943e-09
4.493e+05	1.284e-09
4.500e+05	1.647e-09
4.507e+05	1.788e-09
4.513e+05	1.791e-09
4.520e+05	1.469e-09
4.527e+05	1.292e-09
4.533e+05	1.529e-09
4.540e+05	1.157e-09
4.547e+05	1.578e-09
4.553e+05	1.559e-09
4.560e+05	1.565e-09
4.567e+05	2.312e-09
4.573e+05	1.781e-09
4.580e+05	1.263e-09
4.587e+05	1.724e-09
4.593e+05	1.665e-09
4.600e+05	1.775e-09
4.607e+05	2.241e-09
4.613e+05	1.751e-09
4.620e+05	1.216e-09
4.627e+05	2.106e-09
4.633e+05	1.925e-09
4.640e+05	2.183e-09
4.647e+05	2.689e-09
4.653e+05	1.803e-09
4.660e+05	1.245e-09
4.667e+05	1.516e-09
4.673e+05	1.163e-09
4.680e+05	1.474e-09
4.687e+05	1.399e-09
4.693e+05	1.368e-09
4.700e+05	1.503e-09
4.707e+05	1.529e-09
4.713e+05	1.430e-09
4.720e+05	1.496e-09
4.727e+05	1.027e-09
4.733e+05	1.182e-09
4.740e+05	1.461e-09
4.747e+05	8.964e-10
4.753e+05	9.973e-10
4.760e+05	1.058e-09
4.767e+05	6.745e-10
4.773e+05	1.172e-09
4.780e+05	1.269e-09
4.787e+05	1.256e-09
4.793e+05	1.240e-09
4.800e+05	1.324e-09
4.807e+05	1.662e-09
4.813e+05	1.516e-09
4.820e+05	1.605e-09
4.827e+05	1.519e-09
4.833e+05	1.483e-09
4.840e+05	1.351e-09
4.847e+05	1.986e-09
4.853e+05	2.597e-09
4.860e+05	2.188e-09
4.867e+05	1.562e-09
4.873e+05	1.540e-09
4.880e+05	2.025e-09
4.887e+05	1.692e-09
4.893e+05	1.134e-09
4.900e+05	1.525e-09
4.907e+05	1.444e-09
4.913e+05	1.386e-09
4.920e+05	1.552e-09
4.927e+05	1.187e-09
4.933e+05	1.515e-09
4.940e+05	1.496e-09
4.947e+05	1.883e-09
4.953e+05	1.583e-09
4.960e+05	1.157e-09
4.967e+05	1.254e-09
4.973e+05	9.870e-10
4.980e+05	1.364e-09
4.987e+05	1.967e-09
4.993e+05	2.154e-09
5.000e+05	1.566e-09
5.007e+05	1.319e-09
5.013e+05	1.960e-09
5.020e+05	1.246e-09
5.027e+05	1.039e-09
5.033e+05	1.774e-09
5.040e+05	1.806e-09
5.047e+05	1.857e-09
5.053e+05	1.378e-09
5.060e+05	1.099e-09
5.067e+05	1.752e-09
5.073e+05	1.276e-09
5.080e+05	1.020e-09
5.087e+05	8.825e-10
5.093e+05	1.219e-09
5.100e+05	1.318e-09
5.107e+05	1.003e-09
5.113e+05	1.360e-09
5.120e+05	1.393e-09
5.127e+05	1.415e-09
5.133e+05	1.212e-09
5.140e+05	1.500e-09
5.147e+05	1.478e-09
5.153e+05	1.439e-09
5.160e+05	2.079e-09
5.167e+05	2.117e-09
5.173e+05	1.837e-09
5.180e+05	1.018e-09
5.187e+05	9.656e-10
5.193e+05	1.330e-09
5.200e+05	1.803e-09
5.207e+05	1.884e-09
5.213e+05	1.705e-09
5.220e+05	1.676e-09
5.227e+05	1.350e-09
5.233e+05	1.260e-09
5.240e+05	1.259e-09
5.247e+05	1.000e-09
5.253e+05	1.246e-09
5.260e+05	1.207e-09
5.267e+05	1.155e-09
5.273e+05	1.563e-09
5.280e+05	1.686e-09
5.287e+05	1.523e-09
5.293e+05	1.146e-09
5.300e+05	1.452e-09
5.307e+05	1.549e-09
5.313e+05	1.526e-09
5.320e+05	1.008e-09
5.327e+05	1.186e-09
5.333e+05	1.609e-09
5.340e+05	9.474e-10
5.347e+05	9.623e-10
5.353e+05	1.511e-09
5.360e+05	2.032e-09
5.367e+05	1.431e-09
5.373e+05	9.729e-10
5.380e+05	1.268e-09
5.387e+05	1.237e-09
5.393e+05	1.072e-09
5.400e+05	9.917e-10
5.407e+05	1.124e-09
5.413e+05	1.261e-09
5.420e+05	1.181e-09
5.427e+05	1.236e-09
5.433e+05	1.264e-09
5.440e+05	1.037e-09
5.447e+05	9.758e-10
5.453e+05	1.271e-09
5.460e+05	1.241e-09
5.467e+05	7.551e-10
5.473e+05	9.876e-10
5.480e+05	9.563e-10
5.487e+05	1.054e-09
5.493e+05	9.784e-10
5.500e+05	1.126e-09
5.507e+05	1.205e-09
5.513e+05	1.316e-09
5.520e+05	1.635e-09
5.527e+05	1.388e-09
5.533e+05	1.302e-09
5.540e+05	1.682e-09
5.547e+05	1.512e-09
5.553e+05	1.337e-09
5.560e+05	1.272e-09
5.567e+05	9.701e-10
5.573e+05	9.144e-10
5.580e+05	1.344e-09
5.587e+05	1.495e-09
5.593e+05	8.403e-10
5.600e+05	9.661e-10
5.607e+05	9.382e-10
5.613e+05	7.836e-10
5.620e+05	1.057e-09
5.627e+05	6.908e-10
5.633e+05	5.810e-10
5.640e+05	1.019e-09
5.647e+05	1.569e-09
5.653e+05	1.980e-09
5.660e+05	1.373e-09
5.667e+05	9.339e-10
5.673e+05	8.603e-10
5.680e+05	8.208e-10
5.687e+05	1.008e-09
5.693e+05	1.679e-09
5.700e+05	1.395e-09
5.707e+05	1.011e-09
5.713e+05	6.831e-10
5.720e+05	9.893e-10
5.727e+05	8.986e-10
5.733e+05	1.204e-09
5.740e+05	1.049e-09
5.747e+05	8.954e-10
5.753e+05	9.342e-10
5.760e+05	1.254e-09
5.767e+05	1.037e-09
5.773e+05	9.097e-10
5.780e+05	1.277e-09
5.787e+05	1.281e-09
5.793e+05	1.312e-09
5.800e+05	9.722e-10
5.807e+05	1.335e-09
5.813e+05	1.136e-09
5.820e+05	8.675e-10
5.827e+05	1.491e-09
5.833e+05	1.069e-09
5.840e+05	8.895e-10
5.847e+05	1.005e-09
5.853e+05	1.023e-09
5.860e+05	1.024e-09
5.867e+05	9.691e-10
5.873e+05	9.570e-10
5.880e+05	9.353e-10
5.887e+05	7.793e-10
5.893e+05	1.174e-09
5.900e+05	1.217e-09
5.907e+05	1.325e-09
5.913e+05	1.283e-09
5.920e+05	1.197e-09
5.927e+05	1.459e-09
5.933e+05	1.295e-09
5.940e+05	1.656e-09
5.947e+05	1.998e-09
5.953e+05	1.836e-09
5.960e+05	1.389e-09
5.967e+05	9.644e-10
5.973e+05	8.987e-10
5.980e+05	1.065e-09
5.987e+05	1.046e-09
5.993e+05	9.940e-10
6.000e+05	1.435e-09
6.007e+05	1.348e-09
6.013e+05	9.492e-10
6.020e+05	9.672e-10
6.027e+05	1.508e-09
6.033e+05	1.126e-09
6.040e+05	1.216e-09
6.047e+05	1.071e-09
6.053e+05	1.133e-09
6.060e+05	7.630e-10
6.067e+05	5.959e-10
6.073e+05	7.310e-10
6.080e+05	8.511e-10
6.087e+05	8.537e-10
6.093e+05	7.644e-10
6.100e+05	1.306e-09
6.107e+05	1.051e-09
6.113e+05	1.166e-09
6.120e+05	9.104e-10
6.127e+05	7.729e-10
6.133e+05	9.224e-10
6.140e+05	6.761e-10
6.147e+05	7.498e-10
6.153e+05	1.107e-09
6.160e+05	1.061e-09
6.167e+05	9.756e-10
6.173e+05	1.326e-09
6.180e+05	1.163e-09
6.187e+05	1.162e-09
6.193e+05	1.211e-09
6.200e+05	1.188e-09
6.207e+05	1.046e-09
6.213e+05	1.216e-09
6.220e+05	9.382e-10
6.227e+05	1.056e-09
6.233e+05	1.280e-09
6.240e+05	1.155e-09
6.247e+05	1.256e-09
6.253e+05	9.073e-10
6.260e+05	6.781e-10
6.267e+05	1.022e-09
6.273e+05	1.002e-09
6.280e+05	1.004e-09
6.287e+05	8.300e-10
6.293e+05	7.737e-10
6.300e+05	8.117e-10
6.307e+05	6.135e-10
6.313e+05	6.560e-10
6.320e+05	8.753e-10
6.327e+05	1.537e-09
6.333e+05	9.143e-10
6.340e+05	7.865e-10
6.347e+05	1.208e-09
6.353e+05	9.138e-10
6.360e+05	8.270e-10
6.367e+05	9.296e-10
6.373e+05	1.200e-09
6.380e+05	1.010e-09
6.387e+05	4.834e-10
6.393e+05	5.179e-10
6.400e+05	5.794e-10
6.407e+05	1.087e-09
6.413e+05	1.342e-09
6.420e+05	8.312e-10
6.427e+05	8.154e-10
6.433e+05	8.224e-10
6.440e+05	7.365e-10
6.447e+05	9.735e-10
6.453e+05	1.079e-09
6.460e+05	9.824e-10
6.467e+05	1.608e-09
6.473e+05	1.558e-09
6.480e+05	9.848e-10
6.487e+05	8.238e-10
6.493e+05	9.957e-10
6.500e+05	1.219e-09
6.507e+05	9.996e-10
6.513e+05	7.538e-10
6.520e+05	8.235e-10
6.527e+05	1.013e-09
6.533e+05	1.331e-09
6.540e+05	1.464e-09
6.547e+05	1.184e-09
6.553e+05	1.159e-09
6.560e+05	1.069e-09
6.567e+05	9.276e-10
6.573e+05	9.602e-10
6.580e+05	1.001e-09
6.587e+05	1.046e-09
6.593e+05	8.018e-10
6.600e+05	9.202e-10
6.607e+05	1.015e-09
6.613e+05	1.113e-09
6.620e+05	9.029e-10
6.627e+05	8.469e-10
6.633e+05	4.157e-10
6.640e+05	4.891e-10
6.647e+05	6.474e-10
6.653e+05	9.839e-10
6.660e+05	9.261e-10
6.667e+05	1.167e-09
6.673e+05	1.120e-09
6.680e+05	1.194e-09
6.687e+05	8.584e-10
6.693e+05	1.049e-09
6.700e+05	1.049e-09
6.707e+05	1.173e-09
6.713e+05	1.157e-09
6.720e+05	9.200e-10
6.727e+05	7.269e-10
6.733e+05	1.087e-09
6.740e+05	9.974e-10
6.747e+05	9.470e-10
6.753e+05	1.007e-09
6.760e+05	7.076e-10
6.767e+05	7.478e-10
6.773e+05	9.160e-10
6.780e+05	1.117e-09
6.787e+05	1.115e-09
6.793e+05	6.580e-10
6.800e+05	7.397e-10
6.807e+05	9.372e-10
6.813e+05	1.196e-09
6.820e+05	9.455e-10
6.827e+05	6.811e-10
6.833e+05	7.388e-10
6.840e+05	8.899e-10
6.847e+05	9.286e-10
6.853e+05	8.615e-10
6.860e+05	1.086e-09
6.867e+05	1.017e-09
6.873e+05	1.023e-09
6.880e+05	9.589e-10
6.887e+05	6.629e-10
6.893e+05	7.954e-10
6.900e+05	6.774e-10
6.907e+05	6.798e-10
6.913e+05	6.876e-10
6.920e+05	6.783e-10
6.927e+05	6.881e-10
6.933e+05	6.757e-10
6.940e+05	6.827e-10
6.947e+05	1.133e-09
6.953e+05	8.887e-10
6.960e+05	5.446e-10
6.967e+05	9.018e-10
6.973e+05	8.481e-10
6.980e+05	6.725e-10
6.987e+05	1.014e-09
6.993e+05	8.262e-10
7.000e+05	7.900e-10
7.007e+05	1.113e-09
7.013e+05	1.347e-09
7.020e+05	1.049e-09
7.027e+05	9.488e-10
7.033e+05	9.547e-10
7.040e+05	1.017e-09
7.047e+05	6.945e-10
7.053e+05	9.772e-10
7.060e+05	1.443e-09
7.067e+05	1.205e-09
7.073e+05	7.945e-10
7.080e+05	6.705e-10
7.087e+05	8.745e-10
7.093e+05	8.540e-10
7.100e+05	7.474e-10
7.107e+05	1.233e-09
7.113e+05	1.088e-09
7.120e+05	8.329e-10
7.127e+05	1.149e-09
7.133e+05	1.315e-09
7.140e+05	1.217e-09
7.147e+05	1.067e-09
7.153e+05	8.337e-10
7.160e+05	7.020e-10
7.167e+05	9.005e-10
7.173e+05	1.483e-09
7.180e+05	1.374e-09
7.187e+05	1.356e-09
7.193e+05	1.047e-09
7.200e+05	1.114e-09
7.207e+05	1.070e-09
7.213e+05	1.023e-09
7.220e+05	9.254e-10
7.227e+05	9.281e-10
7.233e+05	1.085e-09
7.240e+05	1.001e-09
7.247e+05	9.770e-10
7.253e+05	1.269e-09
7.260e+05	1.206e-09
7.267e+05	9.150e-10
7.273e+05	9.186e-10
7.280e+05	9.021e-10
7.287e+05	9.762e-10
7.293e+05	8.946e-10
7.300e+05	9.521e-10
7.307e+05	6.782e-10
7.313e+05	7.188e-10
7.320e+05	8.244e-10
7.327e+05	6.118e-10
7.333e+05	8.642e-10
7.340e+05	8.580e-10
7.347e+05	1.332e-09
7.353e+05	1.392e-09
7.360e+05	1.366e-09
7.367e+05	1.384e-09
7.373e+05	9.100e-10
7.380e+05	7.922e-10
7.387e+05	8.807e-10
7.393e+05	8.241e-10
7.400e+05	9.767e-10
7.407e+05	8.046e-10
7.413e+05	7.818e-10
7.420e+05	1.181e-09
7.427e+05	1.047e-09
7.433e+05	9.975e-10
7.440e+05	1.258e-09
7.447e+05	1.488e-09
7.453e+05	1.009e-09
7.460e+05	9.907e-10
7.467e+05	1.115e-09
7.473e+05	8.156e-10
7.480e+05	6.495e-10
7.487e+05	9.108e-10
7.493e+05	9.254e-10
7.500e+05	8.934e-10
7.507e+05	1.217e-09
7.513e+05	1.218e-09
7.520e+05	1.122e-09
7.527e+05	1.318e-09
7.533e+05	1.191e-09
7.540e+05	9.269e-10
7.547e+05	1.020e-09
7.553e+05	9.168e-10
7.560e+05	8.202e-10
7.567e+05	7.307e-10
7.573e+05	6.884e-10
7.580e+05	8.418e-10
7.587e+05	1.072e-09
7.593e+05	1.175e-09
7.600e+05	9.075e-10
7.607e+05	9.388e-10
7.613e+05	9.586e-10
7.620e+05	8.743e-10
7.627e+05	1.042e-09
7.633e+05	1.111e-09
7.640e+05	9.196e-10
7.647e+05	7.590e-10
7.653e+05	8.996e-10
7.660e+05	7.885e-10
7.667e+05	5.927e-10
7.673e+05	9.561e-10
7.680e+05	5.720e-10
7.687e+05	6.555e-10
7.693e+05	6.175e-10
7.700e+05	1.140e-09
7.707e+05	1.271e-09
7.713e+05	1.153e-09
7.720e+05	1.201e-09
7.727e+05	9.874e-10
7.733e+05	8.825e-10
7.740e+05	9.030e-10
7.747e+05	7.996e-10
7.753e+05	9.374e-10
7.760e+05	1.366e-09
7.767e+05	1.307e-09
7.773e+05	8.852e-10
7.780e+05	6.911e-10
7.787e+05	7.306e-10
7.793e+05	8.721e-10
7.800e+05	1.131e-09
7.807e+05	1.218e-09
7.813e+05	1.147e-09
7.820e+05	8.482e-10
7.827e+05	9.414e-10
7.833e+05	8.612e-10
7.840e+05	1.028e-09
7.847e+05	9.330e-10
7.853e+05	1.002e-09
7.860e+05	1.078e-09
7.867e+05	7.534e-10
7.873e+05	8.564e-10
7.880e+05	9.109e-10
7.887e+05	6.661e-10
7.893e+05	9.725e-10
7.900e+05	8.145e-10
7.907e+05	8.154e-10
7.913e+05	7.895e-10
7.920e+05	8.724e-10
7.927e+05	9.809e-10
7.933e+05	1.064e-09
7.940e+05	7.737e-10
7.947e+05	7.198e-10
7.953e+05	8.224e-10
7.960e+05	8.636e-10
7.967e+05	1.234e-09
7.973e+05	1.230e-09
7.980e+05	7.469e-10
7.987e+05	9.121e-10
7.993e+05	1.059e-09
8.000e+05	7.266e-10
8.007e+05	7.223e-10
8.013e+05	9.338e-10
8.020e+05	9.632e-10
8.027e+05	8.632e-10
8.033e+05	8.500e-10
8.040e+05	6.620e-10
8.047e+05	7.692e-10
8.053e+05	1.164e-09
8.060e+05	1.147e-09
8.067e+05	1.250e-09
8.073e+05	1.254e-09
8.080e+05	1.085e-09
8.087e+05	7.888e-10
8.093e+05	1.043e-09
8.100e+05	9.458e-10
8.107e+05	7.595e-10
8.113e+05	6.946e-10
8.120e+05	8.036e-10
8.127e+05	8.702e-10
8.133e+05	8.743e-10
8.140e+05	1.043e-09
8.147e+05	1.234e-09
8.153e+05	1.002e-09
8.160e+05	9.251e-10
8.167e+05	9.717e-10
8.173e+05	1.154e-09
8.180e+05	1.051e-09
8.187e+05	8.081e-10
8.193e+05	1.051e-09
8.200e+05	8.119e-10
8.207e+05	6.302e-10
8.213e+05	1.148e-09
8.220e+05	9.003e-10
8.227e+05	6.774e-10
8.233e+05	4.842e-10
8.240e+05	7.304e-10
8.247e+05	1.296e-09
8.253e+05	7.408e-10
8.260e+05	7.437e-10
8.267e+05	8.793e-10
8.273e+05	1.184e-09
8.280e+05	8.304e-10
8.287e+05	4.988e-10
8.293e+05	6.515e-10
8.300e+05	1.076e-09
8.307e+05	9.769e-10
8.313e+05	7.717e-10
8.320e+05	8.773e-10
8.327e+05	1.011e-09
8.333e+05	1.074e-09
8.340e+05	9.546e-10
8.347e+05	9.381e-10
8.353e+05	9.785e-10
8.360e+05	9.585e-10
8.367e+05	8.922e-10
8.373e+05	8.444e-10
8.380e+05	7.770e-10
8.387e+05	1.075e-09
8.393e+05	1.389e-09
8.400e+05	8.713e-10
8.407e+05	8.644e-10
8.413e+05	8.397e-10
8.420e+05	9.047e-10
8.427e+05	1.116e-09
8.433e+05	9.734e-10
8.440e+05	8.567e-10
8.447e+05	1.165e-09
8.453e+05	7.822e-10
8.460e+05	6.451e-10
8.467e+05	6.978e-10
8.473e+05	7.526e-10
8.480e+05	7.666e-10
8.487e+05	1.099e-09
8.493e+05	9.990e-10
8.500e+05	9.387e-10
8.507e+05	1.041e-09
8.513e+05	9.819e-10
8.520e+05	1.047e-09
8.527e+05	1.594e-09
8.533e+05	1.089e-09
8.540e+05	1.263e-09
8.547e+05	9.692e-10
8.553e+05	7.666e-10
8.560e+05	8.124e-10
8.567e+05	1.162e-09
8.573e+05	8.236e-10
8.580e+05	8.067e-10
8.587e+05	7.523e-10
8.593e+05	8.043e-10
8.600e+05	1.050e-09
8.607e+05	7.799e-10
8.613e+05	5.059e-10
8.620e+05	8.995e-10
8.627e+05	9.661e-10
8.633e+05	1.049e-09
8.640e+05	9.090e-10
8.647e+05	4.804e-10
8.653e+05	6.314e-10
8.660e+05	1.113e-09
8.667e+05	7.581e-10
8.673e+05	9.459e-10
8.680e+05	1.062e-09
8.687e+05	7.713e-10
8.693e+05	9.142e-10
8.700e+05	8.102e-10
8.707e+05	9.541e-10
8.713e+05	1.104e-09
8.720e+05	1.030e-09
8.727e+05	5.681e-10
8.733e+05	8.263e-10
8.740e+05	1.177e-09
8.747e+05	1.152e-09
8.753e+05	1.108e-09
8.760e+05	8.179e-10
8.767e+05	8.652e-10
8.773e+05	9.567e-10
8.780e+05	6.630e-10
8.787e+05	5.134e-10
8.793e+05	1.106e-09
8.800e+05	8.237e-10
8.807e+05	7.041e-10
8.813e+05	9.741e-10
8.820e+05	9.008e-10
8.827e+05	6.580e-10
8.833e+05	6.434e-10
8.840e+05	5.265e-10
8.847e+05	6.846e-10
8.853e+05	8.509e-10
8.860e+05	7.896e-10
8.867e+05	6.570e-10
8.873e+05	8.064e-10
8.880e+05	8.019e-10
8.887e+05	7.624e-10
8.893e+05	6.420e-10
8.900e+05	6.687e-10
8.907e+05	8.701e-10
8.913e+05	1.127e-09
8.920e+05	1.277e-09
8.927e+05	7.499e-10
8.933e+05	8.457e-10
8.940e+05	8.930e-10
8.947e+05	9.320e-10
8.953e+05	7.325e-10
8.960e+05	9.163e-10
8.967e+05	1.079e-09
8.973e+05	1.401e-09
8.980e+05	1.410e-09
8.987e+05	1.140e-09
8.993e+05	7.110e-10
9.000e+05	7.281e-10
9.007e+05	8.765e-10
9.013e+05	1.054e-09
9.020e+05	8.415e-10
9.027e+05	1.007e-09
9.033e+05	1.043e-09
9.040e+05	7.990e-10
9.047e+05	7.975e-10
9.053e+05	8.874e-10
9.060e+05	1.081e-09
9.067e+05	1.035e-09
9.073e+05	6.825e-10
9.080e+05	5.833e-10
9.087e+05	6.760e-10
9.093e+05	7.371e-10
9.100e+05	6.815e-10
9.107e+05	5.949e-10
9.113e+05	8.947e-10
9.120e+05	9.239e-10
9.127e+05	6.466e-10
9.133e+05	7.178e-10
9.140e+05	6.814e-10
9.147e+05	7.611e-10
9.153e+05	9.007e-10
9.160e+05	8.475e-10
9.167e+05	6.728e-10
9.173e+05	7.370e-10
9.180e+05	7.466e-10
9.187e+05	6.285e-10
9.193e+05	8.233e-10
9.200e+05	8.538e-10
9.207e+05	6.226e-10
9.213e+05	7.089e-10
9.220e+05	8.247e-10
9.227e+05	6.350e-10
9.233e+05	7.847e-10
9.240e+05	9.876e-10
9.247e+05	8.158e-10
9.253e+05	8.427e-10
9.260e+05	7.755e-10
9.267e+05	9.958e-10
9.273e+05	1.490e-09
9.280e+05	1.138e-09
9.287e+05	1.172e-09
9.293e+05	8.289e-10
9.300e+05	5.518e-10
9.307e+05	8.021e-10
9.313e+05	1.183e-09
9.320e+05	8.654e-10
9.327e+05	6.143e-10
9.333e+05	4.866e-10
9.340e+05	5.542e-10
9.347e+05	8.098e-10
9.353e+05	9.613e-10
9.360e+05	1.035e-09
9.367e+05	9.485e-10
9.373e+05	8.393e-10
9.380e+05	7.789e-10
9.387e+05	5.724e-10
9.393e+05	6.270e-10
9.400e+05	5.368e-10
9.407e+05	5.080e-10
9.413e+05	7.824e-10
9.420e+05	1.035e-09
9.427e+05	4.982e-10
9.433e+05	4.489e-10
9.440e+05	7.191e-10
9.447e+05	5.455e-10
9.453e+05	4.525e-10
9.460e+05	7.684e-10
9.467e+05	7.260e-10
9.473e+05	6.266e-10
9.480e+05	7.154e-10
9.487e+05	6.928e-10
9.493e+05	8.553e-10
9.500e+05	9.377e-10
9.507e+05	7.120e-10
9.513e+05	5.920e-10
9.520e+05	6.381e-10
9.527e+05	8.305e-10
9.533e+05	1.015e-09
9.540e+05	8.797e-10
9.547e+05	7.396e-10
9.553e+05	6.250e-10
9.560e+05	6.847e-10
9.567e+05	6.051e-10
9.573e+05	7.589e-10
9.580e+05	8.158e-10
9.587e+05	9.701e-10
9.593e+05	9.786e-10
9.600e+05	7.896e-10
9.607e+05	9.065e-10
9.613e+05	1.079e-09
9.620e+05	8.999e-10
9.627e+05	6.865e-10
9.633e+05	8.089e-10
9.640e+05	8.058e-10
9.647e+05	1.062e-09
9.653e+05	6.249e-10
9.660e+05	5.361e-10
9.667e+05	6.814e-10
9.673e+05	7.565e-10
9.680e+05	6.546e-10
9.687e+05	8.442e-10
9.693e+05	7.940e-10
9.700e+05	6.971e-10
9.707e+05	6.360e-10
9.713e+05	7.515e-10
9.720e+05	7.760e-10
9.727e+05	8.825e-10
9.733e+05	6.436e-10
9.740e+05	7.360e-10
9.747e+05	7.915e-10
9.753e+05	8.710e-10
9.760e+05	5.274e-10
9.767e+05	7.179e-10
9.773e+05	5.986e-10
9.780e+05	7.604e-10
9.787e+05	8.897e-10
9.793e+05	7.623e-10
9.800e+05	9.759e-10
9.807e+05	9.453e-10
9.813e+05	6.402e-10
9.820e+05	7.945e-10
9.827e+05	7.802e-10
9.833e+05	7.242e-10
9.840e+05	5.938e-10
9.847e+05	7.544e-10
9.853e+05	9.247e-10
9.860e+05	9.063e-10
9.867e+05	1.020e-09
9.873e+05	6.030e-10
9.880e+05	6.126e-10
9.887e+05	7.282e-10
9.893e+05	5.396e-10
9.900e+05	7.710e-10
9.907e+05	8.622e-10
9.913e+05	6.784e-10
9.920e+05	5.106e-10
9.927e+05	8.831e-10
9.933e+05	9.949e-10
9.940e+05	7.771e-10
9.947e+05	5.318e-10
9.953e+05	9.178e-10
9.960e+05	1.164e-09
9.967e+05	7.421e-10
9.973e+05	6.654e-10
9.980e+05	6.572e-10
9.987e+05	8.542e-10
9.993e+05	6.804e-10
1.000e+06	8.206e-10
1.001e+06	8.561e-10
1.001e+06	6.605e-10
1.002e+06	6.460e-10
1.003e+06	5.840e-10
1.003e+06	6.718e-10
1.004e+06	5.526e-10
1.005e+06	6.057e-10
1.005e+06	9.262e-10
1.006e+06	7.568e-10
1.007e+06	5.072e-10
1.007e+06	9.189e-10
1.008e+06	8.137e-10
1.009e+06	4.917e-10
1.009e+06	4.565e-10
1.010e+06	6.177e-10
1.011e+06	5.177e-10
1.011e+06	6.294e-10
1.012e+06	8.210e-10
1.013e+06	8.129e-10
1.013e+06	5.706e-10
1.014e+06	4.735e-10
1.015e+06	4.504e-10
1.015e+06	5.463e-10
1.016e+06	6.644e-10
1.017e+06	5.306e-10
1.017e+06	6.013e-10
1.018e+06	8.180e-10
1.019e+06	8.251e-10
1.019e+06	8.023e-10
1.020e+06	8.190e-10
1.021e+06	7.416e-10
1.021e+06	5.245e-10
1.022e+06	5.379e-10
1.023e+06	5.289e-10
1.023e+06	7.006e-10
1.024e+06	6.532e-10
1.025e+06	7.909e-10
1.025e+06	5.509e-10
1.026e+06	5.606e-10
1.027e+06	6.441e-10
1.027e+06	6.470e-10
1.028e+06	5.487e-10
1.029e+06	4.808e-10
1.029e+06	4.678e-10
1.030e+06	5.739e-10
1.031e+06	7.118e-10
1.031e+06	5.339e-10
1.032e+06	5.236e-10
1.033e+06	9.061e-10
1.033e+06	8.212e-10
1.034e+06	5.667e-10
1.035e+06	4.990e-10
1.035e+06	6.383e-10
1.036e+06	8.945e-10
1.037e+06	6.741e-10
1.037e+06	6.541e-10
1.038e+06	4.216e-10
1.039e+06	5.495e-10
1.039e+06	6.733e-10
1.040e+06	7.252e-10
1.041e+06	7.356e-10
1.041e+06	6.286e-10
1.042e+06	7.665e-10
1.043e+06	7.520e-10
1.043e+06	5.312e-10
1.044e+06	7.682e-10
1.045e+06	8.189e-10
1.045e+06	7.855e-10
1.046e+06	8.096e-10
1.047e+06	5.548e-10
1.047e+06	4.015e-10
1.048e+06	3.549e-10
1.049e+06	4.874e-10
1.049e+06	5.797e-10
1.050e+06	6.703e-10
1.051e+06	7.372e-10
1.051e+06	7.554e-10
1.052e+06	5.747e-10
1.053e+06	6.857e-10
1.053e+06	7.749e-10
1.054e+06	5.546e-10
1.055e+06	5.866e-10
1.055e+06	7.377e-10
1.056e+06	7.204e-10
1.057e+06	6.739e-10
1.057e+06	9.124e-10
1.058e+06	7.269e-10
1.059e+06	6.751e-10
1.059e+06	6.135e-10
1.060e+06	4.660e-10
1.061e+06	5.653e-10
1.061e+06	5.457e-10
1.062e+06	4.380e-10
1.063e+06	4.776e-10
1.063e+06	4.737e-10
1.064e+06	4.591e-10
1.065e+06	5.710e-10
1.065e+06	5.267e-10
1.066e+06	6.737e-10
1.067e+06	6.983e-10
1.067e+06	6.888e-10
1.068e+06	5.986e-10
1.069e+06	4.597e-10
1.069e+06	3.534e-10
1.070e+06	5.492e-10
1.071e+06	7.762e-10
1.071e+06	7.871e-10
1.072e+06	6.137e-10
1.073e+06	5.886e-10
1.073e+06	3.761e-10
1.074e+06	2.126e-10
1.075e+06	3.293e-10
1.075e+06	5.293e-10
1.076e+06	5.711e-10
1.077e+06	5.561e-10
1.077e+06	6.917e-10
1.078e+06	7.951e-10
1.079e+06	5.637e-10
1.079e+06	8.608e-10
1.080e+06	6.798e-10
1.081e+06	4.996e-10
1.081e+06	4.786e-10
1.082e+06	6.431e-10
1.083e+06	4.957e-10
1.083e+06	3.891e-10
1.084e+06	5.412e-10
1.085e+06	4.930e-10
1.085e+06	3.995e-10
1.086e+06	4.880e-10
1.087e+06	4.054e-10
1.087e+06	5.004e-10
1.088e+06	4.900e-10
1.089e+06	5.612e-10
1.089e+06	5.720e-10
1.090e+06	4.710e-10
1.091e+06	5.292e-10
1.091e+06	6.624e-10
1.092e+06	6.496e-10
1.093e+06	6.319e-10
1.093e+06	5.540e-10
1.094e+06	5.093e-10
1.095e+06	6.311e-10
1.095e+06	5.343e-10
1.096e+06	4.166e-10
1.097e+06	5.252e-10
1.097e+06	5.308e-10
1.098e+06	3.885e-10
1.099e+06	5.263e-10
1.099e+06	6.718e-10
1.100e+06	6.904e-10
1.101e+06	4.302e-10
1.101e+06	4.153e-10
1.102e+06	5.340e-10
1.103e+06	4.705e-10
1.103e+06	6.818e-10
1.104e+06	4.585e-10
1.105e+06	3.163e-10
1.105e+06	4.611e-10
1.106e+06	4.413e-10
1.107e+06	3.942e-10
1.107e+06	4.240e-10
1.108e+06	5.019e-10
1.109e+06	3.946e-10
1.109e+06	3.991e-10
1.110e+06	3.605e-10
1.111e+06	4.210e-10
1.111e+06	4.007e-10
1.112e+06	5.566e-10
1.113e+06	7.708e-10
1.113e+06	3.378e-10
1.114e+06	3.833e-10
1.115e+06	4.437e-10
1.115e+06	4.127e-10
1.116e+06	4.321e-10
1.117e+06	3.452e-10
1.117e+06	4.259e-10
1.118e+06	4.783e-10
1.119e+06	6.414e-10
1.119e+06	5.583e-10
1.120e+06	3.406e-10
1.121e+06	5.509e-10
1.121e+06	4.603e-10
1.122e+06	4.116e-10
1.123e+06	4.220e-10
1.123e+06	3.734e-10
1.124e+06	3.079e-10
1.125e+06	4.189e-10
1.125e+06	4.555e-10
1.126e+06	4.083e-10
1.127e+06	3.225e-10
1.127e+06	5.745e-10
1.128e+06	4.675e-10
1.129e+06	3.854e-10
1.129e+06	7.332e-10
1.130e+06	7.480e-10
1.131e+06	5.428e-10
1.131e+06	4.354e-10
1.132e+06	3.688e-10
1.133e+06	5.972e-10
1.133e+06	4.283e-10
1.134e+06	4.698e-10
1.135e+06	5.354e-10
1.135e+06	6.426e-10
1.136e+06	5.393e-10
1.137e+06	4.452e-10
1.137e+06	4.385e-10
1.138e+06	2.910e-10
1.139e+06	3.217e-10
1.139e+06	4.786e-10
1.140e+06	5.147e-10
1.141e+06	4.462e-10
1.141e+06	2.760e-10
1.142e+06	4.561e-10
1.143e+06	4.257e-10
1.143e+06	3.867e-10
1.144e+06	4.006e-10
1.145e+06	3.957e-10
1.145e+06	6.229e-10
1.146e+06	5.566e-10
1.147e+06	4.133e-10
1.147e+06	3.816e-10
1.148e+06	2.498e-10
1.149e+06	1.639e-10
1.149e+06	3.357e-10
1.150e+06	3.262e-10
1.151e+06	3.168e-10
1.151e+06	3.841e-10
1.152e+06	5.094e-10
1.153e+06	4.517e-10
1.153e+06	2.747e-10
1.154e+06	3.200e-10
1.155e+06	4.558e-10
1.155e+06	4.358e-10
1.156e+06	5.094e-10
1.157e+06	3.552e-10
1.157e+06	3.383e-10
1.158e+06	2.434e-10
1.159e+06	2.941e-10
1.159e+06	4.600e-10
1.160e+06	5.524e-10
1.161e+06	3.398e-10
1.161e+06	3.204e-10
1.162e+06	4.118e-10
1.163e+06	3.371e-10
1.163e+06	3.108e-10
1.164e+06	4.393e-10
1.165e+06	4.672e-10
1.165e+06	4.763e-10
1.166e+06	4.771e-10
1.167e+06	4.068e-10
1.167e+06	2.600e-10
1.168e+06	3.862e-10
1.169e+06	4.225e-10
1.169e+06	3.664e-10
1.170e+06	3.352e-10
1.171e+06	3.155e-10
1.171e+06	3.405e-10
1.172e+06	3.146e-10
1.173e+06	3.228e-10
1.173e+06	3.499e-10
1.174e+06	4.041e-10
1.175e+06	3.341e-10
1.175e+06	4.120e-10
1.176e+06	4.532e-10
1.177e+06	3.196e-10
1.177e+06	3.673e-10
1.178e+06	3.624e-10
1.179e+06	3.182e-10
1.179e+06	3.795e-10
1.180e+06	3.070e-10
1.181e+06	3.627e-10
1.181e+06	3.597e-10
1.182e+06	3.236e-10
1.183e+06	3.611e-10
1.183e+06	3.598e-10
1.184e+06	3.228e-10
1.185e+06	4.389e-10
1.185e+06	3.848e-10
1.186e+06	2.846e-10
1.187e+06	5.301e-10
1.187e+06	4.028e-10
1.188e+06	4.146e-10
1.189e+06	4.079e-10
1.189e+06	2.849e-10
1.190e+06	2.888e-10
1.191e+06	3.486e-10
1.191e+06	4.154e-10
1.192e+06	3.657e-10
1.193e+06	2.907e-10
1.193e+06	3.073e-10
1.194e+06	2.944e-10
1.195e+06	4.576e-10
1.195e+06	5.277e-10
1.196e+06	3.305e-10
1.197e+06	4.004e-10
1.197e+06	2.613e-10
1.198e+06	2.483e-10
1.199e+06	4.889e-10
1.199e+06	4.233e-10
1.200e+06	3.490e-10
1.201e+06	3.436e-10
1.201e+06	3.193e-10
1.202e+06	3.676e-10
1.203e+06	3.823e-10
1.203e+06	3.547e-10
1.204e+06	3.059e-10
1.205e+06	3.968e-10
1.205e+06	3.791e-10
1.206e+06	3.162e-10
1.207e+06	2.961e-10
1.207e+06	3.243e-10
1.208e+06	3.441e-10
1.209e+06	3.582e-10
1.209e+06	4.154e-10
1.210e+06	5.690e-10
1.211e+06	3.313e-10
1.211e+06	2.387e-10
1.212e+06	2.701e-10
1.213e+06	2.267e-10
1.213e+06	2.450e-10
1.214e+06	2.807e-10
1.215e+06	2.937e-10
1.215e+06	4.106e-10
1.216e+06	5.149e-10
1.217e+06	4.549e-10
1.217e+06	2.812e-10
1.218e+06	3.253e-10
1.219e+06	3.783e-10
1.219e+06	3.028e-10
1.220e+06	2.133e-10
1.221e+06	1.747e-10
1.221e+06	2.605e-10
1.222e+06	4.094e-10
1.223e+06	3.478e-10
1.223e+06	3.438e-10
1.224e+06	3.467e-10
1.225e+06	2.215e-10
1.225e+06	2.692e-10
1.226e+06	3.637e-10
1.227e+06	3.715e-10
1.227e+06	3.056e-10
1.228e+06	2.185e-10
1.229e+06	2.613e-10
1.229e+06	3.466e-10
1.230e+06	4.506e-10
1.231e+06	2.958e-10
1.231e+06	2.687e-10
1.232e+06	2.360e-10
1.233e+06	2.341e-10
1.233e+06	2.386e-10
1.234e+06	2.807e-10
1.235e+06	2.865e-10
1.235e+06	2.638e-10
1.236e+06	2.159e-10
1.237e+06	1.981e-10
1.237e+06	2.528e-10
1.238e+06	2.040e-10
1.239e+06	2.097e-10
1.239e+06	2.251e-10
1.240e+06	3.381e-10
1.241e+06	3.067e-10
1.241e+06	2.644e-10
1.242e+06	2.645e-10
1.243e+06	3.056e-10
1.243e+06	3.117e-10
1.244e+06	2.534e-10
1.245e+06	2.957e-10
1.245e+06	2.842e-10
1.246e+06	2.391e-10
1.247e+06	1.735e-10
1.247e+06	1.715e-10
1.248e+06	2.306e-10
1.249e+06	1.895e-10
1.249e+06	1.402e-10
1.250e+06	1.680e-10
1.251e+06	2.355e-10
1.251e+06	3.694e-10
1.252e+06	2.973e-10
1.253e+06	2.256e-10
1.253e+06	2.832e-10
1.254e+06	2.779e-10
1.255e+06	2.516e-10
1.255e+06	2.778e-10
1.256e+06	2.795e-10
1.257e+06	3.470e-10
1.257e+06	2.667e-10
1.258e+06	1.957e-10
1.259e+06	2.621e-10
1.259e+06	2.800e-10
1.260e+06	2.337e-10
1.261e+06	1.725e-10
1.261e+06	2.305e-10
1.262e+06	2.213e-10
1.263e+06	2.021e-10
1.263e+06	2.516e-10
1.264e+06	2.425e-10
1.265e+06	2.571e-10
1.265e+06	2.854e-10
1.266e+06	2.924e-10
1.267e+06	2.585e-10
1.267e+06	2.295e-10
1.268e+06	2.547e-10
1.269e+06	2.114e-10
1.269e+06	1.138e-10
1.270e+06	1.957e-10
1.271e+06	3.265e-10
1.271e+06	3.009e-10
1.272e+06	1.624e-10
1.273e+06	1.804e-10
1.273e+06	3.072e-10
1.274e+06	2.540e-10
1.275e+06	1.927e-10
1.275e+06	1.932e-10
1.276e+06	3.115e-10
1.277e+06	2.412e-10
1.277e+06	2.613e-10
1.278e+06	2.559e-10
1.279e+06	2.044e-10
1.279e+06	3.999e-10
1.280e+06	3.644e-10
1.281e+06	2.103e-10
1.281e+06	1.749e-10
1.282e+06	2.141e-10
1.283e+06	2.440e-10
1.283e+06	2.489e-10
1.284e+06	2.077e-10
1.285e+06	2.057e-10
1.285e+06	2.140e-10
1.286e+06	1.810e-10
1.287e+06	1.762e-10
1.287e+06	2.592e-10
1.288e+06	3.414e-10
1.289e+06	2.321e-10
1.289e+06	1.672e-10
1.290e+06	1.832e-10
1.291e+06	2.478e-10
1.291e+06	2.680e-10
1.292e+06	2.352e-10
1.293e+06	2.375e-10
1.293e+06	2.923e-10
1.294e+06	2.727e-10
1.295e+06	2.341e-10
1.295e+06	1.717e-10
1.296e+06	1.487e-10
1.297e+06	1.894e-10
1.297e+06	2.124e-10
1.298e+06	1.943e-10
1.299e+06	1.371e-10
1.299e+06	1.771e-10
1.300e+06	1.704e-10
1.301e+06	1.737e-10
1.301e+06	2.001e-10
1.302e+06	1.792e-10
1.303e+06	1.322e-10
1.303e+06	1.573e-10
1.304e+06	2.073e-10
1.305e+06	2.025e-10
1.305e+06	2.270e-10
1.306e+06	1.942e-10
1.307e+06	2.317e-10
1.307e+06	2.461e-10
1.308e+06	1.757e-10
1.309e+06	1.664e-10
1.309e+06	1.733e-10
1.310e+06	1.898e-10
1.311e+06	1.750e-10
1.311e+06	1.554e-10
1.312e+06	2.184e-10
1.313e+06	1.922e-10
1.313e+06	1.993e-10
1.314e+06	2.786e-10
1.315e+06	2.302e-10
1.315e+06	1.784e-10
1.316e+06	2.089e-10
1.317e+06	1.738e-10
1.317e+06	1.307e-10
1.318e+06	1.967e-10
1.319e+06	1.836e-10
1.319e+06	2.546e-10
1.320e+06	2.846e-10
1.321e+06	2.213e-10
1.321e+06	2.030e-10
1.322e+06	1.682e-10
1.323e+06	1.998e-10
1.323e+06	1.766e-10
1.324e+06	1.676e-10
1.325e+06	2.051e-10
1.325e+06	1.702e-10
1.326e+06	2.355e-10
1.327e+06	2.075e-10
1.327e+06	2.170e-10
1.328e+06	2.446e-10
1.329e+06	1.795e-10
1.329e+06	1.812e-10
1.330e+06	1.686e-10
1.331e+06	2.748e-10
1.331e+06	2.526e-10
1.332e+06	1.761e-10
1.333e+06	1.662e-10
1.333e+06	1.602e-10
1.334e+06	1.664e-10
1.335e+06	2.373e-10
1.335e+06	2.823e-10
1.336e+06	2.081e-10
1.337e+06	1.744e-10
1.337e+06	2.205e-10
1.338e+06	2.221e-10
1.339e+06	1.792e-10
1.339e+06	2.567e-10
1.340e+06	2.523e-10
1.341e+06	1.814e-10
1.341e+06	2.690e-10
1.342e+06	1.905e-10
1.343e+06	1.255e-10
1.343e+06	1.881e-10
1.344e+06	1.885e-10
1.345e+06	1.164e-10
1.345e+06	1.220e-10
1.346e+06	1.330e-10
1.347e+06	1.770e-10
1.347e+06	1.908e-10
1.348e+06	1.714e-10
1.349e+06	1.765e-10
1.349e+06	1.850e-10
1.350e+06	1.368e-10
1.351e+06	2.086e-10
1.351e+06	1.814e-10
1.352e+06	1.858e-10
1.353e+06	2.325e-10
1.353e+06	1.825e-10
1.354e+06	1.833e-10
1.355e+06	1.601e-10
1.355e+06	1.895e-10
1.356e+06	1.917e-10
1.357e+06	2.219e-10
1.357e+06	1.648e-10
1.358e+06	1.672e-10
1.359e+06	1.358e-10
1.359e+06	1.474e-10
1.360e+06	1.611e-10
1.361e+06	1.639e-10
1.361e+06	1.281e-10
1.362e+06	1.662e-10
1.363e+06	2.467e-10
1.363e+06	2.290e-10
1.364e+06	1.573e-10
1.365e+06	1.890e-10
1.365e+06	1.885e-10
1.366e+06	1.417e-10
1.367e+06	1.387e-10
1.367e+06	1.435e-10
1.368e+06	1.663e-10
1.369e+06	1.820e-10
1.369e+06	1.085e-10
1.370e+06	1.769e-10
1.371e+06	2.256e-10
1.371e+06	1.398e-10
1.372e+06	1.491e-10
1.373e+06	1.018e-10
1.373e+06	1.476e-10
1.374e+06	1.909e-10
1.375e+06	2.401e-10
1.375e+06	2.265e-10
1.376e+06	2.502e-10
1.377e+06	1.595e-10
1.377e+06	1.515e-10
1.378e+06	1.738e-10
1.379e+06	1.854e-10
1.379e+06	1.866e-10
1.380e+06	1.648e-10
1.381e+06	1.493e-10
1.381e+06	1.446e-10
1.382e+06	1.131e-10
1.383e+06	1.225e-10
1.383e+06	1.070e-10
1.384e+06	1.091e-10
1.385e+06	1.720e-10
1.385e+06	1.929e-10
1.386e+06	1.034e-10
1.387e+06	9.521e-11
1.387e+06	1.445e-10
1.388e+06	1.664e-10
1.389e+06	1.215e-10
1.389e+06	1.110e-10
1.390e+06	1.427e-10
1.391e+06	1.749e-10
1.391e+06	1.188e-10
1.392e+06	9.354e-11
1.393e+06	1.362e-10
1.393e+06	1.955e-10
1.394e+06	1.794e-10
1.395e+06	9.081e-11
1.395e+06	7.624e-11
1.396e+06	1.388e-10
1.397e+06	2.014e-10
1.397e+06	2.212e-10
1.398e+06	2.252e-10
1.399e+06	1.471e-10
1.399e+06	1.281e-10
1.400e+06	1.554e-10
1.401e+06	1.503e-10
1.401e+06	1.261e-10
1.402e+06	1.094e-10
1.403e+06	1.086e-10
1.403e+06	1.259e-10
1.404e+06	1.147e-10
1.405e+06	1.079e-10
1.405e+06	1.256e-10
1.406e+06	1.359e-10
1.407e+06	1.507e-10
1.407e+06	1.577e-10
1.408e+06	1.818e-10
1.409e+06	1.440e-10
1.409e+06	1.248e-10
1.410e+06	8.811e-11
1.411e+06	7.819e-11
1.411e+06	1.221e-10
1.412e+06	1.047e-10
1.413e+06	1.112e-10
1.413e+06	1.042e-10
1.414e+06	1.034e-10
1.415e+06	1.193e-10
1.415e+06	1.842e-10
1.416e+06	1.656e-10
1.417e+06	1.067e-10
1.417e+06	1.131e-10
1.418e+06	1.044e-10
1.419e+06	1.034e-10
1.419e+06	1.289e-10
1.420e+06	1.868e-10
1.421e+06	1.409e-10
1.421e+06	1.478e-10
1.422e+06	1.232e-10
1.423e+06	1.268e-10
1.423e+06	1.375e-10
1.424e+06	1.725e-10
1.425e+06	1.385e-10
1.425e+06	1.294e-10
1.426e+06	1.431e-10
1.427e+06	1.683e-10
1.427e+06	1.388e-10
1.428e+06	9.124e-11
1.429e+06	1.301e-10
1.429e+06	1.184e-10
1.430e+06	8.201e-11
1.431e+06	1.006e-10
1.431e+06	1.225e-10
1.432e+06	1.207e-10
1.433e+06	8.165e-11
1.433e+06	1.111e-10
1.434e+06	9.946e-11
1.435e+06	8.654e-11
1.435e+06	1.122e-10
1.436e+06	1.172e-10
1.437e+06	6.492e-11
1.437e+06	8.378e-11
1.438e+06	1.032e-10
1.439e+06	9.996e-11
1.439e+06	8.988e-11
1.440e+06	1.269e-10
1.441e+06	1.231e-10
1.441e+06	7.840e-11
1.442e+06	1.450e-10
1.443e+06	1.397e-10
1.443e+06	1.434e-10
1.444e+06	1.322e-10
1.445e+06	1.050e-10
1.445e+06	1.233e-10
1.446e+06	1.269e-10
1.447e+06	9.842e-11
1.447e+06	8.604e-11
1.448e+06	1.157e-10
1.449e+06	1.039e-10
1.449e+06	7.785e-11
1.450e+06	7.004e-11
1.451e+06	1.166e-10
1.451e+06	1.114e-10
1.452e+06	8.502e-11
1.453e+06	5.966e-11
1.453e+06	1.043e-10
1.454e+06	1.566e-10
1.455e+06	1.240e-10
1.455e+06	1.111e-10
1.456e+06	1.076e-10
1.457e+06	1.219e-10
1.457e+06	1.147e-10
1.458e+06	8.819e-11
1.459e+06	8.722e-11
1.459e+06	7.832e-11
1.460e+06	8.516e-11
1.461e+06	6.954e-11
1.461e+06	7.813e-11
1.462e+06	9.995e-11
1.463e+06	1.012e-10
1.463e+06	8.724e-11
1.464e+06	1.146e-10
1.465e+06	1.015e-10
1.465e+06	8.611e-11
1.466e+06	1.056e-10
1.467e+06	8.773e-11
1.467e+06	9.606e-11
1.468e+06	8.346e-11
1.469e+06	1.021e-10
1.469e+06	1.218e-10
1.470e+06	4.742e-11
1.471e+06	5.708e-11
1.471e+06	1.163e-10
1.472e+06	9.788e-11
1.473e+06	8.791e-11
1.473e+06	8.026e-11
1.474e+06	9.683e-11
1.475e+06	1.372e-10
1.475e+06	1.438e-10
1.476e+06	9.262e-11
1.477e+06	7.567e-11
1.477e+06	8.742e-11
1.478e+06	7.326e-11
1.479e+06	6.557e-11
1.479e+06	6.128e-11
1.480e+06	4.401e-11
1.481e+06	8.743e-11
1.481e+06	1.346e-10
1.482e+06	1.049e-10
1.483e+06	8.007e-11
1.483e+06	8.428e-11
1.484e+06	8.425e-11
1.485e+06	8.219e-11
1.485e+06	6.929e-11
1.486e+06	7.610e-11
1.487e+06	8.598e-11
1.487e+06	1.041e-10
1.488e+06	6.870e-11
1.489e+06	7.013e-11
1.489e+06	7.566e-11
1.490e+06	6.705e-11
1.491e+06	1.037e-10
1.491e+06	1.157e-10
1.492e+06	7.855e-11
1.493e+06	6.970e-11
1.493e+06	6.616e-11
1.494e+06	7.487e-11
1.495e+06	8.922e-11
1.495e+06	9.922e-11
1.496e+06	7.274e-11
1.497e+06	6.552e-11
1.497e+06	5.525e-11
1.498e+06	6.747e-11
1.499e+06	7.884e-11
1.499e+06	7.847e-11
1.500e+06	8.000e-11
1.501e+06	7.685e-11
1.501e+06	6.321e-11
1.502e+06	9.855e-11
1.503e+06	1.042e-10
1.503e+06	8.998e-11
1.504e+06	8.601e-11
1.505e+06	7.186e-11
1.505e+06	6.906e-11
1.506e+06	6.324e-11
1.507e+06	8.504e-11
1.507e+06	1.064e-10
1.508e+06	9.824e-11
1.509e+06	7.956e-11
1.509e+06	7.022e-11
1.510e+06	6.385e-11
1.511e+06	8.718e-11
1.511e+06	8.807e-11
1.512e+06	5.866e-11
1.513e+06	6.712e-11
1.513e+06	1.031e-10
1.514e+06	8.121e-11
1.515e+06	6.936e-11
1.515e+06	8.380e-11
1.516e+06	7.398e-11
1.517e+06	7.644e-11
1.517e+06	7.489e-11
1.518e+06	7.821e-11
1.519e+06	6.346e-11
1.519e+06	7.079e-11
1.520e+06	6.355e-11
1.521e+06	5.463e-11
1.521e+06	6.668e-11
1.522e+06	6.569e-11
1.523e+06	5.926e-11
1.523e+06	5.696e-11
1.524e+06	7.213e-11
1.525e+06	8.462e-11
1.525e+06	8.881e-11
1.526e+06	7.339e-11
1.527e+06	6.128e-11
1.527e+06	5.581e-11
1.528e+06	6.196e-11
1.529e+06	6.008e-11
1.529e+06	4.490e-11
1.530e+06	6.650e-11
1.531e+06	8.493e-11
1.531e+06	5.726e-11
1.532e+06	6.643e-11
1.533e+06	7.105e-11
1.533e+06	7.695e-11
1.534e+06	6.418e-11
1.535e+06	5.465e-11
1.535e+06	4.635e-11
1.536e+06	6.607e-11
1.537e+06	7.493e-11
1.537e+06	5.597e-11
1.538e+06	6.527e-11
1.539e+06	8.013e-11
1.539e+06	6.059e-11
1.540e+06	1.109e-10
1.541e+06	1.251e-10
1.541e+06	7.246e-11
1.542e+06	5.107e-11
1.543e+06	5.033e-11
1.543e+06	5.022e-11
1.544e+06	5.059e-11
1.545e+06	5.470e-11
1.545e+06	6.003e-11
1.546e+06	5.920e-11
1.547e+06	5.598e-11
1.547e+06	3.492e-11
1.548e+06	3.345e-11
1.549e+06	4.953e-11
1.549e+06	4.432e-11
1.550e+06	4.347e-11
1.551e+06	5.580e-11
1.551e+06	7.284e-11
1.552e+06	6.408e-11
1.553e+06	4.721e-11
1.553e+06	4.931e-11
1.554e+06	5.250e-11
1.555e+06	5.615e-11
1.555e+06	6.257e-11
1.556e+06	4.935e-11
1.557e+06	5.133e-11
1.557e+06	4.840e-11
1.558e+06	5.518e-11
1.559e+06	5.394e-11
1.559e+06	6.653e-11
1.560e+06	5.808e-11
1.561e+06	5.284e-11
1.561e+06	6.302e-11
1.562e+06	7.957e-11
1.563e+06	5.994e-11
1.563e+06	4.579e-11
1.564e+06	7.063e-11
1.565e+06	7.934e-11
1.565e+06	5.157e-11
1.566e+06	5.532e-11
1.567e+06	7.250e-11
1.567e+06	6.921e-11
1.568e+06	4.938e-11
1.569e+06	5.302e-11
1.569e+06	6.078e-11
1.570e+06	6.764e-11
1.571e+06	4.848e-11
1.571e+06	3.810e-11
1.572e+06	3.548e-11
1.573e+06	4.585e-11
1.573e+06	5.940e-11
1.574e+06	5.087e-11
1.575e+06	3.849e-11
1.575e+06	3.949e-11
1.576e+06	5.536e-11
1.577e+06	5.355e-11
1.577e+06	5.680e-11
1.578e+06	7.617e-11
1.579e+06	5.481e-11
1.579e+06	5.986e-11
1.580e+06	8.446e-11
1.581e+06	5.396e-11
1.581e+06	4.545e-11
1.582e+06	6.770e-11
1.583e+06	6.857e-11
1.583e+06	4.442e-11
1.584e+06	4.989e-11
1.585e+06	6.002e-11
1.585e+06	4.651e-11
1.586e+06	5.217e-11
1.587e+06	4.257e-11
1.587e+06	5.464e-11
1.588e+06	5.309e-11
1.589e+06	6.352e-11
1.589e+06	5.894e-11
1.590e+06	5.039e-11
1.591e+06	6.636e-11
1.591e+06	7.365e-11
1.592e+06	5.444e-11
1.593e+06	5.283e-11
1.593e+06	6.001e-11
1.594e+06	4.420e-11
1.595e+06	5.335e-11
1.595e+06	4.704e-11
1.596e+06	4.261e-11
1.597e+06	4.308e-11
1.597e+06	5.154e-11
1.598e+06	4.618e-11
1.599e+06	4.495e-11
1.599e+06	4.839e-11
1.600e+06	4.192e-11
1.601e+06	4.946e-11
1.601e+06	5.811e-11
1.602e+06	5.809e-11
1.603e+06	5.213e-11
1.603e+06	3.969e-11
1.604e+06	5.739e-11
1.605e+06	5.636e-11
1.605e+06	5.324e-11
1.606e+06	5.919e-11
1.607e+06	4.938e-11
1.607e+06	2.738e-11
1.608e+06	3.829e-11
1.609e+06	4.610e-11
1.609e+06	4.652e-11
1.610e+06	4.777e-11
1.611e+06	5.982e-11
1.611e+06	5.455e-11
1.612e+06	6.050e-11
1.613e+06	8.002e-11
1.613e+06	5.270e-11
1.614e+06	6.062e-11
1.615e+06	7.168e-11
1.615e+06	5.525e-11
1.616e+06	3.900e-11
1.617e+06	3.994e-11
1.617e+06	3.621e-11
1.618e+06	3.967e-11
1.619e+06	4.219e-11
1.619e+06	4.101e-11
1.620e+06	2.918e-11
1.621e+06	3.521e-11
1.621e+06	2.992e-11
1.622e+06	4.056e-11
1.623e+06	2.732e-11
1.623e+06	3.970e-11
1.624e+06	3.134e-11
1.625e+06	3.429e-11
1.625e+06	3.326e-11
1.626e+06	3.891e-11
1.627e+06	4.002e-11
1.627e+06	4.128e-11
1.628e+06	5.626e-11
1.629e+06	7.135e-11
1.629e+06	4.713e-11
1.630e+06	4.563e-11
1.631e+06	4.366e-11
1.631e+06	4.854e-11
1.632e+06	4.880e-11
1.633e+06	2.432e-11
1.633e+06	2.479e-11
1.634e+06	4.143e-11
1.635e+06	5.001e-11
1.635e+06	5.813e-11
1.636e+06	6.270e-11
1.637e+06	5.998e-11
1.637e+06	6.984e-11
1.638e+06	7.342e-11
1.639e+06	6.234e-11
1.639e+06	4.410e-11
1.640e+06	3.951e-11
1.641e+06	3.942e-11
1.641e+06	3.649e-11
1.642e+06	3.702e-11
1.643e+06	3.844e-11
1.643e+06	3.499e-11
1.644e+06	6.127e-11
1.645e+06	5.793e-11
1.645e+06	3.905e-11
1.646e+06	4.915e-11
1.647e+06	4.147e-11
1.647e+06	3.272e-11
1.648e+06	4.544e-11
1.649e+06	4.578e-11
1.649e+06	4.016e-11
1.650e+06	4.758e-11
1.651e+06	3.581e-11
1.651e+06	3.337e-11
1.652e+06	3.827e-11
1.653e+06	4.218e-11
1.653e+06	4.841e-11
1.654e+06	3.710e-11
1.655e+06	4.713e-11
1.655e+06	5.385e-11
1.656e+06	3.953e-11
1.657e+06	5.269e-11
1.657e+06	5.280e-11
1.658e+06	5.355e-11
1.659e+06	3.635e-11
1.659e+06	3.415e-11
1.660e+06	5.613e-11
1.661e+06	5.232e-11
1.661e+06	6.259e-11
1.662e+06	5.868e-11
1.663e+06	4.279e-11
1.663e+06	3.721e-11
1.664e+06	5.371e-11
1.665e+06	4.330e-11
1.665e+06	3.795e-11
1.666e+06	4.586e-11
1.667e+06	4.070e-11
1.667e+06	3.729e-11
1.668e+06	3.538e-11
1.669e+06	3.127e-11
1.669e+06	4.245e-11
1.670e+06	5.261e-11
1.671e+06	4.347e-11
1.671e+06	3.720e-11
1.672e+06	4.295e-11
1.673e+06	4.938e-11
1.673e+06	3.532e-11
1.674e+06	2.339e-11
1.675e+06	3.350e-11
1.675e+06	3.935e-11
1.676e+06	1.904e-11
1.677e+06	2.542e-11
1.677e+06	3.301e-11
1.678e+06	2.407e-11
1.679e+06	3.095e-11
1.679e+06	2.552e-11
1.680e+06	1.922e-11
1.681e+06	3.568e-11
1.681e+06	4.052e-11
1.682e+06	4.371e-11
1.683e+06	5.257e-11
1.683e+06	3.406e-11
1.684e+06	2.845e-11
1.685e+06	4.083e-11
1.685e+06	5.019e-11
1.686e+06	3.871e-11
1.687e+06	2.853e-11
1.687e+06	4.581e-11
1.688e+06	5.276e-11
1.689e+06	3.926e-11
1.689e+06	3.220e-11
1.690e+06	3.408e-11
1.691e+06	2.483e-11
1.691e+06	3.161e-11
1.692e+06	3.622e-11
1.693e+06	4.704e-11
1.693e+06	3.898e-11
1.694e+06	3.841e-11
1.695e+06	2.139e-11
1.695e+06	2.776e-11
1.696e+06	3.765e-11
1.697e+06	3.986e-11
1.697e+06	3.329e-11
1.698e+06	3.734e-11
1.699e+06	3.671e-11
1.699e+06	3.212e-11
1.700e+06	5.989e-11
1.701e+06	6.488e-11
1.701e+06	3.451e-11
1.702e+06	1.733e-11
1.703e+06	2.596e-11
1.703e+06	3.864e-11
1.704e+06	4.209e-11
1.705e+06	3.633e-11
1.705e+06	4.906e-11
1.706e+06	4.697e-11
1.707e+06	4.695e-11
1.707e+06	5.030e-11
1.708e+06	5.160e-11
1.709e+06	4.475e-11
1.709e+06	4.256e-11
1.710e+06	3.939e-11
1.711e+06	4.863e-11
1.711e+06	3.387e-11
1.712e+06	4.105e-11
1.713e+06	3.344e-11
1.713e+06	3.454e-11
1.714e+06	3.552e-11
1.715e+06	2.944e-11
1.715e+06	2.700e-11
1.716e+06	3.016e-11
1.717e+06	2.772e-11
1.717e+06	2.797e-11
1.718e+06	2.950e-11
1.719e+06	3.212e-11
1.719e+06	3.497e-11
1.720e+06	2.099e-11
1.721e+06	2.294e-11
1.721e+06	3.274e-11
1.722e+06	5.180e-11
1.723e+06	4.485e-11
1.723e+06	4.515e-11
1.724e+06	3.589e-11
1.725e+06	3.559e-11
1.725e+06	3.413e-11
1.726e+06	3.069e-11
1.727e+06	3.633e-11
1.727e+06	3.767e-11
1.728e+06	3.606e-11
1.729e+06	2.774e-11
1.729e+06	2.583e-11
1.730e+06	2.891e-11
1.731e+06	2.379e-11
1.731e+06	3.411e-11
1.732e+06	5.571e-11
1.733e+06	4.482e-11
1.733e+06	2.650e-11
1.734e+06	2.915e-11
1.735e+06	4.056e-11
1.735e+06	3.334e-11
1.736e+06	2.719e-11
1.737e+06	2.531e-11
1.737e+06	2.874e-11
1.738e+06	2.629e-11
1.739e+06	3.824e-11
1.739e+06	4.943e-11
1.740e+06	3.743e-11
1.741e+06	3.763e-11
1.741e+06	3.531e-11
1.742e+06	3.143e-11
1.743e+06	2.300e-11
1.743e+06	2.792e-11
1.744e+06	2.672e-11
1.745e+06	2.596e-11
1.745e+06	3.458e-11
1.746e+06	5.060e-11
1.747e+06	3.520e-11
1.747e+06	3.127e-11
1.748e+06	3.275e-11
1.749e+06	2.416e-11
1.749e+06	2.867e-11
1.750e+06	4.633e-11
1.751e+06	3.417e-11
1.751e+06	2.266e-11
1.752e+06	2.127e-11
1.753e+06	3.690e-11
1.753e+06	4.180e-11
1.754e+06	3.503e-11
1.755e+06	2.809e-11
1.755e+06	2.719e-11
1.756e+06	2.837e-11
1.757e+06	3.588e-11
1.757e+06	3.625e-11
1.758e+06	3.621e-11
1.759e+06	2.803e-11
1.759e+06	3.840e-11
1.760e+06	2.526e-11
1.761e+06	1.166e-11
1.761e+06	2.965e-11
1.762e+06	3.643e-11
1.763e+06	4.182e-11
1.763e+06	3.705e-11
1.764e+06	2.158e-11
1.765e+06	2.190e-11
1.765e+06	2.909e-11
1.766e+06	2.728e-11
1.767e+06	3.008e-11
1.767e+06	2.548e-11
1.768e+06	2.361e-11
1.769e+06	3.341e-11
1.769e+06	4.161e-11
1.770e+06	4.650e-11
1.771e+06	3.479e-11
1.771e+06	3.121e-11
1.772e+06	2.310e-11
1.773e+06	1.651e-11
1.773e+06	1.797e-11
1.774e+06	2.477e-11
1.775e+06	3.653e-11
1.775e+06	4.204e-11
1.776e+06	1.536e-11
1.777e+06	1.414e-11
1.777e+06	2.598e-11
1.778e+06	4.296e-11
1.779e+06	4.199e-11
1.779e+06	2.107e-11
1.780e+06	2.021e-11
1.781e+06	2.137e-11
1.781e+06	2.082e-11
1.782e+06	3.240e-11
1.783e+06	3.400e-11
1.783e+06	2.292e-11
1.784e+06	1.661e-11
1.785e+06	3.254e-11
1.785e+06	4.454e-11
1.786e+06	3.275e-11
1.787e+06	2.460e-11
1.787e+06	3.338e-11
1.788e+06	3.565e-11
1.789e+06	2.349e-11
1.789e+06	3.203e-11
1.790e+06	4.112e-11
1.791e+06	2.880e-11
1.791e+06	3.326e-11
1.792e+06	3.780e-11
1.793e+06	3.591e-11
1.793e+06	2.791e-11
1.794e+06	1.945e-11
1.795e+06	2.150e-11
1.795e+06	2.374e-11
1.796e+06	2.401e-11
1.797e+06	2.936e-11
1.797e+06	2.135e-11
1.798e+06	3.549e-11
1.799e+06	3.837e-11
1.799e+06	3.148e-11
1.800e+06	3.174e-11
1.801e+06	2.847e-11
1.801e+06	2.123e-11
1.802e+06	2.192e-11
1.803e+06	2.041e-11
1.803e+06	1.852e-11
1.804e+06	2.378e-11
1.805e+06	2.806e-11
1.805e+06	2.736e-11
1.806e+06	1.765e-11
1.807e+06	1.920e-11
1.807e+06	2.465e-11
1.808e+06	3.071e-11
1.809e+06	2.074e-11
1.809e+06	2.743e-11
1.810e+06	3.150e-11
1.811e+06	3.368e-11
1.811e+06	3.337e-11
1.812e+06	3.008e-11
1.813e+06	2.124e-11
1.813e+06	2.125e-11
1.814e+06	2.715e-11
1.815e+06	2.699e-11
1.815e+06	2.726e-11
1.816e+06	2.699e-11
1.817e+06	2.677e-11
1.817e+06	3.056e-11
1.818e+06	3.206e-11
1.819e+06	2.775e-11
1.819e+06	3.116e-11
1.820e+06	3.631e-11
1.821e+06	2.676e-11
1.821e+06	2.092e-11
1.822e+06	2.353e-11
1.823e+06	2.735e-11
1.823e+06	3.464e-11
1.824e+06	3.515e-11
1.825e+06	2.385e-11
1.825e+06	2.031e-11
1.826e+06	2.411e-11
1.827e+06	2.063e-11
1.827e+06	1.922e-11
1.828e+06	2.022e-11
1.829e+06	2.089e-11
1.829e+06	2.172e-11
1.830e+06	1.688e-11
1.831e+06	1.793e-11
1.831e+06	1.687e-11
1.832e+06	1.946e-11
1.833e+06	1.971e-11
1.833e+06	2.107e-11
1.834e+06	3.261e-11
1.835e+06	2.784e-11
1.835e+06	2.401e-11
1.836e+06	2.882e-11
1.837e+06	2.360e-11
1.837e+06	2.239e-11
1.838e+06	3.019e-11
1.839e+06	3.242e-11
1.839e+06	3.504e-11
1.840e+06	2.782e-11
1.841e+06	2.376e-11
1.841e+06	3.203e-11
1.842e+06	4.452e-11
1.843e+06	3.697e-11
1.843e+06	1.795e-11
1.844e+06	2.375e-11
1.845e+06	2.107e-11
1.845e+06	1.751e-11
1.846e+06	1.497e-11
1.847e+06	2.377e-11
1.847e+06	2.914e-11
1.848e+06	3.156e-11
1.849e+06	2.856e-11
1.849e+06	2.190e-11
1.850e+06	1.782e-11
1.851e+06	2.632e-11
1.851e+06	2.922e-11
1.852e+06	1.829e-11
1.853e+06	1.991e-11
1.853e+06	2.474e-11
1.854e+06	2.644e-11
1.855e+06	3.023e-11
1.855e+06	2.175e-11
1.856e+06	1.709e-11
1.857e+06	1.554e-11
1.857e+06	2.765e-11
1.858e+06	3.022e-11
1.859e+06	2.386e-11
1.859e+06	2.962e-11
1.860e+06	2.696e-11
1.861e+06	2.273e-11
1.861e+06	2.672e-11
1.862e+06	2.978e-11
1.863e+06	2.365e-11
1.863e+06	1.901e-11
1.864e+06	1.886e-11
1.865e+06	1.961e-11
1.865e+06	1.865e-11
1.866e+06	1.966e-11
1.867e+06	2.022e-11
1.867e+06	1.687e-11
1.868e+06	2.898e-11
1.869e+06	1.894e-11
1.869e+06	1.612e-11
1.870e+06	1.978e-11
1.871e+06	3.226e-11
1.871e+06	3.218e-11
1.872e+06	3.112e-11
1.873e+06	2.601e-11
1.873e+06	2.467e-11
1.874e+06	2.161e-11
1.875e+06	2.025e-11
1.875e+06	1.728e-11
1.876e+06	3.161e-11
1.877e+06	2.206e-11
1.877e+06	1.230e-11
1.878e+06	1.885e-11
1.879e+06	2.132e-11
1.879e+06	2.222e-11
1.880e+06	1.524e-11
1.881e+06	1.611e-11
1.881e+06	1.824e-11
1.882e+06	2.440e-11
1.883e+06	2.231e-11
1.883e+06	2.124e-11
1.884e+06	2.183e-11
1.885e+06	1.953e-11
1.885e+06	2.097e-11
1.886e+06	1.693e-11
1.887e+06	1.700e-11
1.887e+06	1.591e-11
1.888e+06	1.393e-11
1.889e+06	1.567e-11
1.889e+06	2.834e-11
1.890e+06	2.973e-11
1.891e+06	1.606e-11
1.891e+06	1.451e-11
1.892e+06	1.680e-11
1.893e+06	2.006e-11
1.893e+06	2.237e-11
1.894e+06	2.784e-11
1.895e+06	2.884e-11
1.895e+06	2.069e-11
1.896e+06	2.433e-11
1.897e+06	2.127e-11
1.897e+06	1.688e-11
1.898e+06	1.803e-11
1.899e+06	2.165e-11
1.899e+06	2.356e-11
1.900e+06	2.352e-11
1.901e+06	1.937e-11
1.901e+06	2.623e-11
1.902e+06	2.232e-11
1.903e+06	1.523e-11
1.903e+06	1.689e-11
1.904e+06	3.341e-11
1.905e+06	2.210e-11
1.905e+06	2.034e-11
1.906e+06	1.572e-11
1.907e+06	1.451e-11
1.907e+06	1.350e-11
1.908e+06	1.786e-11
1.909e+06	1.974e-11
1.909e+06	2.392e-11
1.910e+06	1.984e-11
1.911e+06	2.260e-11
1.911e+06	1.985e-11
1.912e+06	2.103e-11
1.913e+06	2.491e-11
1.913e+06	1.215e-11
1.914e+06	1.286e-11
1.915e+06	2.673e-11
1.915e+06	2.813e-11
1.916e+06	1.663e-11
1.917e+06	1.623e-11
1.917e+06	2.527e-11
1.918e+06	2.597e-11
1.919e+06	2.014e-11
1.919e+06	1.985e-11
1.920e+06	2.069e-11
1.921e+06	2.670e-11
1.921e+06	3.450e-11
1.922e+06	2.413e-11
1.923e+06	1.403e-11
1.923e+06	1.343e-11
1.924e+06	1.490e-11
1.925e+06	1.405e-11
1.925e+06	2.342e-11
1.926e+06	2.123e-11
1.927e+06	2.257e-11
1.927e+06	3.209e-11
1.928e+06	1.999e-11
1.929e+06	1.522e-11
1.929e+06	1.514e-11
1.930e+06	1.489e-11
1.931e+06	2.195e-11
1.931e+06	2.088e-11
1.932e+06	1.459e-11
1.933e+06	1.603e-11
1.933e+06	1.680e-11
1.934e+06	1.977e-11
1.935e+06	2.169e-11
1.935e+06	2.053e-11
1.936e+06	1.653e-11
1.937e+06	1.571e-11
1.937e+06	1.491e-11
1.938e+06	1.576e-11
1.939e+06	1.245e-11
1.939e+06	1.346e-11
1.940e+06	2.028e-11
1.941e+06	2.428e-11
1.941e+06	2.054e-11
1.942e+06	1.062e-11
1.943e+06	1.315e-11
1.943e+06	1.628e-11
1.944e+06	1.657e-11
1.945e+06	1.886e-11
1.945e+06	2.333e-11
1.946e+06	1.601e-11
1.947e+06	1.714e-11
1.947e+06	1.981e-11
1.948e+06	1.779e-11
1.949e+06	2.209e-11
1.949e+06	2.665e-11
1.950e+06	1.720e-11
1.951e+06	1.905e-11
1.951e+06	1.518e-11
1.952e+06	2.218e-11
1.953e+06	2.987e-11
1.953e+06	2.211e-11
1.954e+06	2.701e-11
1.955e+06	2.566e-11
1.955e+06	1.962e-11
1.956e+06	2.117e-11
1.957e+06	1.644e-11
1.957e+06	1.056e-11
1.958e+06	2.518e-11
1.959e+06	1.839e-11
1.959e+06	1.707e-11
1.960e+06	2.223e-11
1.961e+06	1.996e-11
1.961e+06	2.210e-11
1.962e+06	1.777e-11
1.963e+06	1.064e-11
1.963e+06	1.884e-11
1.964e+06	1.435e-11
1.965e+06	9.423e-12
1.965e+06	1.041e-11
1.966e+06	1.795e-11
1.967e+06	2.016e-11
1.967e+06	1.839e-11
1.968e+06	2.219e-11
1.969e+06	1.976e-11
1.969e+06	2.426e-11
1.970e+06	3.647e-11
1.971e+06	3.102e-11
1.971e+06	2.654e-11
1.972e+06	2.807e-11
1.973e+06	1.098e-11
1.973e+06	1.752e-11
1.974e+06	2.288e-11
1.975e+06	1.587e-11
1.975e+06	2.076e-11
1.976e+06	1.610e-11
1.977e+06	1.206e-11
1.977e+06	1.911e-11
1.978e+06	2.144e-11
1.979e+06	2.268e-11
1.979e+06	2.062e-11
1.980e+06	2.003e-11
1.981e+06	2.017e-11
1.981e+06	1.554e-11
1.982e+06	1.933e-11
1.983e+06	2.681e-11
1.983e+06	2.876e-11
1.984e+06	2.111e-11
1.985e+06	2.193e-11
1.985e+06	2.209e-11
1.986e+06	1.777e-11
1.987e+06	1.118e-11
1.987e+06	9.442e-12
1.988e+06	1.653e-11
1.989e+06	1.589e-11
1.989e+06	1.431e-11
1.990e+06	1.240e-11
1.991e+06	1.228e-11
1.991e+06	1.837e-11
1.992e+06	1.720e-11
1.993e+06	1.482e-11
1.993e+06	1.629e-11
1.994e+06	1.632e-11
1.995e+06	1.651e-11
1.995e+06	1.514e-11
1.996e+06	1.742e-11
1.997e+06	1.480e-11
1.997e+06	1.418e-11
1.998e+06	1.345e-11
1.999e+06	1.211e-11
1.999e+06	2.011e-11
2.000e+06	2.359e-11
